insert;seq;offset;largura;coluna;ref_notice;formato;nome_notice;ancora_spool;confianca;oraculo;exemplos;expressao_spool
1;1;0;8;P1_H_0_1;0.1 (P1);DATE;Date d'arrêté;;MEDIA;ok;20250630;to_char(C_ENR.dt_arrete, 'YYYYMMDD')
1;2;8;5;P1_H_0_2;0.2 (P1);ALPHA;Entité Porteuse de Risques;;MEDIA;ok;00357 / 00370;RPAD(NVL(C_ENR.CD_CONSO_CPT,' '), 5)
1;3;13;12;P1_H_0_3;0.3 (P1);ALPHA;Application source;;MEDIA;ok;C_BTR       ;RPAD(NVL(C_ENR.APPLI_SOURCE,'C_BTR'), 12)
1;4;25;1;P1_H_0_4;0.4 (P1);ALPHA;Fréquence de transmission;;MEDIA;ok;M;'M'
1;5;26;12;P1_H_0_5;0.5 (P1);ALPHA;Date et Heure de traitement;;MEDIA;ok;202608241214;:MASYSDATE
1;6;38;2;P1_H_0_6;0.6 (P1);ALPHA;Type d'enregistrement;;MEDIA;ok;P1;'P1'
1;;40;10;P1_H_0_7;0.7 (P1);ALPHA;Nature de flux (Zone réservée DRG);;FILLER;vazio;;RPAD(' ', 10)
1;7;50;20;P1_H_1_1;1.1 (P1);ALPHA;Identifiant local du tiers en risque;;MEDIA;ok;EN1001720            / EN100438            ;RPAD(NVL(C_ENR.ID_TIERS_CALC, ' '), 20)
1;;70;10;P1_H_1_2;1.2 (P1);ALPHA;Identifiant central du tiers en risque;;FILLER;vazio;;RPAD(' ', 10)
1;8;80;30;P1_H_1_4;1.4 (P1);ALPHA;Référence de l'Autorisation Mise En Place;;MEDIA;ok;F1-*0019                       / F1200622-M0                   ;RPAD(NVL(C_ENR.ID_AUTORISATION, ' '), 30)
1;9;110;30;P1_H_1_6;1.6 (P1);ALPHA;Référence de la ligne de détail de l'Autorisa;;MEDIA;ok;F2-*0019                       / F2200622-M0                   ;RPAD(NVL(C_ENR.ID_LIGNE_DET, ' '), 30)
1;;140;40;P1_H_1_8;1.8 (P1);ALPHA;Identifiant de la sûreté reçue;;FILLER;vazio;;RPAD(' ', 40)
1;10;180;40;P1_H_1_11;1.11 (P1);ALPHA;Identifiant de l'engagement;;MEDIA;ok;200622VM0_C                              / 202878FN0_C                             ;RPAD(C_ENR.ID_ENGAGEMENT || '_C',40)
1;;220;40;P1_H_1_16;1.16 (P1);ALPHA;Référence de la provision sur tiers;;FILLER;vazio;;RPAD(' ', 40)
1;;260;20;P1_H_1_99;1.99 (P1);ALPHA;Filler;;FILLER;vazio;;RPAD(' ', 20)
1;11;280;7;P1_1_1;P1 1.1;ALPHA;Méthodologie Bâloise;;MEDIA;ok;STD    ;RPAD(NVL(C_ENR.CD_METHODO_BALE2, 'STD'),7)
1;12;287;2;P1_1_2;P1 1.2;ALPHA;Traitement moteur bâlois;;MEDIA;ok;07;RPAD(NVL(C_ENR.CODE_TRAIT_MOTEUR, '01'),2)
1;13;289;1;P1_4_34;P1 4.34;ALPHA;Traitement GRR;;MEDIA;ok;Y;'Y'
1;14;290;6;P1_2_0;P1 2.0;ALPHA;Type de risque;;MEDIA;ok;TRE401 / TRE501;RPAD(C_ENR.CD_TYPE_RISQUE,6)
1;15;296;1;P1_2_4;P1 2.4;ALPHA;Portefeuille de booking Intention de Gestion;;MEDIA;ok;B;NVL(C_ENR.CD_PORTEFEUILLE_BOOKING,'B')
1;16;297;5;P1_2_6;P1 2.6;ALPHA;Ligne Métier;;MEDIA;ok;MLE00;RPAD(C_ENR.CD_LIGNE_METIER,5)
1;17;302;3;P1_2_18;P1 2.18;ALPHA;Portefeuille Bâle Opération;P1 2.18;ALTA;ok;061 / 900;RPAD(C_ENR.CD_PORTEFEUILLE_BALE2,3)
1;18;305;12;P1_2_29;P1 2.29;ALPHA;NATure d'Opération de l'engagement;;MEDIA;ok;NA011        / NA021       ;RPAD(nvl(C_ENR.CD_NATURE_OPE, 'NA020'),12)
1;19;317;8;P1_3_2;P1 3.2;DATE;Date de début de l'engagement;;MEDIA;ok;20081203 / 20120130;RPAD(NVL(TO_CHAR(C_ENR.DT_DEBUT_ENG, 'YYYYMMDD'), ' '), 8)
1;20;325;8;P1_3_4;P1 3.4;DATE;Date de fin de l'engagement;;MEDIA;ok;20250630 / 20250714;NVL(TO_CHAR(C_ENR.DT_FIN_ENG, 'YYYYMMDD'),'99990630')
1;;333;10;P1_16_6;P1 16.6;NUM;Pondération Bâloise de l'engagement (%);;FILLER;vazio;;RPAD(' ', 10)
1;21;343;10;P1_18_1;P1 18.1;NUM;Loss Given Default (LGD);;MEDIA;ok;+000000000;pack_utilitaire.F_FORMAT_TAUX(C_ENR.TX_LGD_PREDICTIF_LOCAL)
1;22;353;10;P1_18_10;P1 18.10;NUM;Crédit Conversion Factor (CCF);;MEDIA;ok;+000000000;pack_utilitaire.F_FORMAT_TAUX(C_ENR.TX_TRC)
1;23;363;19;P1_18_5;P1 18.5;NUM;Montant de l'Exposition en cas de Défaut (EAD;;MEDIA;ok;+000000000000000000;pack_utilitaire.f_format_montant_bis2(CASE WHEN nvl((C_ENR.MNT_EAD_TOT
1;24;382;3;P1_18_17;P1 18.17;ALPHA;Devise du montant de l'Exposition en cas de D;;MEDIA;ok;EUR;RPAD(NVL(C_ENR.CD_DEVISE_MNT_RISQ, ' '), 3)
1;25;385;3;P1_18_18;P1 18.18;ALPHA;Devise d'origine du contrat;;MEDIA;ok;EUR;RPAD(NVL(C_ENR.CD_DEVISE_MNT_RISQ, ' '), 3)
1;;388;50;P1_3_98;P1 3.98;ALPHA;Zone réservée locale;;FILLER;vazio;;RPAD(' ', 50)
1;;438;2;P1_21_1;P1 21.1;ALPHA;Indicateur Type de Restructuration;;FILLER;vazio;;RPAD(' ', 2)
1;26;440;8;P1_21_2;P1 21.2;DATE;Date de Restructuration;;MEDIA;ok;20170131 / 20200508;RPAD(NVL(TO_CHAR(C_ENR.DT_RESTRUCTURATION, 'YYYYMMDD'), ' '), 8)
1;27;448;1;P1_5_5;P1 5.5;ALPHA;Indicateur Arriéré de paiement;;MEDIA;ok;N;NVL(C_ENR.CD_ARR_PAIEMENT, 'N')
1;28;449;1;P1_4_1;P1 4.1;ALPHA;Indicateur Impayé prudentiel;;MEDIA;ok;N / Y;NVL(C_ENR.CD_IMP_PRUDENT, 'N')
1;29;450;1;P1_5_2;P1 5.2;ALPHA;Indicateur Engagement en défaut;;MEDIA;ok;N / Y;NVL(C_ENR.TOP_ENG_DOUTEUX, 'N')
1;30;451;8;P1_5_3;P1 5.3;DATE;Date de passage en engagement en défaut;;MEDIA;ok;20240715 / 20241203;Case When C_ENR.TOP_ENG_DOUTEUX = 'Y' then to_char(nvl(C_ENR.DT_ENG_DO
1;;459;1;P1_4_2;P1 4.2;NUM;Montant du solde de compte;;FILLER;vazio;;RPAD(' ',1)
1;;460;16;P1_4_2;P1 4.2;NUM;Montant du solde de compte;;FILLER;vazio;;RPAD(' ',16)
1;;476;2;P1_4_2;P1 4.2;NUM;Montant du solde de compte;P1 4.2;FILLER;vazio;;RPAD(' ',2)
1;31;478;3;P1_4_3;P1 4.3;ALPHA;Devise du montant du solde de compte;;MEDIA;ok;EUR;RPAD(NVL(C_ENR.CD_DEVISE_MNT_RISQ, 'EUR'), 3)
1;32;481;22;P1_4_4;P1 4.4;NUM;Montant du découvert;;BAIXA;vazio;;CASE WHEN C_ENR.CD_TYPE_RISQUE='TRE201' THEN '+0000000000000000'|| RPA
1;33;503;19;P1_4_9;P1 4.9;NUM;Montant du capital restant dû;;MEDIA;ok;+000000000000000000 / +000000000000001500;pack_utilitaire.f_format_montant_bis2(nvl((C_ENR.MNT_RISQUE),0))
1;34;522;3;P1_4_13;P1 4.13;ALPHA;Devise du montant du capital restant dû;;MEDIA;ok;EUR;RPAD(NVL(C_ENR.CD_DEVISE_MNT_RISQ, ' '), 3)
1;35;525;22;P1_4_14;P1 4.14;NUM;Montant des loyers;;BAIXA;incoerente;+000000000000000100EUR / +000000000000005814EUR;CASE WHEN C_ENR.CD_TYPE_RISQUE='TRE401' THEN RPAD(' ',22) ELSE pack_ut
1;;547;22;P1_4_16;P1 4.16;NUM;Montant du nominal de l'engagement;;FILLER;vazio;;RPAD (' ', 22)
1;36;569;12;P1_4_18;P1 4.18;ALPHA;Zone libre (Ex PCCO du montant demandé);;MEDIA;ok;A5171100     / A5231100    ;RPAD (nvl(C_ENR.PCCO_MNT_CRD,' '), 12)
1;37;581;19;P1_4_6;P1 4.6;NUM;Montant des intérêts restant dus;;MEDIA;ok;+000000000000000000;Case when (C_ENR.CD_TYPE_RISQUE LIKE 'TRE5%' OR C_ENR.CD_TYPE_RISQUE L
1;38;600;3;P1_4_7;P1 4.7;ALPHA;Devise du montant des intérêts restant dus;;MEDIA;ok;EUR;RPAD(NVL(C_ENR.CD_DEVISE_MNT_RISQ, ' '), 3)
1;39;603;12;P1_4_19;P1 4.19;ALPHA;Zone libre (Ex PCCO – des intérêts restant du;;MEDIA;ok;A5177100     / A5237100    ;RPAD(NVL(C_ENR.PCEC_ICNE, ' '), 12)
1;;615;10;P1_4_20;P1 4.20;NUM;Taux facial du prêt fixe;;FILLER;vazio;;RPAD (' ', 10)
1;40;625;19;P1_4_21;P1 4.21;NUM;Montant de la décote sur actif déprécié à l'a;;MEDIA;ok;+000000000000000000 / +000000000000000100;CASE WHEN C_ENR.MNT_VTR IS null THEN RPAD (' ', 19) ELSE pack_utilitai
1;41;644;3;P1_4_22;P1 4.22;ALPHA;Devise du montant de la décote sur actif dépr;;MEDIA;ok;EUR;CASE WHEN C_ENR.MNT_VTR IS null THEN RPAD (' ', 3) ELSE 'EUR' END
1;42;647;2;P1_4_23;P1 4.23;ALPHA;Circuit de distribution;;MEDIA;ok;CL;RPAD (nvl(C_ENR.CD_CIRCUIT_DISTRIB, 'CL'),2)
1;;649;61;P1_5_6;P1 5.6;ALPHA;Indicateur 'Prêt Revolving Roll-over';;FILLER;vazio;;RPAD (' ', 61)
1;43;710;1;P1_3_46;P1 3.46;ALPHA;Usage du bien immobilier apporté en garantie;;MEDIA;ok;0 / 2;NVL(C_ENR.CD_USAGE_BIEN_IMM,' ')
1;44;711;1;P1_3_47;P1 3.47;ALPHA;Respect des conditions réglementaires;;MEDIA;ok;Y;NVL(C_ENR.CD_RESPECT_COND, ' ')
1;45;712;19;P1_3_40;P1 3.40;NUM;Valeur de marché du bien immobilier loué à la;;MEDIA;ok;+000000000000000100 / +000000000028520890;Case when C_ENR.CD_TYPE_RISQUE = 'TRE502' then pack_utilitaire.f_forma
1;46;731;3;P1_3_41;P1 3.41;ALPHA;Devise de la valeur de marché du bien immobil;;MEDIA;ok;EUR;Case when C_ENR.CD_TYPE_RISQUE = 'TRE502' then RPAD(C_ENR.CD_DEV_VTR,3
1;47;734;19;P1_3_42;P1 3.42;NUM;Valeur hypothécaire du bien immobilier loué à;;MEDIA;ok;+000000000000000100 / +000000000028520890;Case when C_ENR.CD_TYPE_RISQUE = 'TRE502' then pack_utilitaire.f_forma
1;48;753;3;P1_3_43;P1 3.43;ALPHA;Devise de la valeur hypothécaire du bien immo;;MEDIA;ok;EUR;Case when C_ENR.CD_TYPE_RISQUE = 'TRE502' then RPAD(C_ENR.CD_DEV_HYPOT
1;49;756;2;P1_3_44;P1 3.44;ALPHA;Zone libre (Ex Localisation du bien immobilie;;MEDIA;ok;FR;RPAD(nvl(C_ENR.CD_LOC_BIEN, ' '), 2,' ')
1;50;758;1;P1_3_45;P1 3.45;ALPHA;Achat en fin de contrat du bien loué;;MEDIA;ok;1 / 2;C_ENR.CD_ACHAT_FIN_LOC
1;51;759;19;P1_5_19;P1 5.19;NUM;Valeur estimée en fin de période du bien loué;;MEDIA;ok;+000000000000000000 / +000000000000000001;Case when nvl(C_ENR.MNT_VR,0) >= 0 then pack_utilitaire.f_format_monta
1;52;778;3;P1_5_20;P1 5.20;ALPHA;Devise de la valeur estimée en fin de période;;MEDIA;ok;EUR;RPAD(nvl(C_ENR.CD_DEVISE_VR,'EUR'),3)
1;53;781;3;P1_19_5;P1 19.5;ALPHA;Classification comptable de référence des act;;MEDIA;ok;CAM;RPAD(nvl(C_ENR.cla_comp_ref_act,' '),3)
1;;784;185;P1_3_56;P1 3.56;ALPHA;Zone libre (Ex PCCO – Valeur du titre en norm;P1 3.56;FILLER;vazio;;RPAD(' ', 185)
1;54;969;20;P1_2_99;P1 2.99;ALPHA;Code méthode IFRS9 - PD à l'origine;P1 2.99;ALTA;ok;LC_MIG_D+            / PME_MIG_C-          ;RPAD(NVL(C_ENR.CD_METH_IFRS9_PD_ORIG,' '), 20)
1;;989;354;P1_3_80;P1 3.80;NUM;Montant du Mark-to-Market (MtM) brut;P1 3.80;FILLER;vazio;;RPAD(' ', 354)
1;;1343;1;P1_16_20;P1 16.20;ALPHA;Indicateur titrisation STS;;FILLER;vazio;;RPAD(' ', 1)
1;;1344;1;P1_16_21;P1 16.21;ALPHA;Eligibilité au traitement différentiel;;FILLER;vazio;;RPAD(' ', 1)
1;;1345;1;P1_16_22;P1 16.22;ALPHA;Position sénior en titrisation des PME;;FILLER;vazio;;RPAD(' ', 1)
1;;1346;2;P1_16_23;P1 16.23;ALPHA;Motif titrisation ERBA;;FILLER;vazio;;RPAD(' ', 2)
1;;1348;3;P1_16_99;P1 16.99;ALPHA;Filler;;FILLER;vazio;;RPAD(' ', 3)
1;55;1351;1;P1_4_31;P1 4.31;ALPHA;Indicateur Produit à sous-jacent;P1 4.31;ALTA;ok;N;RPAD(C_ENR.IND_PROD_SS_JACENT, 1,' ')
1;;1352;38;P1_4_32;P1 4.32;ALPHA;Indicateur de granularité;;FILLER;vazio;;RPAD (' ', 38)
1;;1390;1;P1_4_49;P1 4.49;ALPHA;Indicateur d'engagement de valeur minimale su;;FILLER;vazio;;RPAD(' ', 1)
1;;1391;4;P1_4_99;P1 4.99;ALPHA;Filler;;FILLER;vazio;;RPAD(' ', 4)
1;;1395;24;P1_4_45;P1 4.45;ALPHA;NATure d'Opération des intérêts dus / coupons;;FILLER;vazio;;RPAD (' ', 24)
1;56;1419;6;P1_3_20;P1 3.20;NUM;Maturité résiduelle;;MEDIA;ok;000000 / 000383;Substr(pack_utilitaire.F_FORMAT_TAUX (nvl(C_ENR.MATURITE_EFF,0)) ,4,6)
1;57;1425;1;P1_4_8;P1 4.8;ALPHA;Indicateur bilan hors bilan;P1 4.8;ALTA;ok;B;NVL(C_ENR.TOP_ENG,'B')
1;;1426;5;P1_12_16;P1 12.16;ALPHA;Code séniorité;;FILLER;vazio;;RPAD (' ', 5)
1;58;1431;6;P1_4_42;P1 4.42;ALPHA;Type de produit bancaire;;MEDIA;ok;CRED03 / CRED10;RPAD(nvl(C_ENR.CD_TYPE_PROD_BANCAIRE,' '),6,' ')
1;59;1437;8;P1_3_3;P1 3.3;DATE;Date de valeur de prise d'effet du contrat;;MEDIA;ok;20250630;RPAD(nvl(TO_CHAR(C_ENR.DT_ARRETE, 'YYYYMMDD'),' '),8)
1;;1445;7;P1_4_43;P1 4.43;ALPHA;Segment de notation du groupe de risque;;FILLER;vazio;;RPAD (' ', 7)
1;60;1452;8;P1_4_47;P1 4.47;DATE;Date de mise à disposition des fonds;;MEDIA;ok;20081203 / 20120130;RPAD(NVL(TO_CHAR(C_ENR.DT_DISPO_FONDS, 'YYYYMMDD'), ' '), 8)
1;;1460;1;P1_5_99;P1 5.99;ALPHA;Filler;;FILLER;vazio;;RPAD (' ', 1)
1;;1461;60;P1_3_62;P1 3.62;ALPHA;Identifiant local du tiers Garant des titres ;;FILLER;vazio;;RPAD (' ', 60)
1;;1521;74;P1_4_25;P1 4.25;NUM;Montant du Add-on affacturage;;FILLER;vazio;;RPAD (' ', 74)
1;61;1595;1;P1_4_29;P1 4.29;ALPHA;Indicateur créance titrisée;;MEDIA;ok;N;Case when (C_ENR.CD_TYPE_RISQUE LIKE 'TRE2%' OR C_ENR.CD_TYPE_RISQUE L
1;;1596;3;P1_4_40;P1 4.40;ALPHA;Identifiant du Fonds Commun de Titrisation (S;;FILLER;vazio;;RPAD (' ', 3)
1;;1599;1;P1_4_41;P1 4.41;ALPHA;Mode de Titrisation;;FILLER;vazio;;RPAD (' ', 1)
1;;1600;1;P1_4_48;P1 4.48;ALPHA;Indicateur créance titrisée SRT;;FILLER;vazio;;RPAD (' ', 1)
1;;1601;45;P1_4_98;P1 4.98;ALPHA;Zone réservée TRUE SALE;;FILLER;vazio;;RPAD (' ', 45)
1;;1646;10;P1_8_99;P1 8.99;ALPHA;Filler;;FILLER;vazio;;RPAD (' ', 10)
1;;1656;35;P1_4_38;P1 4.38;ALPHA;Indicateur autonomie patrimoniale de l'actif ;;FILLER;vazio;;RPAD (' ', 35)
1;;1691;466;P1_12_3;P1 12.3;ALPHA;Référence du titre sous-jacent;;FILLER;vazio;;RPAD (' ', 466)
1;62;2157;1;P1_21_3;P1 21.3;ALPHA;Evénement de crédit;P1 21.3;ALTA;ok;1 / 2;RPAD(nvl(C_ENR.EVENMT_CRDT,' '),1)
1;63;2158;1;P1_21_4;P1 21.4;ALPHA;Nature Contextuelle au moment de l'évènement ;;MEDIA;ok;1 / 5;RPAD(nvl(C_ENR.NAT_CONT_EVENMT_CRDT,' '),1)
1;64;2159;1;P1_21_5;P1 21.5;ALPHA;Statut du crédit au sens de la Forbearance;;MEDIA;ok;4;RPAD(nvl(C_ENR.STA_CRDT,' '),1)
1;65;2160;2;P1_21_6;P1 21.6;ALPHA;Indicateur créance performante;;MEDIA;ok;NP / PE;RPAD(nvl(C_ENR.IND_CRE_PERF,' '),2)
1;66;2162;8;P1_21_7;P1 21.7;DATE;Date de première action de forbearance;;MEDIA;vazio;;RPAD (NVL(TO_CHAR(C_ENR.DATE_PREM_ACT_FORB, 'YYYYMMDD'), ' '), 8)
1;67;2170;8;P1_21_8;P1 21.8;DATE;Date de dernière restructuration commerciale;;MEDIA;ok;20170131 / 20200508;RPAD(NVL(TO_CHAR(C_ENR.DATE_DER_REST_COMM, 'YYYYMMDD'), ' '), 8)
1;68;2178;8;P1_21_9;P1 21.9;DATE;Date de la dernière restructuration pour risq;;MEDIA;ok;20240831;RPAD(NVL(TO_CHAR(C_ENR.DATE_DER_REST_RSQ, 'YYYYMMDD'), ' '), 8)
1;69;2186;8;P1_21_10;P1 21.10;DATE;Date d'entrée de la créance en période d'obse;;MEDIA;vazio;;RPAD(NVL(TO_CHAR(C_ENR.DATE_ENTR_PER_PURG, 'YYYYMMDD'), ' '), 8)
1;70;2194;8;P1_21_11;P1 21.11;DATE;Date de sortie de la créance de la période d';;MEDIA;vazio;;RPAD(NVL(TO_CHAR(C_ENR.DATE_SORT_PER_PURG, 'YYYYMMDD'), ' '), 8)
1;71;2202;8;P1_21_12;P1 21.12;DATE;Date d'entrée de la créance en période probat;;MEDIA;ok;20240831;RPAD(NVL(TO_CHAR(C_ENR.DATE_ENTR_PER_PROB, 'YYYYMMDD'), ' '), 8)
1;72;2210;8;P1_21_13;P1 21.13;DATE;Date de sortie de la créance de la période pr;;MEDIA;ok;20260831;RPAD(NVL(TO_CHAR(C_ENR.DATE_SORT_PER_PROB, 'YYYYMMDD'), ' '), 8)
1;73;2218;8;P1_21_14;P1 21.14;DATE;Date théorique de fin de situation forborne;;MEDIA;vazio;;RPAD(NVL(TO_CHAR(C_ENR.DATE_THEO_FIN_FORB, 'YYYYMMDD'), ' '), 8)
1;74;2226;8;P1_21_15;P1 21.15;DATE;Date de sortie effective de situation forborn;;MEDIA;ok;20250228;RPAD(NVL(TO_CHAR(C_ENR.DATE_SORT_EFF_FORB, 'YYYYMMDD'), ' '), 8)
1;75;2234;8;P1_21_16;P1 21.16;DATE;Date de début de l'état de performance de la ;;MEDIA;ok;20081203 / 20120130;RPAD(NVL(TO_CHAR(C_ENR.DT_PL_NPL, 'YYYYMMDD'), ' '), 8)
1;;2242;2;P1_21_17;P1 21.17;ALPHA;Zone libre (ex Motif de l'état de performance;;FILLER;vazio;;RPAD (' ', 2)
1;;2244;2;P1_21_18;P1 21.18;NUM;Nombre de restructuration pour risque;;FILLER;vazio;;RPAD (' ', 2)
1;;2246;2;P1_21_19;P1 21.19;ALPHA;Méthode de restructuration;;FILLER;vazio;;RPAD (' ', 2)
1;;2248;2;P1_21_99;P1 21.99;ALPHA;Filler;;FILLER;vazio;;RPAD (' ', 2)
1;76;2250;3;P1_22_56;P1 22.56;ALPHA;Indicateur produit échéancé;P1 22.56;ALTA;ok;ECH;RPAD(nvl(C_ENR.IND_PROD_ECH,' '),3)
1;77;2253;1;P1_22_57;P1 22.57;ALPHA;Indicateur objet métier palier fourni;;MEDIA;ok;N;RPAD(nvl(C_ENR.IND_OBJ_MET_PAL,' '),1)
1;78;2254;40;P1_22_1;P1 22.1;ALPHA;Référence unique du contrat;;MEDIA;ok;200622VM0                                / 202878FN0                               ;RPAD(nvl(C_ENR.REF_UNIQ_ELEM_CONT,' '),40)
1;79;2294;40;P1_22_51;P1 22.51;ALPHA;Référence Unique de l'élément du contrat;;MEDIA;ok;200622VM0                                / 202878FN0                               ;RPAD(nvl(C_ENR.REF_UNIQ_ELEM_CONT,' '),40)
1;;2334;45;P1_22_2;P1 22.2;ALPHA;Indicateur niveau de risque;;FILLER;vazio;;RPAD (' ', 45)
1;80;2379;2;P1_22_5;P1 22.5;ALPHA;Note finale retenue à l'origine;P1 22.5;ALTA;ok;A  / A+;RPAD(nvl(C_enr.NOTE_FIN_RET_ORI, 'ND'),2)
1;81;2381;10;P1_22_52;P1 22.52;ALPHA;Note externe à l'origine;;MEDIA;vazio;;RPAD(nvl(C_ENR.NOTE_EXT_ORI,' '),10)
1;82;2391;2;P1_22_6;P1 22.6;ALPHA;Organisme de notation à l'origine;;MEDIA;ok;I ;RPAD(nvl(C_ENR.ORGA_NOTATION_ORIG,' '),2,' ')
1;83;2393;2;P1_22_53;P1 22.53;ALPHA;Segment de notation à l'origine;;MEDIA;ok;02 / 03;RPAD(nvl(C_ENR.SEG_NOT_ORI,' '),2)
1;84;2395;46;P1_22_54;P1 22.54;ALPHA;Grille Modèle de notation à l'origine;;MEDIA;ok;044102011071320130114FR                        / 044102011071320150930FR                       ;CASE WHEN C_ENR.GRI_MOD_NOT_ORI IS NULL THEN RPAD(' ',46) ELSE RPAD(nv
1;85;2441;3;P1_22_55;P1 22.55;ALPHA;Méthodologie de notation à l'origine;;MEDIA;ok;999 / C1 ;CASE WHEN C_ENR.METH_NOT_ORI = 'C3' THEN '999' ELSE RPAD(upper(nvl(C_E
1;86;2444;2;P1_22_7;P1 22.7;ALPHA;Objet du financement;P1 22.7;ALTA;ok;04 / 97;RPAD(nvl(C_ENR.OBJ_FINANCIE,'97'),2)
1;87;2446;19;P1_22_8;P1 22.8;NUM;Montant du contrat à l'origine;P1 22.8;ALTA;ok;+000000000000000000 / +000000000000040419;pack_utilitaire.F_FORMAT_MONTANT_BIS2(C_ENR.MNT_CONTRAT_ORIGINE)
1;88;2465;3;P1_22_9;P1 22.9;ALPHA;Devise du montant du contrat à l'origine;P1 22.9;ALTA;ok;EUR;RPAD(nvl(C_ENR.DEV_MNT_CONTRAT_ORIGINE, 'EUR'), 3)
1;89;2468;1;P1_22_12;P1 22.12;ALPHA;Indicateur échéancier fourni;;MEDIA;ok;N;RPAD(nvl(C_ENR.IND_ECH_FOUR,' '),1)
1;90;2469;10;P1_22_13;P1 22.13;NUM;Taux d'intérêt effectif (TIE) à l'origine;;MEDIA;ok;+000000000 / +000028000;pack_utilitaire.F_FORMAT_TAUX(C_ENR.TAUX_INT_EFF_ORI)
1;91;2479;1;P1_22_14;P1 22.14;ALPHA;Type de taux;;MEDIA;ok;F / V;RPAD(nvl(C_ENR.TYPE_TAUX,' '),1)
1;92;2480;12;P1_22_15;P1 22.15;ALPHA;Indice de référence;;MEDIA;ok;EUEI3M      ;RPAD(nvl(C_ENR.IND_REF,' '),12)
1;93;2492;1;P1_22_16;P1 22.16;ALPHA;Type d'amortissement du capital;;MEDIA;ok;L;RPAD(nvl(C_ENR.TYPE_AMOR_CAP,' '),1)
1;94;2493;1;P1_22_17;P1 22.17;ALPHA;Fréquence d'amortissement du capital;;MEDIA;ok;M;RPAD(nvl(C_ENR.PRD_AMOR_CAP,' '),1)
1;95;2494;1;P1_22_18;P1 22.18;ALPHA;Fréquence de paiement des intérêts;;MEDIA;ok;M;RPAD(nvl(C_ENR.PRD_PMT_INT,' '),1)
1;96;2495;10;P1_22_19;P1 22.19;NUM;Taux client à l'octroi;;MEDIA;ok;+000000000 / +000028000;pack_utilitaire.F_FORMAT_TAUX(C_ENR.TAUX_CLT_OCT)
1;97;2505;1;P1_22_20;P1 22.20;ALPHA;Modalité de remboursement de la créance;;MEDIA;ok;1;RPAD(nvl(C_ENR.MOD_REMB_CRE,' '),1)
1;98;2506;8;P1_22_21;P1 22.21;DATE;Date de première échéance;;MEDIA;ok;20081203 / 20120130;RPAD(NVL(TO_CHAR(C_ENR.DATE_PREM_ECH, 'YYYYMMDD'), ' '), 8)
1;99;2514;8;P1_22_22;P1 22.22;DATE;Date de fin du différé d'amortissement;;MEDIA;vazio;;RPAD(NVL(TO_CHAR(C_ENR.DATE_FIN_DIFF_AMOR, 'YYYYMMDD'), ' '), 8)
1;100;2522;10;P1_22_23;P1 22.23;NUM;Taux plafond;P1 22.23;ALTA;ok;+000000000;pack_utilitaire.F_FORMAT_TAUX(C_ENR.TAUX_PLAFOND)
1;101;2532;10;P1_22_24;P1 22.24;NUM;Taux plancher;;MEDIA;ok;+000000000;pack_utilitaire.F_FORMAT_TAUX(C_ENR.TAUX_PLANCHER)
1;102;2542;1;P1_22_25;P1 22.25;ALPHA;Fréquence de révision du taux;;MEDIA;ok;M;RPAD(nvl(C_ENR.PRD_REV_TAUX_UNIT_TMP,' '),1)
1;103;2543;3;P1_22_26;P1 22.26;NUM;Périodicité de révision du taux en nombre;;MEDIA;ok;000 / 001;LPAD(nvl((C_ENR.PRD_REV_TAUX_NBR),0),3,0)
1;104;2546;10;P1_22_27;P1 22.27;NUM;Taux client de la période en cours;;MEDIA;ok;+000000000 / +000028000;pack_utilitaire.F_FORMAT_TAUX(C_ENR.TAUX_CLT_PRD_EN_CRS)
1;105;2556;10;P1_22_28;P1 22.28;NUM;Taux de marge additive;;MEDIA;ok;+000000000 / +000105000;pack_utilitaire.F_FORMAT_TAUX(C_ENR.TAUX_MRG_ADD)
1;106;2566;10;P1_22_29;P1 22.29;NUM;Taux de marge multiplicative;;MEDIA;ok;+000000000;pack_utilitaire.F_FORMAT_TAUX(C_ENR.TAUX_MRG_MULT)
1;107;2576;7;P1_22_30;P1 22.30;ALPHA;Base de calcul des intérêts;;MEDIA;ok;EXA-360 / EXB-EXB;RPAD(nvl(C_ENR.BASE_CAL_INT,' '),7)
1;108;2583;8;P1_22_31;P1 22.31;DATE;Date du premier déblocage de fonds;;MEDIA;ok;20081203 / 20120130;RPAD(NVL(TO_CHAR(C_ENR.DT_PREM_DBLQ_FONDS, 'YYYYMMDD'), ' '), 8)
1;109;2591;19;P1_22_32;P1 22.32;NUM;Montant du premier déblocage de fonds;;MEDIA;ok;+000000000000041631 / +000000000000080816;case when C_ENR.MNT_PREM_DBLQ_FONDS is null then RPAD(' ',19) else pac
1;110;2610;3;P1_22_33;P1 22.33;ALPHA;Devise du montant du premier déblocage de fon;;MEDIA;ok;EUR;RPAD(nvl(C_ENR.DEVISE_PREM_DBLQ_FONDS,'EUR'),3)
1;111;2613;19;P1_22_34;P1 22.34;NUM;Montant du capital théorique restant dû;;MEDIA;ok;+000000000000000000 / +000000000000005814;pack_utilitaire.F_FORMAT_MONTANT_BIS2( CASE WHEN C_ENR.CAP_THEO_REST<0
1;112;2632;3;P1_22_35;P1 22.35;ALPHA;Devise du montant du capital théorique restan;;MEDIA;ok;EUR;RPAD(nvl(C_ENR.DEVI_CAP_THEO_REST,' '),3)
1;113;2635;1;P1_22_36;P1 22.36;ALPHA;Option de remboursement anticipé;;MEDIA;ok;3;RPAD(NVL(C_ENR.IND_RMB_ANTICIPE,' '),1,' ')
1;114;2636;8;P1_22_37;P1 22.37;DATE;Date du premier arriéré de paiement;P1 22.37;ALTA;vazio;;RPAD(NVL(TO_CHAR(C_ENR.dt_exigte_prem_impy, 'YYYYMMDD'), ' '), 8)
1;115;2644;8;P1_22_38;P1 22.38;DATE;Date de passage de l'encours en douteux compr;P1 22.38;ALTA;vazio;;RPAD(NVL(TO_CHAR(C_ENR.DT_PASSAGE_DOUTEUX_COMPROMIS, 'YYYYMMDD'), ' ')
1;;2652;19;P1_22_39;P1 22.39;NUM;Montant de l'encours en douteux compromis;P1 22.39;FILLER;vazio;;RPAD(' ', 19)
1;;2671;3;P1_22_40;P1 22.40;ALPHA;Devise du montant de l'encours en douteux com;P1 22.40;FILLER;vazio;;RPAD(' ', 3)
1;;2674;8;P1_22_41;P1 22.41;DATE;Date de déchéance du terme;P1 22.41;FILLER;vazio;;RPAD(' ', 8)
1;;2682;10;P1_22_42;P1 22.42;NUM;Loan-to-value ratio (LTV) local à l'octroi;P1 22.42;FILLER;vazio;;RPAD(' ', 10)
1;;2692;10;P1_22_43;P1 22.43;NUM;Loan-to-value ratio (LTV) local revalorisé;P1 22.43;FILLER;vazio;;RPAD(' ', 10)
1;116;2702;19;P1_22_44;P1 22.44;NUM;Montant à l'acquisition du bien financé;P1 22.44;ALTA;ok;+000000000000000000 / +000000000021146523;pack_utilitaire.f_format_montant_bis2(nvl((C_ENR.MNT_ACQUISITION),0))
1;117;2721;3;P1_22_45;P1 22.45;ALPHA;Devise du montant à l'acquisition du bien fin;P1 22.45;ALTA;ok;EUR;RPAD('EUR', 3)
1;;2724;8;P1_22_46;P1 22.46;DATE;Date de revalorisation du bien;P1 22.46;FILLER;vazio;;RPAD(' ', 8)
1;;2732;19;P1_22_47;P1 22.47;NUM;Montant revalorisé du bien financé;P1 22.47;FILLER;vazio;;RPAD(' ', 19)
1;;2751;3;P1_22_48;P1 22.48;ALPHA;Devise du montant revalorisé du bien financé;P1 22.48;FILLER;vazio;;RPAD(' ', 3)
1;;2754;10;P1_22_49;P1 22.49;NUM;Loan-to-income ratio (LTI) local à l'octroi;P1 22.49;FILLER;vazio;;RPAD(' ', 10)
1;;2764;10;P1_22_50;P1 22.50;NUM;Loan-to-income ratio (LTI) local revalorisé;P1 22.50;FILLER;vazio;;RPAD(' ', 10)
1;118;2774;8;P1_22_58;P1 22.58;DATE;Date de début de palier;;MEDIA;ok;20130207 / 20131231;RPAD(NVL(TO_CHAR(C_ENR.DATE_DEB_PALL, 'YYYYMMDD'), ' '), 8)
1;119;2782;8;P1_22_59;P1 22.59;DATE;Date de fin de palier;;MEDIA;ok;20250331 / 20250614;RPAD(NVL(TO_CHAR(C_ENR.DATE_FIN_PALL, 'YYYYMMDD'), ' '), 8)
1;120;2790;19;P1_22_60;P1 22.60;NUM;Montant de l'échéance en cours;P1 22.60;ALTA;ok;+000000000000000000 / +000000000000007500;pack_utilitaire.F_FORMAT_MONTANT_NEGATIF_19(C_ENR.MNT_ECH_EN_COURS)
1;121;2809;3;P1_22_61;P1 22.61;ALPHA;Devise du montant de l'échéance en cours;;MEDIA;ok;EUR;RPAD(nvl(C_ENR.DEVI_MNT_ECH_EN_COURS,' '),3)
1;122;2812;1;P1_22_62;P1 22.62;ALPHA;Indicateur pré / post fixé;;MEDIA;ok;E;RPAD(nvl(C_ENR.IND_PRE_POST_FIX,' '),1)
1;123;2813;8;P1_22_63;P1 22.63;DATE;Date de début de l'engagement renouvelé;P1 22.63;ALTA;ok;20170131 / 20200508;RPAD(NVL(TO_CHAR(C_ENR.DATE_DEB_ENG_RENVL,'YYYYMMDD'),' '), 8)
1;;2821;12;P1_22_64;P1 22.64;ALPHA;Type de prêt habitat;;FILLER;vazio;;RPAD (' ', 12)
1;124;2833;2;P1_22_66;P1 22.66;ALPHA;Pays de juridiction du contrat;;MEDIA;ok;FR;RPAD(nvl(C_ENR.CD_PAYS_JURIDICTION, ' '), 2)
1;125;2835;8;P1_22_67;P1 22.67;DATE;Date de signature du contrat initial;;MEDIA;ok;20081203 / 20120130;RPAD(NVL(TO_CHAR(C_ENR.DT_SIGNATURE, 'YYYYMMDD'), ' '), 8)
1;;2843;3;P1_22_68;P1 22.68;ALPHA;Evénement déclencheur de la garantie;;FILLER;vazio;;RPAD (' ', 3)
1;126;2846;5;P1_22_70;P1 22.70;ALPHA;Nombre de jours de retard de paiement;;MEDIA;ok;00000;LPAD(NVL(to_char(C_ENR.NB_JOURS_RETARD), ' '),5,'0')
1;127;2851;3;P1_22_71;P1 22.71;ALPHA;Motif du passage en engagement en défaut;;MEDIA;ok;060 / 200;CASE WHEN C_ENR.CD_MOTIF_SCO_LC0267 is NULL then RPAD(' ', 3) ELSE LPA
1;128;2854;2;P1_22_72;P1 22.72;ALPHA;Bucket IFRS9;;MEDIA;ok;B1 / B2;RPAD(nvl(C_ENR.BUCKET_IFRS9,' '),2)
1;;2856;20;P1_22_73;P1 22.73;NUM;Probabilité de défaut à l'origine calculée en;;FILLER;vazio;;RPAD (' ', 20)
1;129;2876;1;P1_23_1;P1 23.1;ALPHA;Eligibilité Outil Mutualisé de provisionnemen;P1 23.1;ALTA;ok;2 / 4;RPAD(nvl(C_ENR.ELI_OUT_MUT_PROV,' '),1)
1;130;2877;7;P1_23_2;P1 23.2;ALPHA;Centre de résultat;;MEDIA;ok;LEASING;RPAD(nvl(C_ENR.CENTRE_RES,' '),7)
1;131;2884;20;P1_23_3;P1 23.3;ALPHA;Système de gestion source;;MEDIA;ok;KSP                  / LIX                 ;RPAD(nvl(C_ENR.SYS_GEST_SRC,' '),20)
1;132;2904;3;P1_23_4;P1 23.4;ALPHA;Classification comptable des actifs en norme ;;MEDIA;ok;CAM;RPAD(nvl(C_ENR.CLA_COMP_ACT_IFRS9,' '),3)
1;133;2907;3;P1_23_5;P1 23.5;ALPHA;Classification comptable des actifs en norme ;;MEDIA;ok;PRC;RPAD(nvl(C_ENR.CLA_COMP_ACT_NATIONALE,' '),3)
1;134;2910;1;P1_23_6;P1 23.6;ALPHA;Indicateur Actif déprécié dès l'origination;;MEDIA;ok;N;RPAD(nvl(C_ENR.IND_ACT_DEP_ORI,' '),1)
1;135;2911;40;P1_23_7;P1 23.7;ALPHA;Zone libre d'appariement comptable;;MEDIA;ok;A5171100_040_00370_CRBA                  / A5231100_022_00370_CREN                 ;RPAD(C_ENR.PCCO_MNT_CRD || nvl(C_ENR.ZONE_APP_COMP,' '),40)
1;;2951;10;P1_23_12;P1 23.12;ALPHA;Zone OMP locale 1;;FILLER;vazio;;RPAD (' ', 10)
1;136;2961;12;P1_23_8;P1 23.8;ALPHA;Code méthode IFRS9 - PD;P1 23.8;ALTA;vazio;;RPAD (nvl(C_ENR.CD_METH_IFRS9_PD,' '), 12)
1;137;2973;12;P1_23_9;P1 23.9;ALPHA;Code méthode IFRS9 - Loss Given Default (LGD);;MEDIA;ok;DEFAUTLGD    / LGCBI_GAR0  ;RPAD (nvl(C_ENR.CD_METH_IFRS9_LGD,' '), 12)
1;138;2985;12;P1_23_10;P1 23.10;ALPHA;Code méthode IFRS9 - CCF;;MEDIA;ok;CCCALL0010   / CCCALL0020  ;RPAD (nvl(C_ENR.CD_METH_IFRS9_CCF,' '), 12)
1;139;2997;12;P1_23_11;P1 23.11;ALPHA;Code méthode IFRS9 - Taux de remboursement an;;MEDIA;ok;RACBI0001    / RACBM0001   ;RPAD (nvl(C_ENR.CD_METH_IFRS9_TX,' '), 12)
1;;3009;2;P1_23_99;P1 23.99;ALPHA;Filler;;FILLER;vazio;;RPAD (' ', 2)
1;140;3011;1;P1_24_1;P1 24.1;ALPHA;Eligibilité Prudent Valuation;;MEDIA;ok;N;RPAD(NVL(C_ENR.ELIGIB_PRUDENT_VAL,' '),1,' ')
1;;3012;471;P1_24_2;P1 24.2;ALPHA;Motif d'exemption déclaré à l'ajustement à la;;FILLER;vazio;;RPAD (' ', 471)
1;;3483;178;P1_25_1;P1 25.1;NUM;Montant Add-on CAD;P1 25;FILLER;vazio;;RPAD (' ', 178)
1;141;3661;1;P1_26_1;P1 26.1;ALPHA;Indicateur mobilisation de l'actif;;MEDIA;ok;1 / 3;RPAD(NVL(C_ENR.IND_MOBIL_ACTIF,' '),1,' ')
1;142;3662;1;P1_22_11;P1 22.11;ALPHA;Indicateur éligibilité de l'actif à une mobil;;MEDIA;ok;N / Y;RPAD(NVL(C_ENR.ELIG_MOB_BANQUE_CENTRALE, ' '), 1)
1;143;3663;3;P1_26_3;P1 26.3;ALPHA;Référence de mobilisation de l'actif;;MEDIA;ok;1  ;RPAD(NVL(C_ENR.REF_MOB_ACTIF, ' '), 3)
1;144;3666;3;P1_26_4;P1 26.4;ALPHA;Code organisme de mobilisation;;MEDIA;ok;404;RPAD(NVL(C_ENR.CD_ORGA_MOBIL, ' '), 3)
1;;3669;44;P1_26_99;P1 26.99;ALPHA;Zone réservée Asset Encumbrance;;FILLER;vazio;;RPAD (' ', 44)
1;;3713;22;P1_27_1;P1 27.1;NUM;Montant cumulé des recouvrements depuis le dé;;FILLER;vazio;;RPAD (' ', 22)
1;145;3735;1;P1_27_3;P1 27.3;ALPHA;Eligibilité Outil Central ANACREDIT;;MEDIA;ok;1 / 2;RPAD(NVL(C_ENR.IND_ELIGI_OUTI_CTRAL_ANACRD, '2'), 1)
1;146;3736;2;P1_27_4;P1 27.4;ALPHA;Motif exclusion à la déclaration ANACREDIT;;MEDIA;ok;02;RPAD(NVL(C_ENR.MOTIF_EXCLU_ANACREDIT, ' '), 2)
1;;3738;23;P1_27_99;P1 27.99;ALPHA;Filler;;FILLER;vazio;;RPAD (' ', 23)
1;147;3761;1;P1_28_1;P1 28.1;ALPHA;Indicateur opération effet de levier;;MEDIA;ok;0;RPAD (nvl(C_ENR.IND_OPE_EFFET_LEVIER,' '), 1)
1;;3762;1;P1_28_2;P1 28.2;ALPHA;Indicateur sponsor financier majoritaire au c;;FILLER;vazio;;RPAD (' ', 1)
1;148;3763;19;P1_29_1;P1 29.1;NUM;Montant de l'indemnité de résiliation;;MEDIA;ok;+000000000000000000;pack_utilitaire.F_FORMAT_MONTANT_BIS3(C_ENR.MNT_IDEMNITE_RES)
1;149;3782;3;P1_29_2;P1 29.2;ALPHA;Devise du montant de l'indemnité de résiliati;;MEDIA;ok;EUR;RPAD (nvl(C_ENR.CD_DEV_MNT_INDEMNITE,' '), 3)
1;;3785;190;P1_30_1;P1 30.1;ALPHA;Type de contrat cadre;;FILLER;vazio;;RPAD(' ',190)
1;;3975;6;P1_30_22;P1 30.22;ALPHA;Référence du contrat cadre;;FILLER;vazio;;RPAD(' ',6)
1;150;3981;1;P1_30_22;P1 30.22;ALPHA;Référence du contrat cadre;;MEDIA;ok;N;'N'
1;;3982;18;P1_30_23;P1 30.23;ALPHA;Indicateur accord de netting contractuel;;FILLER;vazio;;RPAD (' ', 18)
1;;4000;7;P1_30_24;P1 30.24;ALPHA;Référence du contrat de netting contractuel;;FILLER;vazio;;RPAD (' ', 7)
1;151;4007;1;P1_30_24;P1 30.24;ALPHA;Référence du contrat de netting contractuel;;MEDIA;vazio;;'N'
1;;4008;25;P1_30_25;P1 30.25;ALPHA;Indicateur accord de netting comptable;;FILLER;ok;N                        ;RPAD (' ', 25)
1;;4033;1;P1_30_26;P1 30.26;ALPHA;Référence du contrat de netting comptable;;FILLER;vazio;;RPAD (' ', 1)
1;;4034;5;P1_30_27;P1 30.27;ALPHA;Finalité de l'opération;;FILLER;vazio;;RPAD (' ', 5)
1;152;4039;40;P1_31_1;P1 31.1;ALPHA;Code entité de la succursale à l'origine de l;;BAIXA;ok; 200622VM0                               /  202878FN0                              ;RPAD(NVL(C_ENR.REF_UNIQ_CONT, ' '), 40)
1;153;4079;40;P1_31_2;P1 31.2;ALPHA;Référence unique du contrat à l'origine;;BAIXA;ok; 200622VM0                               /  202878FN0                              ;RPAD(NVL(C_ENR.REF_UNIQ_ELEM_CONT, ' '), 40)
1;154;4119;19;P1_31_3;P1 31.3;ALPHA;Référence unique de l'élément de contrat à l';;BAIXA;ok; +00000000000000000 /  +00000000000004041;RPAD(pack_utilitaire.f_format_montant_bis2(C_ENR.MNT_ENG_DT_SIGN_CTRT)
1;155;4138;1;P1_31_4;P1 31.4;NUM;Montant en euros de l'engagement à la date de;;MEDIA;ok;0 / 1;RPAD(NVL(C_ENR.IND_RESPO_SOLIDAIRE, ' '), 1)
1;156;4139;1;P1_31_5;P1 31.5;ALPHA;Indicateur responsabilité solidaire;;MEDIA;ok;N;RPAD (NVL(C_ENR.IND_ISF,'2'), 1)
1;;4140;6;P1_31_6;P1 31.6;ALPHA;Indicateur dossier infrastructure éligible au;;FILLER;ok;1      / 2     ;RPAD (' ', 6)
1;;4146;1;P1_31_7;P1 31.7;ALPHA;Rang dans la hiérarchie des créanciers;;FILLER;vazio;;RPAD (' ', 1)
1;157;4147;15;P1_31_8;P1 31.8;ALPHA;Droit d'un pays tiers : reconnaissance de la ;;BAIXA;ok; 14100          /  24140         ;RPAD(NVL(C_ENR.CD_COMMUNE_BIEN_FINAN, ' '),15,' ')
1;158;4162;2;P1_31_9;P1 31.9;ALPHA;Lieu d'investissement du bien principal finan;;BAIXA;ok; F;RPAD(NVL(C_ENR.CD_PAYS_BIEN_FINAN, ' '),2,' ')
1;;4164;1;P1_31_10;P1 31.10;ALPHA;Lieu d'investissement du bien principal finan;;FILLER;ok;R;RPAD (' ', 1)
1;;4165;1;P1_31_11;P1 31.11;ALPHA;Indicateur permis de construire à l'octroi;;FILLER;vazio;;RPAD (' ', 1)
1;;4166;1;P1_31_12;P1 31.12;ALPHA;Etat du bien financé à l'octroi;;FILLER;vazio;;RPAD (' ', 1)
1;;4167;15;P1_31_13;P1 31.13;ALPHA;Catégorie énergétique du bien immobilier à l';;FILLER;vazio;;RPAD (' ', 15)
1;;4182;19;P1_31_14;P1 31.14;NUM;Taux de réservation du programme immobilier;;FILLER;vazio;;RPAD (' ', 19)
1;;4201;3;P1_31_15;P1 31.15;NUM;Montant de l'apport à l'octroi;;FILLER;vazio;;RPAD (' ', 3)
1;159;4204;1;P1_31_16;P1 31.16;ALPHA;Devise du montant de l'apport à l'octroi;P1 31.17;BAIXA;vazio;;RPAD ('+', 1)
1;160;4205;5;P1_31_17;P1 31.17;NUM;Durée initiale du prêt;P1 31.17;ALTA;ok;+0001 / +0002;case when C_ENR.CD_TYPE_RISQUE like 'TRE%' then LPAD(nvl(CEIL((C_ENR.D
1;161;4210;1;P1_31_17;P1 31.17;NUM;Durée initiale du prêt;P1 31.18;BAIXA;ok;0 / 1;RPAD ('+', 1)
1;162;4211;5;P1_31_18;P1 31.18;NUM;Durée totale du prêt à date;P1 31.18;ALTA;ok;+0001 / +0002;case when C_ENR.CD_TYPE_RISQUE like 'TRE%' then LPAD(nvl(CEIL((C_ENR.D
1;;4216;6;P1_31_18;P1 31.18;NUM;Durée totale du prêt à date;;FILLER;ok;0      / 1     ;RPAD (' ', 6)
1;;4222;1;P1_31_19;P1 31.19;NUM;Durée de la période d'anticipation à date d'a;;FILLER;vazio;;RPAD (' ', 1)
1;163;4223;2;P1_31_20;P1 31.20;ALPHA;Méthode de valorisation du bien;;BAIXA;ok; 0;RPAD(NVL(C_ENR.CDTYPEGARPRINCOCTROI,' '), 2)
1;164;4225;2;P1_31_21;P1 31.21;ALPHA;Type de sécurisation à l'octroi;P1 31.22;ALTA;ok;10 / 20;CASE WHEN C_ENR.CD_TYPE_RISQUE = 'TRE502' THEN '01' WHEN C_ENR.CD_TYPE
1;;4227;19;P1_31_22;P1 31.22;ALPHA;Type de sécurisation à date;;FILLER;ok;1                   / 2                  ;RPAD (' ', 19)
1;;4246;3;P1_31_23;P1 31.23;NUM;Montant des fonds remis à date;;FILLER;vazio;;RPAD (' ', 3)
1;;4249;15;P1_31_24;P1 31.24;ALPHA;Devise du montant des fonds remis à date;;FILLER;vazio;;RPAD (' ', 15)
1;;4264;15;P1_31_25;P1 31.25;NUM;Interest Coverage Ratio (ICR) à l'octroi;;FILLER;vazio;;RPAD (' ', 15)
1;;4279;15;P1_31_26;P1 31.26;NUM;Loan-to-rent ratio (LTR) à l'octroi;;FILLER;vazio;;RPAD (' ', 15)
1;;4294;15;P1_31_27;P1 31.27;NUM;LSTI à l'octroi;;FILLER;vazio;;RPAD (' ', 15)
1;;4309;15;P1_31_28;P1 31.28;NUM;DSTI à l'octroi;;FILLER;vazio;;RPAD (' ', 15)
1;165;4324;1;P1_31_29;P1 31.29;NUM;Taux de marge du crédit brut à l'octroi;;MEDIA;vazio;;RPAD(NVL(C_ENR.IND_GAR_SANS_LIMITE,' '),1)
1;;4325;1;P1_31_37;P1 31.37;ALPHA;Indicateur garantie sans limite;;FILLER;vazio;;RPAD(' ',1)
1;166;4326;19;P1_31_38;P1 31.38;ALPHA;Etendue de la garantie donnée;;BAIXA;ok; +00000000000000000 /  +00000000000022017;RPAD(pack_utilitaire.f_format_montant_bis2(C_ENR.MNT_SUBV_HT),19)
1;167;4345;3;P1_29_3;P1 29.3;NUM;Montant des subventions;P1 29.4;ALTA;incoerente;0EU / 1EU;RPAD ('EUR', 3)
1;;4348;22;P1_29_4;P1 29.4;ALPHA;Devise du montant des subventions;;FILLER;ok;R                     ;RPAD (' ', 22)
1;;4370;19;P1_29_6;P1 29.6;ALPHA;Devise du montant de l'avance preneur en créd;;FILLER;vazio;;RPAD (' ', 19)
1;;4389;3;P1_21_20;P1 21.20;NUM;Montant des passages en pertes cumulées;;FILLER;vazio;;RPAD (' ', 3)
1;;4392;28;P1_21_21;P1 21.21;ALPHA;Devise du montant des passages en pertes cumu;;FILLER;vazio;;RPAD (' ', 28)
1;;4420;7;P1_31_36;P1 31.36;ALPHA;Indicateur prise ferme sur les titres;;FILLER;vazio;;RPAD (' ', 7)
1;;4427;2;P1_16_24;P1 16.24;ALPHA;Méthode de titrisation;;FILLER;vazio;;RPAD (' ', 2)
1;;4429;2;P1_16_25;P1 16.25;ALPHA;Echelon qualité de crédit de la tranche à dat;;FILLER;vazio;;RPAD (' ', 2)
1;;4431;2;P1_16_26;P1 16.26;ALPHA;Type de cotation échelon de qualité de crédit;;FILLER;vazio;;RPAD (' ', 2)
1;;4433;2;P1_16_27;P1 16.27;ALPHA;Echelon qualité de crédit de la tranche à dat;;FILLER;vazio;;RPAD (' ', 2)
1;;4435;19;P1_16_28;P1 16.28;ALPHA;Type de cotation échelon de qualité de crédit;;FILLER;vazio;;RPAD (' ', 19)
1;;4454;3;P1_16_29;P1 16.29;NUM;Montant escompte d'achats non remboursables;;FILLER;vazio;;RPAD (' ', 3)
1;;4457;19;P1_16_30;P1 16.30;ALPHA;Devise du montant escompte d'achats non rembo;;FILLER;vazio;;RPAD (' ', 19)
1;;4476;3;P1_16_31;P1 16.31;NUM;Montant de l'ajustement spécifique du risque ;;FILLER;vazio;;RPAD (' ', 3)
1;;4479;19;P1_16_32;P1 16.32;ALPHA;Devise du montant de l'ajustement spécifique ;;FILLER;vazio;;RPAD (' ', 19)
1;;4498;3;P1_16_33;P1 16.33;NUM;Valeur exposée au risque des positions déduit;;FILLER;vazio;;RPAD (' ', 3)
1;;4501;19;P1_16_34;P1 16.34;ALPHA;Devise de la valeur exposée au risque des pos;;FILLER;vazio;;RPAD (' ', 19)
1;;4520;3;P1_16_35;P1 16.35;NUM;Montant de l'ajustement des risques pondérés ;;FILLER;vazio;;RPAD (' ', 3)
1;;4523;19;P1_16_36;P1 16.36;ALPHA;Devise du montant de l'ajustement des risques;;FILLER;vazio;;RPAD (' ', 19)
1;;4542;3;P1_16_37;P1 16.37;NUM;Montant de RWA supplémentaire pour non-confor;;FILLER;vazio;;RPAD (' ', 3)
1;;4545;19;P1_16_38;P1 16.38;ALPHA;Devise du montant de RWA supplémentaire pour ;;FILLER;vazio;;RPAD (' ', 19)
1;;4564;3;P1_16_39;P1 16.39;NUM;Montant du gain RWA obtenu par le CAP sur la ;;FILLER;vazio;;RPAD (' ', 3)
1;;4567;19;P1_16_40;P1 16.40;ALPHA;Devise du montant du gain RWA obtenu par le C;;FILLER;vazio;;RPAD (' ', 19)
1;;4586;3;P1_16_41;P1 16.41;NUM;Montant du gain RWA obtenu par le CAP sur les;;FILLER;vazio;;RPAD (' ', 3)
1;;4589;2;P1_16_42;P1 16.42;ALPHA;Devise du montant du gain RWA obtenu par le C;;FILLER;vazio;;RPAD (' ', 2)
1;;4591;2;P1_28_3;P1 28.3;ALPHA;Nature du financement;;FILLER;vazio;;RPAD (' ', 2)
1;;4593;2;P1_28_4;P1 28.4;ALPHA;Type d'origination opération à effet de levie;;FILLER;vazio;;RPAD (' ', 2)
1;;4595;20;P1_28_5;P1 28.5;ALPHA;Type clause contrat covenant;;FILLER;vazio;;RPAD (' ', 20)
1;;4615;10;P1_28_6;P1 28.6;ALPHA;Identifiant local du tiers sponsor financier;;FILLER;vazio;;RPAD (' ', 10)
1;;4625;15;P1_28_7;P1 28.7;ALPHA;Identifiant central du tiers sponsor financie;;FILLER;vazio;;RPAD (' ', 15)
1;;4640;19;P1_28_8;P1 28.8;NUM;Ratio de levier de l'opération à l'originatio;;FILLER;vazio;;RPAD (' ', 19)
1;;4659;3;P1_28_9;P1 28.9;NUM;Montant de la part de la prise ferme du monta;;FILLER;vazio;;RPAD (' ', 3)
1;;4662;19;P1_28_10;P1 28.10;ALPHA;Devise du montant de la part de la prise ferm;;FILLER;vazio;;RPAD (' ', 19)
1;;4681;3;P1_28_11;P1 28.11;NUM;Montant de la part à syndiquer du montant du ;;FILLER;vazio;;RPAD (' ', 3)
1;;4684;19;P1_28_12;P1 28.12;ALPHA;Devise du montant de la part à syndiquer du m;;FILLER;vazio;;RPAD (' ', 19)
1;;4703;3;P1_28_13;P1 28.13;NUM;Montant de la part à syndiquer non cédé;;FILLER;vazio;;RPAD (' ', 3)
1;168;4706;3;P1_28_14;P1 28.14;ALPHA;Devise du montant de la part à syndiquer non ;;BAIXA;ok; EU;'EUR'
1;169;4709;12;P1_50_1;P1 50.1;ALPHA;Devise de liasse de l'entité;;BAIXA;ok;RA5171100    / RA5231100   ;RPAD(NVL(C_ENR.PCEC_MNT_RISQUE, ' '), 12)
1;170;4721;19;P1_50_2;P1 50.2;ALPHA;PCCO - Montant du principal 1;;BAIXA;ok; +00000000000000000 /  +00000000000000150;RPAD(pack_utilitaire.f_format_montant_bis2(C_ENR.MNT_RISQUE),19)
1;;4740;12;P1_50_3;P1 50.3;NUM;Montant du principal 1;;FILLER;ok;0            / 1           ;RPAD(' ',12)
1;;4752;19;P1_50_4;P1 50.4;ALPHA;PCCO - Montant du principal 2;;FILLER;vazio;;RPAD(' ',19)
1;171;4771;12;P1_50_5;P1 50.5;NUM;Montant du principal 2;;BAIXA;incoerente; A5177100    /  A5237100   ;RPAD(NVL(C_ENR.PCEC_ICNE, ' '), 12)
1;172;4783;19;P1_50_8;P1 50.8;ALPHA;PCCO - Montant des Dettes et créances rattach;;BAIXA;ok; +00000000000000000 /  +00000000000000085;RPAD(pack_utilitaire.f_format_montant_bis2(C_ENR.MNT_ICNE),19)
1;;4802;12;P1_50_9;P1 50.9;NUM;Montant des Dettes et créances rattachées;;FILLER;ok;0            / 1           ;RPAD(' ',12)
1;;4814;19;P1_50_14;P1 50.14;ALPHA;PCCO - Montant Marge initiale - Fonds de défa;;FILLER;vazio;;RPAD(' ',19)
1;;4833;12;P1_50_15;P1 50.15;NUM;Montant Marge initiale - Fonds de défaut;;FILLER;vazio;;RPAD(' ',12)
1;;4845;19;P1_50_16;P1 50.16;ALPHA;PCCO - Montant Marge variable;;FILLER;vazio;;RPAD(' ',19)
1;;4864;12;P1_50_17;P1 50.17;NUM;Montant Marge variable;;FILLER;vazio;;RPAD(' ',12)
1;;4876;19;P1_50_18;P1 50.18;ALPHA;PCCO - Montant Impacts JV;;FILLER;vazio;;RPAD(' ',19)
1;173;4895;2;P1_50_19;P1 50.19;NUM;Montant Impacts JV;P1 21.22;ALTA;vazio;;RPAD(NVL(C_ENR.MOTIF_MRTR,' '),2)
1;174;4897;8;P1_21_22;P1 21.22;ALPHA;Motif du moratoire;P1 21.23;ALTA;vazio;;RPAD(NVL(TO_CHAR(C_ENR.DT_DEBUT_MRTR, 'YYYYMMDD'), ' '),8)
1;175;4905;6;P1_21_23;P1 21.23;DATE;Date de début du moratoire;P1 21.29;ALTA;vazio;;case when C_ENR.DUREE_MRTR is not null then '+'||LPAD(C_ENR.DUREE_MRTR
1;176;4911;2;P1_21_29;P1 21.29;NUM;Durée du moratoire;P1 21.25;ALTA;vazio;;RPAD(NVL(C_ENR.STATUT_MRTR,' '),2)
1;177;4913;1;P1_21_25;P1 21.25;ALPHA;Statut du moratoire;P1 21.26;BAIXA;vazio;;RPAD(NVL(C_ENR.IND_MRTR_LEGISLATIF,' '),1)
1;178;4914;1;P1_21_26;P1 21.26;ALPHA;Indicateur de moratoire législatif;P1 21.27;BAIXA;vazio;;RPAD(NVL(C_ENR.IND_MRTR_CONTRACTUEL,' '),1)
1;179;4915;2;P1_21_27;P1 21.27;ALPHA;Indicateur de moratoire contractuel;P1 21.28;ALTA;vazio;;RPAD(NVL(C_ENR.CHAMP_APPL_MRTR,' '),2)
1;180;4917;19;P1_21_28;P1 21.28;ALPHA;Champ d'application du moratoire;P1 21.30;ALTA;vazio;;case when C_ENR.MNT_MRTR is not null then RPAD(pack_utilitaire.f_forma
1;181;4936;3;P1_21_30;P1 21.30;NUM;Montant des échéances reportées;P1 21.31;ALTA;vazio;;case when C_ENR.MNT_MRTR is not null then RPAD(NVL(C_ENR.DEV_MRTR,' ')
1;;4939;15;P1_21_31;P1 21.31;ALPHA;Devise du montant des échéances reportées;P1 21.32;FILLER;vazio;;RPAD(' ',15)
1;;4954;3;P1_21_32;P1 21.32;ALPHA;Méthode de convention des taux sans risque (R;P1 21.33;FILLER;vazio;;RPAD(' ',3)
1;;4957;12;P1_21_33;P1 21.33;ALPHA;Durée de convention des taux sans risque (RFR;P1 15;FILLER;vazio;;RPAD(' ',12)
1;;4969;12;P1_15;P1 15;ALPHA;Numéro de compte local (PCI) de l'encours;P1 16;FILLER;vazio;;RPAD(' ',12)
1;;4981;12;P1_16;P1 16;ALPHA;Numéro de compte PCCA de l'encours en norme I;P1 14;FILLER;vazio;;RPAD(' ',12)
1;;4993;12;P1_14;P1 14;ALPHA;Numéro de compte PCCA de l'encours en NF;P1 50.20;FILLER;vazio;;RPAD(' ',12)
1;;5005;19;P1_50_20;P1 50.20;ALPHA;PCCO - Montant du principal 3;P1 50.21;FILLER;vazio;;RPAD(' ',19)
1;;5024;1;P1_50_21;P1 50.21;NUM;Montant du principal 3;P1 21.34;FILLER;vazio;;RPAD(' ',1)
1;;5025;1;P1_21_34;P1 21.34;ALPHA;Indicateur de créance titrisable;P1 21.35;FILLER;vazio;;RPAD(' ',1)
1;;5026;19;P1_21_35;P1 21.35;ALPHA;Indicateur de créance pour émission de covere;P1 21.36;FILLER;vazio;;RPAD(' ',19)
1;;5045;3;P1_21_36;P1 21.36;NUM;Montants liquidatifs estimés;P1 21.37;FILLER;vazio;;RPAD(' ',3)
1;;5048;10;P1_21_37;P1 21.37;ALPHA;Devise des montants liquidatifs estimés;P1 21.47;FILLER;vazio;;RPAD(' ',10)
1;;5058;7;P1_21_47;P1 21.47;NUM;Pondération Bâloise de l'engagement pour le c;P1 21.48;FILLER;vazio;;RPAD(' ',7)
1;;5065;19;P1_21_48;P1 21.48;ALPHA;Méthode de titrisation pour le calcul de l'Ou;P1 21.49;FILLER;vazio;;RPAD(' ',19)
1;;5084;3;P1_21_49;P1 21.49;NUM;Montant des ajustements de risques pondérés l;P1 21.50;FILLER;vazio;;RPAD(' ',3)
1;;5087;19;P1_21_50;P1 21.50;ALPHA;Devise du montant des ajustements de risques ;P1 21.51;FILLER;vazio;;RPAD(' ',19)
1;;5106;3;P1_21_51;P1 21.51;NUM;Montant de RWA supplémentaire pour non-confor;P1 21.52;FILLER;vazio;;RPAD(' ',3)
1;;5109;19;P1_21_52;P1 21.52;ALPHA;Devise du montant de RWA supplémentaire pour ;P1 21.53;FILLER;vazio;;RPAD(' ',19)
1;;5128;3;P1_21_53;P1 21.53;NUM;Montant du gain RWA obtenu par le CAP sur la ;P1 21.54;FILLER;vazio;;RPAD(' ',3)
1;182;5131;1;P1_21_54;P1 21.54;ALPHA;Devise du gain RWA obtenu par le CAP sur la p;P1 21.44;BAIXA;vazio;;RPAD(NVL(C_ENR.IND_EXPO_QUAL_ELEVEE,' '),1)
1;183;5132;1;P1_21_44;P1 21.44;ALPHA;Indicateur d'exposition de qualité élevée;P1 21.45;BAIXA;vazio;;RPAD(NVL(C_ENR.IND_PHASE_OPE_PROJ_FIN,' '),1)
1;184;5133;1;P1_21_45;P1 21.45;ALPHA;Indicateur de la phase opérationnelle du proj;P1 21.46;BAIXA;ok;N / Y;RPAD(NVL(C_ENR.IND_CONF_CRIT_OPE,' '),1)
1;185;5134;1;P1_21_46;P1 21.46;ALPHA;Indicateur de conformité des critères opérati;P1 21.38;BAIXA;ok;Y;RPAD(NVL(C_ENR.IND_IPRE,' '),1)
1;186;5135;1;P1_21_38;P1 21.38;ALPHA;Indicateur d'exposition garantie par un bien ;P1 21.39;BAIXA;ok;N / Y;RPAD(NVL(C_ENR.IND_EXPO_ADC,' '),1)
1;187;5136;1;P1_21_39;P1 21.39;ALPHA;Indicateur d'exposition sur acquisition, déve;P1 21.40;BAIXA;ok;N;RPAD(NVL(C_ENR.IND_REAL_COND_PONDERATION_PREFE,' '),1)
1;;5137;1;P1_21_40;P1 21.40;ALPHA;Réalisation des conditions de pondération pré;P1 21.41;FILLER;ok;1;RPAD(' ',1)
1;;5138;1;P1_21_41;P1 21.41;ALPHA;Indicateur de dépôt en espèces substantiel;P1 21.42;FILLER;vazio;;RPAD(' ',1)
1;188;5139;15;P1_21_42;P1 21.42;ALPHA;Indicateur d'apport en fonds propres substant;P1 21.43;ALTA;ok; +0000000000000 /  +0001200000000;RPAD(pack_utilitaire.F_FORMAT_TAUX_15(C_ENR.ETV_RATIO),15)
1;;5154;1;P1_21_43;P1 21.43;NUM;Ratio prudentiel d'Exposition/valeur (ETV);P1 21.56;FILLER;ok;0;RPAD(' ',1)
1;;5155;1;P1_21_56;P1 21.56;ALPHA;Indicateur Intention de revente à court terme;P1 21.57;FILLER;vazio;;RPAD(' ',1)
1;;5156;1;P1_21_57;P1 21.57;ALPHA;Indicateur d'investissement en Capital Risque;P1 21.58;FILLER;vazio;;RPAD(' ',1)
1;;5157;1;P1_21_58;P1 21.58;ALPHA;Indicateur d'investissement dans un programme;P1 21.59;FILLER;vazio;;RPAD(' ',1)
1;;5158;15;P1_21_59;P1 21.59;ALPHA;Indicateur de participation stratégique depui;P1 21.60;FILLER;vazio;;RPAD(' ',15)
1;;5173;10;P1_21_60;P1 21.60;NUM;Taux historique de pondération de la particip;P1 21.61;FILLER;vazio;;RPAD(' ',10)
1;;5183;10;P1_21_61;P1 21.61;NUM;Perte en cas de défaut (LGD) de la part d'enc;P1 21.62;FILLER;vazio;;RPAD(' ',10)
1;;5193;19;P1_21_62;P1 21.62;NUM;Perte en cas de défaut (LGD) de la part d'enc;P1 21.63;FILLER;vazio;;RPAD(' ',19)
1;;5212;3;P1_21_63;P1 21.63;NUM;Montant d'encours pour la partie couverte par;P1 21.64;FILLER;vazio;;RPAD(' ',3)
1;;5215;5;P1_21_64;P1 21.64;ALPHA;Devise du montant d'encours pour la partie co;P1 21.65;FILLER;vazio;;RPAD(' ',5)
1;189;5220;1;P1_21_65;P1 21.65;ALPHA;Entité juridique de rattachement du contrat d;P1 21.66;BAIXA;vazio;;RPAD(NVL(C_ENR.IND_UCC,' '),1)
1;;5221;1;P1_21_66;P1 21.66;ALPHA;Indicateur d'engagement hors bilan annulable ;P1 21.67;FILLER;ok;N;RPAD(' ',1)
1;190;5222;1;P1_21_67;P1 21.67;ALPHA;Indicateur de l'application de l'approche par;P1 21.68;BAIXA;vazio;;RPAD(NVL(C_ENR.NIV_RISQUE_CRR3,' '),1)
1;191;5223;12;P1_21_68;P1 21.68;ALPHA;Niveau de risque CRR3;P1 21.55;ALTA;ok; NA011       /  NA021      ;RPAD(NVL(C_ENR.CD_NAT_OPE_ENG_CALC_FLOOR,' '),12)
1;192;5235;1;P1_21_55;P1 21.55;ALPHA;NATure d'Opération de l'engagement pour le ca;P1 21.69;BAIXA;vazio;;RPAD(NVL(CASE WHEN C_ENR.CD_TYPE_RISQUE LIKE 'VAR%' THEN 'N' ELSE NULL
1;;5236;20;P1_21_69;P1 21.69;ALPHA;Indicateur de calcul de l'ajustement de l'éva;P1 21.89;FILLER;vazio;;RPAD(' ',20)
1;;5256;10;P1_21_89;P1 21.89;ALPHA;Identifiant local du client de l'intermédiair;P1 21.90;FILLER;vazio;;RPAD(' ',10)
1;193;5266;1;P1_21_90;P1 21.90;ALPHA;Identifiant central du client de l'intermédia;P1 8.13;BAIXA;vazio;;RPAD(NVL(C_ENR.USAGE_BIEN_FINANCE,' '),1)
1;194;5267;40;P1_8_13;P1 8.13;ALPHA;Usage du bien immobilier financé;P1 21.71;ALTA;ok;0                                        / 2ARGENTON LES VALLEES                   ;RPAD(NVL(C_ENR.COMMUNE,' '),40)
1;195;5307;40;P1_21_71;P1 21.71;ALPHA;Lieu d'investissement du bien principal finan;P1 21.72;ALTA;ok; 10 RUE ANDRE CITROEN                    /  16 AV DU GENERAL DE GAULLE             ;RPAD(NVL(C_ENR.NUM_VOIE,' '),40)
1;196;5347;40;P1_21_72;P1 21.72;ALPHA;Lieu d'investissement du bien principal finan;P1 21.73;ALTA;ok; CABINET VETERINAIRE                     /  PA DE LA BAYONNE                       ;RPAD(NVL(C_ENR.EXTENSION,' '),40)
1;197;5387;40;P1_21_73;P1 21.73;ALPHA;Lieu d'investissement du bien principal finan;P1 21.74;ALTA;ok; 10 RUE ANDRE CITROEN                    /  16 AV DU GENERAL DE GAULLE             ;RPAD(NVL(C_ENR.TYPE_VOIE,' '),40)
1;198;5427;40;P1_21_74;P1 21.74;ALPHA;Lieu d'investissement du bien principal finan;P1 21.75;ALTA;ok; 10 RUE ANDRE CITROEN                    /  16 AV DU GENERAL DE GAULLE             ;RPAD(NVL(C_ENR.LIB_VOIE,' '),40)
1;199;5467;40;P1_21_75;P1 21.75;ALPHA;Lieu d'investissement du bien principal finan;P1 21.76;ALTA;vazio;;RPAD(NVL(C_ENR.LIEU_DIT,' '),40)
1;200;5507;11;P1_21_76;P1 21.76;ALPHA;Lieu d'investissement du bien principal finan;P1 21.77;ALTA;ok; +43.627931 /  +44.970199;RPAD(NVL(C_ENR.LATITUDE,' '),11)
1;201;5518;12;P1_21_77;P1 21.77;NUM;Lieu d'investissement du bien principal finan;P1 21.78;ALTA;incoerente;0+000.526142 / 4+000.220485;RPAD(NVL(C_ENR.LONGITUDE,' '),12)
1;;5530;1;P1_21_78;P1 21.78;NUM;Lieu d'investissement du bien principal finan;P1 21.94;FILLER;ok;0 / 1;RPAD(' ',1)
1;;5531;2;P1_21_94;P1 21.94;ALPHA;Indicateur d'actif liquide de haute qualité (;P1 21.95;FILLER;vazio;;RPAD(' ',2)
1;;5533;1;P1_21_95;P1 21.95;ALPHA;Niveau de l'actif liquide de haute qualité (H;P1 21.79;FILLER;vazio;;RPAD(' ',1)
1;202;5534;3;P1_21_79;P1 21.79;ALPHA;Indicateur Titre de Participation;P1 21.80;ALTA;vazio;;RPAD(NVL(C_ENR.CLASS_CPT_ELEMENT_COUV_DERIVE,' '),3)
1;203;5537;10;P1_21_80;P1 21.80;ALPHA;Classification comptable de l'élément couvert;P1 21.81;ALTA;ok; +00000000 /  +00131562;RPAD(pack_utilitaire.F_FORMAT_TAUX(C_ENR.TX_DSCR),10)
1;204;5547;10;P1_21_81;P1 21.81;NUM;DSCR (ratio de couverture des charges d'empru;P1 21.82;ALTA;incoerente;0+00000000 / 7+10002261;RPAD(pack_utilitaire.F_FORMAT_TAUX(C_ENR.TX_DSCR_PREC),10)
1;;5557;15;P1_21_82;P1 21.82;NUM;DSCR (ratio de couverture des charges d'empru;P1 21.83;FILLER;ok;0              ;RPAD(' ',15)
1;;5572;15;P1_21_83;P1 21.83;NUM;Ratio de couverture des intérêts (ICR) revalo;P1 21.84;FILLER;vazio;;RPAD(' ',15)
1;;5587;15;P1_21_84;P1 21.84;NUM;Ratio prêts-coûts (LTC) à l'octroi;P1 21.85;FILLER;vazio;;RPAD(' ',15)
1;205;5602;1;P1_21_85;P1 21.85;NUM;Taux de précommercialisation / prélocation à ;P1 21.86;BAIXA;vazio;;RPAD(NVL(C_ENR.CD_TYPE_BIEN_COMM,' '),1)
1;206;5603;1;P1_21_86;P1 21.86;ALPHA;Type de bien commercial;P1 21.87;BAIXA;ok;2 / 3;RPAD(NVL(C_ENR.CD_EMPLACE_BIEN_COMM,' '),1)
1;207;5604;1;P1_21_87;P1 21.87;ALPHA;Emplacement du bien immobilier commercial;P1 21.88;BAIXA;ok;2;RPAD(NVL(C_ENR.IND_OPE_AVEC_RECOURS,' '),1)
1;;5605;19;P1_21_88;P1 21.88;ALPHA;Indicateur d'opération avec recours;P1 21.91;FILLER;ok;N                   / Y                  ;RPAD(' ',19)
1;;5624;3;P1_21_91;P1 21.91;NUM;Montant des variations cumulées de la juste v;P1 21.92;FILLER;vazio;;RPAD(' ',3)
1;;5627;5;P1_21_92;P1 21.92;ALPHA;Devise du montant des variations cumulées de ;P1 21.93;FILLER;vazio;;RPAD(' ',5)
1;;5632;20;P1_21_93;P1 21.93;ALPHA;Numéro du dernier billet financier apériodiqu;P1 31.51;FILLER;vazio;;RPAD(' ',20)
1;;5652;19;P1_31_51;P1 31.51;ALPHA;Identifiant du contrat maître en responsabili;P1 31.52;FILLER;vazio;;RPAD(' ',19)
1;;5671;3;P1_31_52;P1 31.52;NUM;Montant en responsabilité solidaire;P1 31.53;FILLER;vazio;;RPAD(' ',3)
1;208;5674;24;P1_31_53;P1 31.53;ALPHA;Devise du montant en responsabilité solidaire;;BAIXA;vazio;;lPAD(' ', 24)
2;1;0;8;P1_H_0_1;0.1 (P1);DATE;Date d'arrêté;;MEDIA;ok;20250630;to_char(C_ENR.dt_arrete, 'YYYYMMDD')
2;2;8;5;P1_H_0_2;0.2 (P1);ALPHA;Entité Porteuse de Risques;;MEDIA;ok;00357 / 00370;RPAD(NVL(C_ENR.CD_CONSO_CPT,' '), 5)
2;3;13;12;P1_H_0_3;0.3 (P1);ALPHA;Application source;;MEDIA;ok;C_BTR       ;RPAD(NVL(C_ENR.APPLI_SOURCE,'C_BTR'), 12)
2;4;25;1;P1_H_0_4;0.4 (P1);ALPHA;Fréquence de transmission;;MEDIA;ok;M;'M'
2;5;26;12;P1_H_0_5;0.5 (P1);ALPHA;Date et Heure de traitement;;MEDIA;ok;202608241214;:MASYSDATE
2;6;38;2;P1_H_0_6;0.6 (P1);ALPHA;Type d'enregistrement;;MEDIA;ok;P1;'P1'
2;;40;10;P1_H_0_7;0.7 (P1);ALPHA;Nature de flux (Zone réservée DRG);;FILLER;vazio;;RPAD(' ', 10)
2;7;50;20;P1_H_1_1;1.1 (P1);ALPHA;Identifiant local du tiers en risque;;MEDIA;ok;EN1001720            / EN100438            ;RPAD(NVL(C_ENR.ID_TIERS_CALC, ' '), 20)
2;;70;10;P1_H_1_2;1.2 (P1);ALPHA;Identifiant central du tiers en risque;;FILLER;vazio;;RPAD(' ', 10)
2;8;80;30;P1_H_1_4;1.4 (P1);ALPHA;Référence de l'Autorisation Mise En Place;;MEDIA;ok;F1-*0019                       / F1200622-M0                   ;RPAD(NVL(C_ENR.ID_AUTORISATION, ' '), 30)
2;9;110;30;P1_H_1_6;1.6 (P1);ALPHA;Référence de la ligne de détail de l'Autorisa;;MEDIA;ok;F2-*0019                       / F2200622-M0                   ;RPAD(NVL(C_ENR.ID_LIGNE_DET, ' '), 30)
2;;140;40;P1_H_1_8;1.8 (P1);ALPHA;Identifiant de la sûreté reçue;;FILLER;vazio;;RPAD(' ', 40)
2;10;180;40;P1_H_1_11;1.11 (P1);ALPHA;Identifiant de l'engagement;;MEDIA;ok;200622VM0_C                              / 202878FN0_C                             ;RPAD(C_ENR.ID_ENGAGEMENT || '_S',40)
2;;220;40;P1_H_1_16;1.16 (P1);ALPHA;Référence de la provision sur tiers;;FILLER;vazio;;RPAD(' ', 40)
2;;260;20;P1_H_1_99;1.99 (P1);ALPHA;Filler;;FILLER;vazio;;RPAD(' ', 20)
2;11;280;7;P1_1_1;P1 1.1;ALPHA;Méthodologie Bâloise;;MEDIA;ok;STD    ;RPAD(NVL(C_ENR.CD_METHODO_BALE2, 'STD'),7)
2;12;287;2;P1_1_2;P1 1.2;ALPHA;Traitement moteur bâlois;;MEDIA;ok;07;RPAD(NVL(C_ENR.CODE_TRAIT_MOTEUR, '01'),2)
2;13;289;1;P1_4_34;P1 4.34;ALPHA;Traitement GRR;;MEDIA;ok;Y;'Y'
2;14;290;6;P1_2_0;P1 2.0;ALPHA;Type de risque;;MEDIA;ok;TRE401 / TRE501;RPAD(C_ENR.CD_TYPE_RISQUE,6)
2;15;296;1;P1_2_4;P1 2.4;ALPHA;Portefeuille de booking Intention de Gestion;;MEDIA;ok;B;NVL(C_ENR.CD_PORTEFEUILLE_BOOKING,'B')
2;16;297;5;P1_2_6;P1 2.6;ALPHA;Ligne Métier;;MEDIA;ok;MLE00;RPAD(C_ENR.CD_LIGNE_METIER,5)
2;17;302;3;P1_2_18;P1 2.18;ALPHA;Portefeuille Bâle Opération;;MEDIA;ok;061 / 900;RPAD(C_ENR.CD_PORTEFEUILLE_BALE2,3)
2;18;305;12;P1_2_29;P1 2.29;ALPHA;NATure d'Opération de l'engagement;;MEDIA;ok;NA011        / NA021       ;RPAD(nvl(C_ENR.CD_NATURE_OPE, 'NA020'),12)
2;19;317;8;P1_3_2;P1 3.2;DATE;Date de début de l'engagement;;MEDIA;ok;20081203 / 20120130;RPAD(NVL(TO_CHAR(C_ENR.DT_DEBUT_ENG, 'YYYYMMDD'), ' '), 8)
2;20;325;8;P1_3_4;P1 3.4;DATE;Date de fin de l'engagement;;MEDIA;ok;20250630 / 20250714;NVL(TO_CHAR(add_months(C_ENR.DT_ARRETE,12), 'YYYYMMDD'),'99990630')
2;;333;10;P1_16_6;P1 16.6;NUM;Pondération Bâloise de l'engagement (%);;FILLER;vazio;;RPAD(' ', 10)
2;21;343;10;P1_18_1;P1 18.1;NUM;Loss Given Default (LGD);;MEDIA;ok;+000000000;pack_utilitaire.F_FORMAT_TAUX(C_ENR.TX_LGD_PREDICTIF_LOCAL)
2;22;353;10;P1_18_10;P1 18.10;NUM;Crédit Conversion Factor (CCF);;MEDIA;ok;+000000000;pack_utilitaire.F_FORMAT_TAUX(C_ENR.TX_TRC)
2;23;363;19;P1_18_5;P1 18.5;NUM;Montant de l'Exposition en cas de Défaut (EAD;;MEDIA;ok;+000000000000000000;pack_utilitaire.f_format_montant_bis2(CASE WHEN nvl((C_ENR.MNT_EAD_TOT
2;24;382;3;P1_18_17;P1 18.17;ALPHA;Devise du montant de l'Exposition en cas de D;;MEDIA;ok;EUR;RPAD(NVL(C_ENR.CD_DEVISE_MNT_RISQ, ' '), 3)
2;25;385;3;P1_18_18;P1 18.18;ALPHA;Devise d'origine du contrat;;MEDIA;ok;EUR;RPAD(NVL(C_ENR.CD_DEVISE_MNT_RISQ, ' '), 3)
2;;388;50;P1_3_98;P1 3.98;ALPHA;Zone réservée locale;;FILLER;vazio;;RPAD(' ', 50)
2;;438;2;P1_21_1;P1 21.1;ALPHA;Indicateur Type de Restructuration;;FILLER;vazio;;RPAD(' ', 2)
2;26;440;8;P1_21_2;P1 21.2;DATE;Date de Restructuration;;MEDIA;ok;20170131 / 20200508;RPAD(NVL(TO_CHAR(C_ENR.DT_RESTRUCTURATION, 'YYYYMMDD'), ' '), 8)
2;27;448;1;P1_5_5;P1 5.5;ALPHA;Indicateur Arriéré de paiement;;MEDIA;ok;N;NVL(C_ENR.CD_ARR_PAIEMENT, 'N')
2;28;449;1;P1_4_1;P1 4.1;ALPHA;Indicateur Impayé prudentiel;;MEDIA;ok;N / Y;NVL(C_ENR.CD_IMP_PRUDENT, 'N')
2;29;450;1;P1_5_2;P1 5.2;ALPHA;Indicateur Engagement en défaut;;MEDIA;ok;N / Y;NVL(C_ENR.TOP_ENG_DOUTEUX, 'N')
2;30;451;8;P1_5_3;P1 5.3;DATE;Date de passage en engagement en défaut;;MEDIA;ok;20240715 / 20241203;Case When C_ENR.TOP_ENG_DOUTEUX = 'Y' then to_char(nvl(C_ENR.DT_ENG_DO
2;;459;1;P1_4_2;P1 4.2;NUM;Montant du solde de compte;;FILLER;vazio;;RPAD(' ',1)
2;;460;16;P1_4_2;P1 4.2;NUM;Montant du solde de compte;;FILLER;vazio;;RPAD(' ',16)
2;;476;2;P1_4_2;P1 4.2;NUM;Montant du solde de compte;P1 4.2;FILLER;vazio;;RPAD(' ',2)
2;31;478;3;P1_4_3;P1 4.3;ALPHA;Devise du montant du solde de compte;P1 4.3;ALTA;ok;EUR;RPAD(NVL(C_ENR.CD_DEVISE_MNT_RISQ, 'EUR'), 3)
2;32;481;22;P1_4_4;P1 4.4;NUM;Montant du découvert;;BAIXA;vazio;;CASE WHEN C_ENR.CD_TYPE_RISQUE='TRE201' THEN '+0000000000000000'|| RPA
2;33;503;19;P1_4_9;P1 4.9;NUM;Montant du capital restant dû;;MEDIA;ok;+000000000000000000 / +000000000000001500;pack_utilitaire.f_format_montant_bis2(0)
2;34;522;3;P1_4_13;P1 4.13;ALPHA;Devise du montant du capital restant dû;;MEDIA;ok;EUR;RPAD(NVL(C_ENR.CD_DEVISE_MNT_RISQ, ' '), 3)
2;35;525;19;P1_4_14;P1 4.14;NUM;Montant des loyers;;MEDIA;ok;+000000000000000100 / +000000000000005814;pack_utilitaire.f_format_montant_bis2(nvl(C_ENR.MNT_SOLD_K_A,0))
2;36;544;3;P1_4_15;P1 4.15;ALPHA;Devise d'origine des loyers;;MEDIA;ok;EUR;RPAD(NVL(C_ENR.CD_DEVISE_CRD, 'EUR'), 3)
2;;547;22;P1_4_16;P1 4.16;NUM;Montant du nominal de l'engagement;;FILLER;vazio;;RPAD (' ', 22)
2;37;569;12;P1_4_18;P1 4.18;ALPHA;Zone libre (Ex PCCO du montant demandé);;MEDIA;ok;A5171100     / A5231100    ;RPAD (nvl(C_ENR.PCCO_MNT_SOLDE,' '), 12)
2;38;581;19;P1_4_6;P1 4.6;NUM;Montant des intérêts restant dus;;MEDIA;ok;+000000000000000000;Case when (C_ENR.CD_TYPE_RISQUE LIKE 'TRE5%' OR C_ENR.CD_TYPE_RISQUE L
2;39;600;3;P1_4_7;P1 4.7;ALPHA;Devise du montant des intérêts restant dus;;MEDIA;ok;EUR;RPAD(NVL(C_ENR.CD_DEVISE_MNT_RISQ, ' '), 3)
2;40;603;12;P1_4_19;P1 4.19;ALPHA;Zone libre (Ex PCCO – des intérêts restant du;;MEDIA;ok;A5177100     / A5237100    ;RPAD(NVL(C_ENR.PCEC_ICNE, ' '), 12)
2;;615;10;P1_4_20;P1 4.20;NUM;Taux facial du prêt fixe;;FILLER;vazio;;RPAD (' ', 10)
2;41;625;19;P1_4_21;P1 4.21;NUM;Montant de la décote sur actif déprécié à l'a;;MEDIA;ok;+000000000000000000 / +000000000000000100;CASE WHEN C_ENR.MNT_VTR IS null THEN RPAD (' ', 19) ELSE pack_utilitai
2;42;644;3;P1_4_22;P1 4.22;ALPHA;Devise du montant de la décote sur actif dépr;;MEDIA;ok;EUR;CASE WHEN C_ENR.MNT_VTR IS null THEN RPAD (' ', 3) ELSE 'EUR' END
2;43;647;2;P1_4_23;P1 4.23;ALPHA;Circuit de distribution;;MEDIA;ok;CL;RPAD (nvl(C_ENR.CD_CIRCUIT_DISTRIB, 'CL'),2)
2;;649;61;P1_5_6;P1 5.6;ALPHA;Indicateur 'Prêt Revolving Roll-over';;FILLER;vazio;;RPAD (' ', 61)
2;44;710;1;P1_3_46;P1 3.46;ALPHA;Usage du bien immobilier apporté en garantie;;MEDIA;ok;0 / 2;NVL(C_ENR.CD_USAGE_BIEN_IMM,' ')
2;45;711;1;P1_3_47;P1 3.47;ALPHA;Respect des conditions réglementaires;;MEDIA;ok;Y;NVL(C_ENR.CD_RESPECT_COND, ' ')
2;46;712;19;P1_3_40;P1 3.40;NUM;Valeur de marché du bien immobilier loué à la;;MEDIA;ok;+000000000000000100 / +000000000028520890;Case when C_ENR.CD_TYPE_RISQUE = 'TRE502' and C_ENR.CD_USAGE_BIEN_IMM 
2;47;731;3;P1_3_41;P1 3.41;ALPHA;Devise de la valeur de marché du bien immobil;;MEDIA;ok;EUR;Case when C_ENR.CD_TYPE_RISQUE = 'TRE502' and C_ENR.CD_USAGE_BIEN_IMM 
2;48;734;19;P1_3_42;P1 3.42;NUM;Valeur hypothécaire du bien immobilier loué à;;MEDIA;ok;+000000000000000100 / +000000000028520890;Case when C_ENR.CD_TYPE_RISQUE = 'TRE502' and C_ENR.CD_USAGE_BIEN_IMM 
2;49;753;3;P1_3_43;P1 3.43;ALPHA;Devise de la valeur hypothécaire du bien immo;;MEDIA;ok;EUR;Case when C_ENR.CD_TYPE_RISQUE = 'TRE502' and C_ENR.CD_USAGE_BIEN_IMM 
2;50;756;2;P1_3_44;P1 3.44;ALPHA;Zone libre (Ex Localisation du bien immobilie;;MEDIA;ok;FR;RPAD(nvl(C_ENR.CD_LOC_BIEN, ' '), 2,' ')
2;51;758;1;P1_3_45;P1 3.45;ALPHA;Achat en fin de contrat du bien loué;;MEDIA;ok;1 / 2;C_ENR.CD_ACHAT_FIN_LOC
2;52;759;19;P1_5_19;P1 5.19;NUM;Valeur estimée en fin de période du bien loué;;MEDIA;ok;+000000000000000000 / +000000000000000001;Case when nvl(C_ENR.MNT_VR,0) >= 0 then pack_utilitaire.f_format_monta
2;53;778;3;P1_5_20;P1 5.20;ALPHA;Devise de la valeur estimée en fin de période;;MEDIA;ok;EUR;RPAD(nvl(C_ENR.CD_DEVISE_VR,'EUR'),3)
2;54;781;3;P1_19_5;P1 19.5;ALPHA;Classification comptable de référence des act;;MEDIA;ok;CAM;RPAD(nvl(C_ENR.cla_comp_ref_act_s,' '),3)
2;;784;185;P1_3_56;P1 3.56;ALPHA;Zone libre (Ex PCCO – Valeur du titre en norm;P1 3.56;FILLER;vazio;;RPAD(' ', 185)
2;55;969;20;P1_2_99;P1 2.99;ALPHA;Code méthode IFRS9 - PD à l'origine;P1 2.99;ALTA;ok;LC_MIG_D+            / PME_MIG_C-          ;RPAD(NVL(C_ENR.CD_METH_IFRS9_PD_ORIG,' '), 20)
2;;989;354;P1_3_80;P1 3.80;NUM;Montant du Mark-to-Market (MtM) brut;P1 3.80;FILLER;vazio;;RPAD(' ', 354)
2;;1343;1;P1_16_20;P1 16.20;ALPHA;Indicateur titrisation STS;;FILLER;vazio;;RPAD(' ', 1)
2;;1344;1;P1_16_21;P1 16.21;ALPHA;Eligibilité au traitement différentiel;;FILLER;vazio;;RPAD(' ', 1)
2;;1345;1;P1_16_22;P1 16.22;ALPHA;Position sénior en titrisation des PME;;FILLER;vazio;;RPAD(' ', 1)
2;;1346;2;P1_16_23;P1 16.23;ALPHA;Motif titrisation ERBA;;FILLER;vazio;;RPAD(' ', 2)
2;;1348;3;P1_16_99;P1 16.99;ALPHA;Filler;;FILLER;vazio;;RPAD(' ', 3)
2;56;1351;1;P1_4_31;P1 4.31;ALPHA;Indicateur Produit à sous-jacent;P1 4.31;ALTA;ok;N;RPAD(C_ENR.IND_PROD_SS_JACENT, 1,' ')
2;;1352;38;P1_4_32;P1 4.32;ALPHA;Indicateur de granularité;;FILLER;vazio;;RPAD (' ', 38)
2;;1390;1;P1_4_49;P1 4.49;ALPHA;Indicateur d'engagement de valeur minimale su;;FILLER;vazio;;RPAD(' ', 1)
2;;1391;4;P1_4_99;P1 4.99;ALPHA;Filler;;FILLER;vazio;;RPAD(' ', 4)
2;;1395;24;P1_4_45;P1 4.45;ALPHA;NATure d'Opération des intérêts dus / coupons;;FILLER;vazio;;RPAD (' ', 24)
2;57;1419;6;P1_3_20;P1 3.20;NUM;Maturité résiduelle;;MEDIA;ok;000000 / 000383;Substr(pack_utilitaire.F_FORMAT_TAUX (1) ,4,6)
2;58;1425;1;P1_4_8;P1 4.8;ALPHA;Indicateur bilan hors bilan;;MEDIA;ok;B;RPAD(C_ENR.TOP_ENG, 1)
2;;1426;5;P1_12_16;P1 12.16;ALPHA;Code séniorité;;FILLER;vazio;;RPAD (' ', 5)
2;59;1431;6;P1_4_42;P1 4.42;ALPHA;Type de produit bancaire;;MEDIA;ok;CRED03 / CRED10;RPAD(nvl(C_ENR.CD_TYPE_PROD_BANCAIRE,' '),6,' ')
2;60;1437;8;P1_3_3;P1 3.3;DATE;Date de valeur de prise d'effet du contrat;;MEDIA;ok;20250630;RPAD(nvl(TO_CHAR(C_ENR.DT_ARRETE, 'YYYYMMDD'),' '),8)
2;;1445;7;P1_4_43;P1 4.43;ALPHA;Segment de notation du groupe de risque;;FILLER;vazio;;RPAD (' ', 7)
2;61;1452;8;P1_4_47;P1 4.47;DATE;Date de mise à disposition des fonds;;MEDIA;ok;20081203 / 20120130;RPAD(NVL(TO_CHAR(C_ENR.DT_DISPO_FONDS, 'YYYYMMDD'), ' '), 8)
2;;1460;1;P1_5_99;P1 5.99;ALPHA;Filler;;FILLER;vazio;;RPAD (' ', 1)
2;;1461;60;P1_3_62;P1 3.62;ALPHA;Identifiant local du tiers Garant des titres ;;FILLER;vazio;;RPAD (' ', 60)
2;;1521;74;P1_4_25;P1 4.25;NUM;Montant du Add-on affacturage;;FILLER;vazio;;RPAD (' ', 74)
2;62;1595;1;P1_4_29;P1 4.29;ALPHA;Indicateur créance titrisée;;MEDIA;ok;N;Case when (C_ENR.CD_TYPE_RISQUE LIKE 'TRE2%' OR C_ENR.CD_TYPE_RISQUE L
2;;1596;3;P1_4_40;P1 4.40;ALPHA;Identifiant du Fonds Commun de Titrisation (S;;FILLER;vazio;;RPAD (' ', 3)
2;;1599;1;P1_4_41;P1 4.41;ALPHA;Mode de Titrisation;;FILLER;vazio;;RPAD (' ', 1)
2;;1600;1;P1_4_48;P1 4.48;ALPHA;Indicateur créance titrisée SRT;;FILLER;vazio;;RPAD (' ', 1)
2;;1601;45;P1_4_98;P1 4.98;ALPHA;Zone réservée TRUE SALE;;FILLER;vazio;;RPAD (' ', 45)
2;;1646;10;P1_8_99;P1 8.99;ALPHA;Filler;;FILLER;vazio;;RPAD (' ', 10)
2;;1656;35;P1_4_38;P1 4.38;ALPHA;Indicateur autonomie patrimoniale de l'actif ;;FILLER;vazio;;RPAD (' ', 35)
2;;1691;466;P1_12_3;P1 12.3;ALPHA;Référence du titre sous-jacent;;FILLER;vazio;;RPAD (' ', 466)
2;63;2157;1;P1_21_3;P1 21.3;ALPHA;Evénement de crédit;;MEDIA;ok;1 / 2;RPAD(nvl(C_ENR.EVENMT_CRDT,' '),1)
2;64;2158;1;P1_21_4;P1 21.4;ALPHA;Nature Contextuelle au moment de l'évènement ;;MEDIA;ok;1 / 5;RPAD(nvl(C_ENR.NAT_CONT_EVENMT_CRDT,' '),1)
2;65;2159;1;P1_21_5;P1 21.5;ALPHA;Statut du crédit au sens de la Forbearance;;MEDIA;ok;4;RPAD(nvl(C_ENR.STA_CRDT,' '),1)
2;66;2160;2;P1_21_6;P1 21.6;ALPHA;Indicateur créance performante;;MEDIA;ok;NP / PE;RPAD(nvl(C_ENR.IND_CRE_PERF,' '),2)
2;67;2162;8;P1_21_7;P1 21.7;DATE;Date de première action de forbearance;;MEDIA;vazio;;RPAD (NVL(TO_CHAR(C_ENR.DATE_PREM_ACT_FORB, 'YYYYMMDD'), ' '), 8)
2;68;2170;8;P1_21_8;P1 21.8;DATE;Date de dernière restructuration commerciale;;MEDIA;ok;20170131 / 20200508;RPAD(NVL(TO_CHAR(C_ENR.DATE_DER_REST_COMM, 'YYYYMMDD'), ' '), 8)
2;69;2178;8;P1_21_9;P1 21.9;DATE;Date de la dernière restructuration pour risq;;MEDIA;ok;20240831;RPAD(NVL(TO_CHAR(C_ENR.DATE_DER_REST_RSQ, 'YYYYMMDD'), ' '), 8)
2;70;2186;8;P1_21_10;P1 21.10;DATE;Date d'entrée de la créance en période d'obse;;MEDIA;vazio;;CASE WHEN C_ENR.STA_CRDT NOT IN ('1') THEN RPAD(' ',8) ELSE RPAD(NVL(T
2;71;2194;8;P1_21_11;P1 21.11;DATE;Date de sortie de la créance de la période d';;MEDIA;vazio;;CASE WHEN C_ENR.STA_CRDT NOT IN ('1') THEN RPAD(' ',8) ELSE RPAD(NVL(T
2;72;2202;8;P1_21_12;P1 21.12;DATE;Date d'entrée de la créance en période probat;;MEDIA;ok;20240831;CASE WHEN C_ENR.STA_CRDT NOT IN ('2') THEN RPAD(' ',8) ELSE RPAD(NVL(T
2;73;2210;8;P1_21_13;P1 21.13;DATE;Date de sortie de la créance de la période pr;;MEDIA;ok;20260831;CASE WHEN C_ENR.STA_CRDT NOT IN ('2') THEN RPAD(' ',8) ELSE RPAD(NVL(T
2;74;2218;8;P1_21_14;P1 21.14;DATE;Date théorique de fin de situation forborne;;MEDIA;vazio;;CASE WHEN C_ENR.STA_CRDT NOT IN ('1','2') THEN RPAD(' ',8) ELSE RPAD(N
2;75;2226;8;P1_21_15;P1 21.15;DATE;Date de sortie effective de situation forborn;;MEDIA;ok;20250228;CASE WHEN C_ENR.STA_CRDT NOT IN ('1','2') THEN RPAD(' ',8) ELSE RPAD(N
2;76;2234;8;P1_21_16;P1 21.16;DATE;Date de début de l'état de performance de la ;;MEDIA;ok;20081203 / 20120130;RPAD(NVL(TO_CHAR(C_ENR.DT_PL_NPL, 'YYYYMMDD'), ' '), 8)
2;;2242;2;P1_21_17;P1 21.17;ALPHA;Zone libre (ex Motif de l'état de performance;;FILLER;vazio;;RPAD (' ', 2)
2;;2244;2;P1_21_18;P1 21.18;NUM;Nombre de restructuration pour risque;;FILLER;vazio;;RPAD (' ', 2)
2;;2246;2;P1_21_19;P1 21.19;ALPHA;Méthode de restructuration;;FILLER;vazio;;RPAD (' ', 2)
2;;2248;2;P1_21_99;P1 21.99;ALPHA;Filler;;FILLER;vazio;;RPAD (' ', 2)
2;77;2250;3;P1_22_56;P1 22.56;ALPHA;Indicateur produit échéancé;;MEDIA;ok;ECH;RPAD(nvl(C_ENR.IND_PROD_ECH,' '),3)
2;78;2253;1;P1_22_57;P1 22.57;ALPHA;Indicateur objet métier palier fourni;;MEDIA;ok;N;RPAD(nvl(C_ENR.IND_OBJ_MET_PAL,' '),1)
2;79;2254;40;P1_22_1;P1 22.1;ALPHA;Référence unique du contrat;;MEDIA;ok;200622VM0                                / 202878FN0                               ;RPAD(nvl(C_ENR.REF_UNIQ_ELEM_CONT,' '),40)
2;80;2294;40;P1_22_51;P1 22.51;ALPHA;Référence Unique de l'élément du contrat;;MEDIA;ok;200622VM0                                / 202878FN0                               ;RPAD(nvl(C_ENR.REF_UNIQ_ELEM_CONT,' '),40)
2;;2334;45;P1_22_2;P1 22.2;ALPHA;Indicateur niveau de risque;;FILLER;vazio;;RPAD (' ', 45)
2;81;2379;2;P1_22_5;P1 22.5;ALPHA;Note finale retenue à l'origine;;MEDIA;ok;A  / A+;RPAD(nvl(C_enr.NOTE_FIN_RET_ORI, 'ND'),2)
2;82;2381;10;P1_22_52;P1 22.52;ALPHA;Note externe à l'origine;;MEDIA;vazio;;RPAD(nvl(C_ENR.NOTE_EXT_ORI,' '),10)
2;83;2391;2;P1_22_6;P1 22.6;ALPHA;Organisme de notation à l'origine;;MEDIA;ok;I ;RPAD(nvl(C_ENR.ORGA_NOTATION_ORIG,' '),2,' ')
2;84;2393;2;P1_22_53;P1 22.53;ALPHA;Segment de notation à l'origine;;MEDIA;ok;02 / 03;RPAD(nvl(C_ENR.SEG_NOT_ORI,' '),2)
2;85;2395;46;P1_22_54;P1 22.54;ALPHA;Grille Modèle de notation à l'origine;;MEDIA;ok;044102011071320130114FR                        / 044102011071320150930FR                       ;CASE WHEN C_ENR.GRI_MOD_NOT_ORI IS NULL THEN RPAD(' ',46) ELSE RPAD(nv
2;86;2441;3;P1_22_55;P1 22.55;ALPHA;Méthodologie de notation à l'origine;;MEDIA;ok;999 / C1 ;CASE WHEN C_ENR.METH_NOT_ORI = 'C3' THEN '999' ELSE RPAD(upper(nvl(C_E
2;87;2444;2;P1_22_7;P1 22.7;ALPHA;Objet du financement;P1 22.7;ALTA;ok;04 / 97;RPAD(nvl(C_ENR.OBJ_FINANCIE,'97'),2)
2;88;2446;19;P1_22_8;P1 22.8;NUM;Montant du contrat à l'origine;P1 22.8;ALTA;ok;+000000000000000000 / +000000000000040419;pack_utilitaire.F_FORMAT_MONTANT_BIS2(C_ENR.MNT_CONTRAT_ORIGINE)
2;89;2465;3;P1_22_9;P1 22.9;ALPHA;Devise du montant du contrat à l'origine;P1 22.9;ALTA;ok;EUR;RPAD(nvl(C_ENR.DEV_MNT_CONTRAT_ORIGINE, 'EUR'), 3)
2;90;2468;1;P1_22_12;P1 22.12;ALPHA;Indicateur échéancier fourni;;MEDIA;ok;N;RPAD(nvl(C_ENR.IND_ECH_FOUR,' '),1)
2;91;2469;10;P1_22_13;P1 22.13;NUM;Taux d'intérêt effectif (TIE) à l'origine;;MEDIA;ok;+000000000 / +000028000;pack_utilitaire.F_FORMAT_TAUX(C_ENR.TAUX_INT_EFF_ORI)
2;92;2479;1;P1_22_14;P1 22.14;ALPHA;Type de taux;;MEDIA;ok;F / V;RPAD(nvl(C_ENR.TYPE_TAUX,' '),1)
2;93;2480;12;P1_22_15;P1 22.15;ALPHA;Indice de référence;;MEDIA;ok;EUEI3M      ;RPAD(nvl(C_ENR.IND_REF,' '),12)
2;94;2492;1;P1_22_16;P1 22.16;ALPHA;Type d'amortissement du capital;;MEDIA;ok;L;'F'
2;95;2493;1;P1_22_17;P1 22.17;ALPHA;Fréquence d'amortissement du capital;;MEDIA;ok;M;RPAD(nvl(C_ENR.PRD_AMOR_CAP,' '),1)
2;96;2494;1;P1_22_18;P1 22.18;ALPHA;Fréquence de paiement des intérêts;;MEDIA;ok;M;RPAD(nvl(C_ENR.PRD_PMT_INT,' '),1)
2;97;2495;10;P1_22_19;P1 22.19;NUM;Taux client à l'octroi;;MEDIA;ok;+000000000 / +000028000;pack_utilitaire.F_FORMAT_TAUX(C_ENR.TAUX_CLT_OCT)
2;98;2505;1;P1_22_20;P1 22.20;ALPHA;Modalité de remboursement de la créance;;MEDIA;ok;1;RPAD(nvl(C_ENR.MOD_REMB_CRE,' '),1)
2;99;2506;8;P1_22_21;P1 22.21;DATE;Date de première échéance;;MEDIA;ok;20081203 / 20120130;RPAD(NVL(TO_CHAR(C_ENR.DATE_PREM_ECH, 'YYYYMMDD'), ' '), 8)
2;100;2514;8;P1_22_22;P1 22.22;DATE;Date de fin du différé d'amortissement;;MEDIA;vazio;;RPAD(NVL(TO_CHAR(C_ENR.DATE_FIN_DIFF_AMOR, 'YYYYMMDD'), ' '), 8)
2;101;2522;10;P1_22_23;P1 22.23;NUM;Taux plafond;;MEDIA;ok;+000000000;pack_utilitaire.F_FORMAT_TAUX(C_ENR.TAUX_PLAFOND)
2;102;2532;10;P1_22_24;P1 22.24;NUM;Taux plancher;;MEDIA;ok;+000000000;pack_utilitaire.F_FORMAT_TAUX(C_ENR.TAUX_PLANCHER)
2;103;2542;1;P1_22_25;P1 22.25;ALPHA;Fréquence de révision du taux;;MEDIA;ok;M;RPAD(nvl(C_ENR.PRD_REV_TAUX_UNIT_TMP,' '),1)
2;104;2543;3;P1_22_26;P1 22.26;NUM;Périodicité de révision du taux en nombre;;MEDIA;ok;000 / 001;LPAD(nvl((C_ENR.PRD_REV_TAUX_NBR),0),3,0)
2;105;2546;10;P1_22_27;P1 22.27;NUM;Taux client de la période en cours;;MEDIA;ok;+000000000 / +000028000;pack_utilitaire.F_FORMAT_TAUX(C_ENR.TAUX_CLT_PRD_EN_CRS)
2;106;2556;10;P1_22_28;P1 22.28;NUM;Taux de marge additive;;MEDIA;ok;+000000000 / +000105000;pack_utilitaire.F_FORMAT_TAUX(C_ENR.TAUX_MRG_ADD)
2;107;2566;10;P1_22_29;P1 22.29;NUM;Taux de marge multiplicative;;MEDIA;ok;+000000000;pack_utilitaire.F_FORMAT_TAUX(C_ENR.TAUX_MRG_MULT)
2;108;2576;7;P1_22_30;P1 22.30;ALPHA;Base de calcul des intérêts;;MEDIA;ok;EXA-360 / EXB-EXB;RPAD(nvl(C_ENR.BASE_CAL_INT,' '),7)
2;109;2583;8;P1_22_31;P1 22.31;DATE;Date du premier déblocage de fonds;;MEDIA;ok;20081203 / 20120130;RPAD(NVL(TO_CHAR(C_ENR.DT_PREM_DBLQ_FONDS, 'YYYYMMDD'), ' '), 8)
2;110;2591;19;P1_22_32;P1 22.32;NUM;Montant du premier déblocage de fonds;;MEDIA;ok;+000000000000041631 / +000000000000080816;case when C_ENR.MNT_PREM_DBLQ_FONDS is null then RPAD(' ',19) else pac
2;111;2610;3;P1_22_33;P1 22.33;ALPHA;Devise du montant du premier déblocage de fon;;MEDIA;ok;EUR;RPAD(nvl(C_ENR.DEVISE_PREM_DBLQ_FONDS,'EUR'),3)
2;112;2613;19;P1_22_34;P1 22.34;NUM;Montant du capital théorique restant dû;P1 22.34;ALTA;ok;+000000000000000000 / +000000000000005814;pack_utilitaire.F_FORMAT_MONTANT_BIS2( CASE WHEN C_ENR.CAP_THEO_REST <
2;113;2632;3;P1_22_35;P1 22.35;ALPHA;Devise du montant du capital théorique restan;;MEDIA;ok;EUR;RPAD(nvl(C_ENR.DEVI_CAP_THEO_REST,' '),3)
2;114;2635;1;P1_22_36;P1 22.36;ALPHA;Option de remboursement anticipé;;MEDIA;ok;3;RPAD(NVL(C_ENR.IND_RMB_ANTICIPE,' '),1,' ')
2;115;2636;8;P1_22_37;P1 22.37;DATE;Date du premier arriéré de paiement;P1 22.37;ALTA;vazio;;RPAD(NVL(TO_CHAR(C_ENR.dt_exigte_prem_impy, 'YYYYMMDD'), ' '), 8)
2;116;2644;8;P1_22_38;P1 22.38;DATE;Date de passage de l'encours en douteux compr;P1 22.38;ALTA;vazio;;RPAD(NVL(TO_CHAR(C_ENR.DT_PASSAGE_DOUTEUX_COMPROMIS, 'YYYYMMDD'), ' ')
2;;2652;19;P1_22_39;P1 22.39;NUM;Montant de l'encours en douteux compromis;P1 22.39;FILLER;vazio;;RPAD(' ', 19)
2;;2671;3;P1_22_40;P1 22.40;ALPHA;Devise du montant de l'encours en douteux com;P1 22.40;FILLER;vazio;;RPAD(' ', 3)
2;;2674;8;P1_22_41;P1 22.41;DATE;Date de déchéance du terme;P1 22.41;FILLER;vazio;;RPAD(' ', 8)
2;;2682;10;P1_22_42;P1 22.42;NUM;Loan-to-value ratio (LTV) local à l'octroi;P1 22.42;FILLER;vazio;;RPAD(' ', 10)
2;;2692;10;P1_22_43;P1 22.43;NUM;Loan-to-value ratio (LTV) local revalorisé;P1 22.43;FILLER;vazio;;RPAD(' ', 10)
2;117;2702;19;P1_22_44;P1 22.44;NUM;Montant à l'acquisition du bien financé;P1 22.44;ALTA;ok;+000000000000000000 / +000000000021146523;pack_utilitaire.f_format_montant_bis2(nvl((C_ENR.MNT_ACQUISITION),0))
2;118;2721;3;P1_22_45;P1 22.45;ALPHA;Devise du montant à l'acquisition du bien fin;P1 22.45;ALTA;ok;EUR;RPAD('EUR', 3)
2;;2724;8;P1_22_46;P1 22.46;DATE;Date de revalorisation du bien;P1 22.46;FILLER;vazio;;RPAD(' ', 8)
2;;2732;19;P1_22_47;P1 22.47;NUM;Montant revalorisé du bien financé;P1 22.47;FILLER;vazio;;RPAD(' ', 19)
2;;2751;3;P1_22_48;P1 22.48;ALPHA;Devise du montant revalorisé du bien financé;P1 22.48;FILLER;vazio;;RPAD(' ', 3)
2;;2754;10;P1_22_49;P1 22.49;NUM;Loan-to-income ratio (LTI) local à l'octroi;P1 22.49;FILLER;vazio;;RPAD(' ', 10)
2;;2764;10;P1_22_50;P1 22.50;NUM;Loan-to-income ratio (LTI) local revalorisé;P1 22.50;FILLER;vazio;;RPAD(' ', 10)
2;119;2774;8;P1_22_58;P1 22.58;DATE;Date de début de palier;;MEDIA;ok;20130207 / 20131231;RPAD(NVL(TO_CHAR(C_ENR.DATE_DEB_PALL, 'YYYYMMDD'), ' '), 8)
2;120;2782;8;P1_22_59;P1 22.59;DATE;Date de fin de palier;;MEDIA;ok;20250331 / 20250614;RPAD(NVL(TO_CHAR(add_months(C_ENR.DT_ARRETE,12), 'YYYYMMDD'), ' '), 8)
2;121;2790;19;P1_22_60;P1 22.60;NUM;Montant de l'échéance en cours;;MEDIA;ok;+000000000000000000 / +000000000000007500;pack_utilitaire.F_FORMAT_MONTANT_NEGATIF_19(C_ENR.MNT_ECH_EN_COURS)
2;122;2809;3;P1_22_61;P1 22.61;ALPHA;Devise du montant de l'échéance en cours;;MEDIA;ok;EUR;RPAD(nvl(C_ENR.DEVI_MNT_ECH_EN_COURS,' '),3)
2;123;2812;1;P1_22_62;P1 22.62;ALPHA;Indicateur pré / post fixé;;MEDIA;ok;E;RPAD(nvl(C_ENR.IND_PRE_POST_FIX,' '),1)
2;124;2813;8;P1_22_63;P1 22.63;DATE;Date de début de l'engagement renouvelé;P1 22.63;ALTA;ok;20170131 / 20200508;RPAD(NVL(TO_CHAR(C_ENR.DATE_DEB_ENG_RENVL,'YYYYMMDD'),' '), 8)
2;;2821;12;P1_22_64;P1 22.64;ALPHA;Type de prêt habitat;;FILLER;vazio;;RPAD (' ', 12)
2;125;2833;2;P1_22_66;P1 22.66;ALPHA;Pays de juridiction du contrat;;MEDIA;ok;FR;RPAD(nvl(C_ENR.CD_PAYS_JURIDICTION, ' '), 2)
2;126;2835;8;P1_22_67;P1 22.67;DATE;Date de signature du contrat initial;;MEDIA;ok;20081203 / 20120130;RPAD(NVL(TO_CHAR(C_ENR.DT_SIGNATURE, 'YYYYMMDD'), ' '), 8)
2;;2843;3;P1_22_68;P1 22.68;ALPHA;Evénement déclencheur de la garantie;;FILLER;vazio;;RPAD (' ', 3)
2;127;2846;5;P1_22_70;P1 22.70;ALPHA;Nombre de jours de retard de paiement;;MEDIA;ok;00000;LPAD(NVL(to_char(C_ENR.NB_JOURS_RETARD), ' '),5,'0')
2;128;2851;3;P1_22_71;P1 22.71;ALPHA;Motif du passage en engagement en défaut;;MEDIA;ok;060 / 200;CASE WHEN C_ENR.CD_MOTIF_SCO_LC0267 is NULL then RPAD(' ', 3) ELSE LPA
2;129;2854;2;P1_22_72;P1 22.72;ALPHA;Bucket IFRS9;;MEDIA;ok;B1 / B2;RPAD(nvl(C_ENR.BUCKET_IFRS9,' '),2)
2;;2856;20;P1_22_73;P1 22.73;NUM;Probabilité de défaut à l'origine calculée en;;FILLER;vazio;;RPAD (' ', 20)
2;130;2876;1;P1_23_1;P1 23.1;ALPHA;Eligibilité Outil Mutualisé de provisionnemen;;MEDIA;ok;2 / 4;RPAD(nvl(C_ENR.ELI_OUT_MUT_PROV_S,' '),1)
2;131;2877;7;P1_23_2;P1 23.2;ALPHA;Centre de résultat;;MEDIA;ok;LEASING;RPAD(nvl(C_ENR.CENTRE_RES,' '),7)
2;132;2884;20;P1_23_3;P1 23.3;ALPHA;Système de gestion source;;MEDIA;ok;KSP                  / LIX                 ;RPAD(nvl(C_ENR.SYS_GEST_SRC,' '),20)
2;133;2904;3;P1_23_4;P1 23.4;ALPHA;Classification comptable des actifs en norme ;;MEDIA;ok;CAM;RPAD(nvl(C_ENR.CLA_COMP_ACT_IFRS9_S,' '),3)
2;134;2907;3;P1_23_5;P1 23.5;ALPHA;Classification comptable des actifs en norme ;;MEDIA;ok;PRC;RPAD(nvl(C_ENR.CLA_COMP_ACT_NATIONALE_S,' '),3)
2;135;2910;1;P1_23_6;P1 23.6;ALPHA;Indicateur Actif déprécié dès l'origination;;MEDIA;ok;N;RPAD(nvl(C_ENR.IND_ACT_DEP_ORI,' '),1)
2;136;2911;40;P1_23_7;P1 23.7;ALPHA;Zone libre d'appariement comptable;;MEDIA;ok;A5171100_040_00370_CRBA                  / A5231100_022_00370_CREN                 ;RPAD(C_ENR.PCCO_MNT_SOLDE || nvl(C_ENR.ZONE_APP_COMP,' '),40)
2;;2951;10;P1_23_12;P1 23.12;ALPHA;Zone OMP locale 1;;FILLER;vazio;;RPAD (' ', 10)
2;137;2961;12;P1_23_8;P1 23.8;ALPHA;Code méthode IFRS9 - PD;;MEDIA;vazio;;RPAD (nvl(C_ENR.CD_METH_IFRS9_PD,' '), 12)
2;138;2973;12;P1_23_9;P1 23.9;ALPHA;Code méthode IFRS9 - Loss Given Default (LGD);;MEDIA;ok;DEFAUTLGD    / LGCBI_GAR0  ;RPAD (nvl(C_ENR.CD_METH_IFRS9_LGD,' '), 12)
2;139;2985;12;P1_23_10;P1 23.10;ALPHA;Code méthode IFRS9 - CCF;;MEDIA;ok;CCCALL0010   / CCCALL0020  ;RPAD (nvl(C_ENR.CD_METH_IFRS9_CCF,' '), 12)
2;140;2997;12;P1_23_11;P1 23.11;ALPHA;Code méthode IFRS9 - Taux de remboursement an;;MEDIA;ok;RACBI0001    / RACBM0001   ;RPAD (nvl(C_ENR.CD_METH_IFRS9_TX,' '), 12)
2;;3009;2;P1_23_99;P1 23.99;ALPHA;Filler;;FILLER;vazio;;RPAD (' ', 2)
2;141;3011;1;P1_24_1;P1 24.1;ALPHA;Eligibilité Prudent Valuation;;MEDIA;ok;N;RPAD(NVL(C_ENR.ELIGIB_PRUDENT_VAL,' '),1,' ')
2;;3012;471;P1_24_2;P1 24.2;ALPHA;Motif d'exemption déclaré à l'ajustement à la;;FILLER;vazio;;RPAD (' ', 471)
2;;3483;178;P1_25_1;P1 25.1;NUM;Montant Add-on CAD;P1 25;FILLER;vazio;;RPAD (' ', 178)
2;142;3661;1;P1_26_1;P1 26.1;ALPHA;Indicateur mobilisation de l'actif;;MEDIA;ok;1 / 3;RPAD(NVL(C_ENR.IND_MOBIL_ACTIF,' '),1,' ')
2;143;3662;1;P1_22_11;P1 22.11;ALPHA;Indicateur éligibilité de l'actif à une mobil;;MEDIA;ok;N / Y;RPAD(NVL(C_ENR.ELIG_MOB_BANQUE_CENTRALE, ' '), 1)
2;144;3663;3;P1_26_3;P1 26.3;ALPHA;Référence de mobilisation de l'actif;;MEDIA;ok;1  ;RPAD(NVL(C_ENR.REF_MOB_ACTIF, ' '), 3)
2;145;3666;3;P1_26_4;P1 26.4;ALPHA;Code organisme de mobilisation;;MEDIA;ok;404;RPAD(NVL(C_ENR.CD_ORGA_MOBIL, ' '), 3)
2;;3669;44;P1_26_99;P1 26.99;ALPHA;Zone réservée Asset Encumbrance;;FILLER;vazio;;RPAD (' ', 44)
2;;3713;22;P1_27_1;P1 27.1;NUM;Montant cumulé des recouvrements depuis le dé;;FILLER;vazio;;RPAD (' ', 22)
2;146;3735;1;P1_27_3;P1 27.3;ALPHA;Eligibilité Outil Central ANACREDIT;;MEDIA;ok;1 / 2;RPAD(NVL(C_ENR.IND_ELIGI_OUTI_CTRAL_ANACRD, '2'), 1)
2;147;3736;2;P1_27_4;P1 27.4;ALPHA;Motif exclusion à la déclaration ANACREDIT;;MEDIA;ok;02;RPAD(NVL(C_ENR.MOTIF_EXCLU_ANACREDIT, ' '), 2)
2;;3738;23;P1_27_99;P1 27.99;ALPHA;Filler;;FILLER;vazio;;RPAD (' ', 23)
2;148;3761;1;P1_28_1;P1 28.1;ALPHA;Indicateur opération effet de levier;;MEDIA;ok;0;RPAD (nvl(C_ENR.IND_OPE_EFFET_LEVIER,' '), 1)
2;;3762;1;P1_28_2;P1 28.2;ALPHA;Indicateur sponsor financier majoritaire au c;;FILLER;vazio;;RPAD (' ', 1)
2;149;3763;19;P1_29_1;P1 29.1;NUM;Montant de l'indemnité de résiliation;;MEDIA;ok;+000000000000000000;pack_utilitaire.F_FORMAT_MONTANT_BIS3(C_ENR.MNT_IDEMNITE_RES)
2;150;3782;3;P1_29_2;P1 29.2;ALPHA;Devise du montant de l'indemnité de résiliati;;MEDIA;ok;EUR;RPAD (nvl(C_ENR.CD_DEV_MNT_INDEMNITE,' '), 3)
2;;3785;190;P1_30_1;P1 30.1;ALPHA;Type de contrat cadre;;FILLER;vazio;;RPAD(' ',190)
2;;3975;6;P1_30_22;P1 30.22;ALPHA;Référence du contrat cadre;;FILLER;vazio;;RPAD(' ',6)
2;151;3981;1;P1_30_22;P1 30.22;ALPHA;Référence du contrat cadre;;MEDIA;ok;N;'N'
2;;3982;18;P1_30_23;P1 30.23;ALPHA;Indicateur accord de netting contractuel;;FILLER;vazio;;RPAD (' ', 18)
2;;4000;7;P1_30_24;P1 30.24;ALPHA;Référence du contrat de netting contractuel;;FILLER;vazio;;RPAD (' ', 7)
2;152;4007;1;P1_30_24;P1 30.24;ALPHA;Référence du contrat de netting contractuel;;MEDIA;vazio;;'N'
2;;4008;25;P1_30_25;P1 30.25;ALPHA;Indicateur accord de netting comptable;;FILLER;ok;N                        ;RPAD (' ', 25)
2;;4033;1;P1_30_26;P1 30.26;ALPHA;Référence du contrat de netting comptable;;FILLER;vazio;;RPAD (' ', 1)
2;;4034;5;P1_30_27;P1 30.27;ALPHA;Finalité de l'opération;;FILLER;vazio;;RPAD (' ', 5)
2;153;4039;40;P1_31_1;P1 31.1;ALPHA;Code entité de la succursale à l'origine de l;;BAIXA;ok; 200622VM0                               /  202878FN0                              ;RPAD(NVL(C_ENR.REF_UNIQ_CONT, ' '), 40)
2;154;4079;40;P1_31_2;P1 31.2;ALPHA;Référence unique du contrat à l'origine;;BAIXA;ok; 200622VM0                               /  202878FN0                              ;RPAD(NVL(C_ENR.REF_UNIQ_ELEM_CONT, ' '), 40)
2;155;4119;19;P1_31_3;P1 31.3;ALPHA;Référence unique de l'élément de contrat à l';;BAIXA;ok; +00000000000000000 /  +00000000000004041;RPAD(pack_utilitaire.f_format_montant_bis2(C_ENR.MNT_ENG_DT_SIGN_CTRT)
2;156;4138;1;P1_31_4;P1 31.4;NUM;Montant en euros de l'engagement à la date de;;MEDIA;ok;0 / 1;RPAD(NVL(C_ENR.IND_RESPO_SOLIDAIRE, ' '), 1)
2;157;4139;1;P1_31_5;P1 31.5;ALPHA;Indicateur responsabilité solidaire;;MEDIA;ok;N;RPAD (NVL(C_ENR.IND_ISF,'2'), 1)
2;;4140;6;P1_31_6;P1 31.6;ALPHA;Indicateur dossier infrastructure éligible au;;FILLER;ok;1      / 2     ;RPAD (' ', 6)
2;;4146;1;P1_31_7;P1 31.7;ALPHA;Rang dans la hiérarchie des créanciers;;FILLER;vazio;;RPAD (' ', 1)
2;158;4147;15;P1_31_8;P1 31.8;ALPHA;Droit d'un pays tiers : reconnaissance de la ;;BAIXA;ok; 14100          /  24140         ;RPAD(NVL(C_ENR.CD_COMMUNE_BIEN_FINAN, ' '),15,' ')
2;159;4162;2;P1_31_9;P1 31.9;ALPHA;Lieu d'investissement du bien principal finan;;BAIXA;ok; F;RPAD(NVL(C_ENR.CD_PAYS_BIEN_FINAN, ' '),2,' ')
2;;4164;1;P1_31_10;P1 31.10;ALPHA;Lieu d'investissement du bien principal finan;;FILLER;ok;R;RPAD (' ', 1)
2;;4165;1;P1_31_11;P1 31.11;ALPHA;Indicateur permis de construire à l'octroi;;FILLER;vazio;;RPAD (' ', 1)
2;;4166;1;P1_31_12;P1 31.12;ALPHA;Etat du bien financé à l'octroi;;FILLER;vazio;;RPAD (' ', 1)
2;;4167;15;P1_31_13;P1 31.13;ALPHA;Catégorie énergétique du bien immobilier à l';;FILLER;vazio;;RPAD (' ', 15)
2;;4182;19;P1_31_14;P1 31.14;NUM;Taux de réservation du programme immobilier;;FILLER;vazio;;RPAD (' ', 19)
2;;4201;3;P1_31_15;P1 31.15;NUM;Montant de l'apport à l'octroi;;FILLER;vazio;;RPAD (' ', 3)
2;160;4204;1;P1_31_16;P1 31.16;ALPHA;Devise du montant de l'apport à l'octroi;P1 31.17;BAIXA;vazio;;RPAD ('+', 1)
2;161;4205;5;P1_31_17;P1 31.17;NUM;Durée initiale du prêt;P1 31.17;ALTA;ok;+0001 / +0002;case when C_ENR.CD_TYPE_RISQUE like 'TRE%' then LPAD(nvl(CEIL((C_ENR.D
2;162;4210;1;P1_31_17;P1 31.17;NUM;Durée initiale du prêt;P1 31.18;BAIXA;ok;0 / 1;RPAD ('+', 1)
2;163;4211;5;P1_31_18;P1 31.18;NUM;Durée totale du prêt à date;P1 31.18;ALTA;ok;+0001 / +0002;case when C_ENR.CD_TYPE_RISQUE like 'TRE%' then LPAD(nvl(CEIL((C_ENR.D
2;;4216;6;P1_31_18;P1 31.18;NUM;Durée totale du prêt à date;;FILLER;ok;0      / 1     ;RPAD (' ', 6)
2;;4222;1;P1_31_19;P1 31.19;NUM;Durée de la période d'anticipation à date d'a;;FILLER;vazio;;RPAD (' ', 1)
2;164;4223;2;P1_31_20;P1 31.20;ALPHA;Méthode de valorisation du bien;;BAIXA;ok; 0;RPAD(NVL(C_ENR.CDTYPEGARPRINCOCTROI,' '), 2)
2;165;4225;2;P1_31_21;P1 31.21;ALPHA;Type de sécurisation à l'octroi;P1 31.22;ALTA;ok;10 / 20;CASE WHEN C_ENR.CD_TYPE_RISQUE = 'TRE502' THEN '01' WHEN C_ENR.CD_TYPE
2;;4227;19;P1_31_22;P1 31.22;ALPHA;Type de sécurisation à date;;FILLER;ok;1                   / 2                  ;RPAD (' ', 19)
2;;4246;3;P1_31_23;P1 31.23;NUM;Montant des fonds remis à date;;FILLER;vazio;;RPAD (' ', 3)
2;;4249;15;P1_31_24;P1 31.24;ALPHA;Devise du montant des fonds remis à date;;FILLER;vazio;;RPAD (' ', 15)
2;;4264;15;P1_31_25;P1 31.25;NUM;Interest Coverage Ratio (ICR) à l'octroi;;FILLER;vazio;;RPAD (' ', 15)
2;;4279;15;P1_31_26;P1 31.26;NUM;Loan-to-rent ratio (LTR) à l'octroi;;FILLER;vazio;;RPAD (' ', 15)
2;;4294;15;P1_31_27;P1 31.27;NUM;LSTI à l'octroi;;FILLER;vazio;;RPAD (' ', 15)
2;;4309;15;P1_31_28;P1 31.28;NUM;DSTI à l'octroi;;FILLER;vazio;;RPAD (' ', 15)
2;166;4324;1;P1_31_29;P1 31.29;NUM;Taux de marge du crédit brut à l'octroi;;MEDIA;vazio;;RPAD(NVL(C_ENR.IND_GAR_SANS_LIMITE,' '),1)
2;;4325;1;P1_31_37;P1 31.37;ALPHA;Indicateur garantie sans limite;;FILLER;vazio;;RPAD(' ',1)
2;167;4326;19;P1_31_38;P1 31.38;ALPHA;Etendue de la garantie donnée;;BAIXA;ok; +00000000000000000 /  +00000000000022017;RPAD(pack_utilitaire.f_format_montant_bis2(C_ENR.MNT_SUBV_HT),19)
2;168;4345;3;P1_29_3;P1 29.3;NUM;Montant des subventions;P1 29.4;ALTA;incoerente;0EU / 1EU;RPAD ('EUR', 3)
2;;4348;22;P1_29_4;P1 29.4;ALPHA;Devise du montant des subventions;;FILLER;ok;R                     ;RPAD (' ', 22)
2;;4370;19;P1_29_6;P1 29.6;ALPHA;Devise du montant de l'avance preneur en créd;;FILLER;vazio;;RPAD (' ', 19)
2;;4389;3;P1_21_20;P1 21.20;NUM;Montant des passages en pertes cumulées;;FILLER;vazio;;RPAD (' ', 3)
2;;4392;28;P1_21_21;P1 21.21;ALPHA;Devise du montant des passages en pertes cumu;;FILLER;vazio;;RPAD (' ', 28)
2;;4420;7;P1_31_36;P1 31.36;ALPHA;Indicateur prise ferme sur les titres;;FILLER;vazio;;RPAD (' ', 7)
2;;4427;2;P1_16_24;P1 16.24;ALPHA;Méthode de titrisation;;FILLER;vazio;;RPAD (' ', 2)
2;;4429;2;P1_16_25;P1 16.25;ALPHA;Echelon qualité de crédit de la tranche à dat;;FILLER;vazio;;RPAD (' ', 2)
2;;4431;2;P1_16_26;P1 16.26;ALPHA;Type de cotation échelon de qualité de crédit;;FILLER;vazio;;RPAD (' ', 2)
2;;4433;2;P1_16_27;P1 16.27;ALPHA;Echelon qualité de crédit de la tranche à dat;;FILLER;vazio;;RPAD (' ', 2)
2;;4435;19;P1_16_28;P1 16.28;ALPHA;Type de cotation échelon de qualité de crédit;;FILLER;vazio;;RPAD (' ', 19)
2;;4454;3;P1_16_29;P1 16.29;NUM;Montant escompte d'achats non remboursables;;FILLER;vazio;;RPAD (' ', 3)
2;;4457;19;P1_16_30;P1 16.30;ALPHA;Devise du montant escompte d'achats non rembo;;FILLER;vazio;;RPAD (' ', 19)
2;;4476;3;P1_16_31;P1 16.31;NUM;Montant de l'ajustement spécifique du risque ;;FILLER;vazio;;RPAD (' ', 3)
2;;4479;19;P1_16_32;P1 16.32;ALPHA;Devise du montant de l'ajustement spécifique ;;FILLER;vazio;;RPAD (' ', 19)
2;;4498;3;P1_16_33;P1 16.33;NUM;Valeur exposée au risque des positions déduit;;FILLER;vazio;;RPAD (' ', 3)
2;;4501;19;P1_16_34;P1 16.34;ALPHA;Devise de la valeur exposée au risque des pos;;FILLER;vazio;;RPAD (' ', 19)
2;;4520;3;P1_16_35;P1 16.35;NUM;Montant de l'ajustement des risques pondérés ;;FILLER;vazio;;RPAD (' ', 3)
2;;4523;19;P1_16_36;P1 16.36;ALPHA;Devise du montant de l'ajustement des risques;;FILLER;vazio;;RPAD (' ', 19)
2;;4542;3;P1_16_37;P1 16.37;NUM;Montant de RWA supplémentaire pour non-confor;;FILLER;vazio;;RPAD (' ', 3)
2;;4545;19;P1_16_38;P1 16.38;ALPHA;Devise du montant de RWA supplémentaire pour ;;FILLER;vazio;;RPAD (' ', 19)
2;;4564;3;P1_16_39;P1 16.39;NUM;Montant du gain RWA obtenu par le CAP sur la ;;FILLER;vazio;;RPAD (' ', 3)
2;;4567;19;P1_16_40;P1 16.40;ALPHA;Devise du montant du gain RWA obtenu par le C;;FILLER;vazio;;RPAD (' ', 19)
2;;4586;3;P1_16_41;P1 16.41;NUM;Montant du gain RWA obtenu par le CAP sur les;;FILLER;vazio;;RPAD (' ', 3)
2;;4589;2;P1_16_42;P1 16.42;ALPHA;Devise du montant du gain RWA obtenu par le C;;FILLER;vazio;;RPAD (' ', 2)
2;;4591;2;P1_28_3;P1 28.3;ALPHA;Nature du financement;;FILLER;vazio;;RPAD (' ', 2)
2;;4593;2;P1_28_4;P1 28.4;ALPHA;Type d'origination opération à effet de levie;;FILLER;vazio;;RPAD (' ', 2)
2;;4595;20;P1_28_5;P1 28.5;ALPHA;Type clause contrat covenant;;FILLER;vazio;;RPAD (' ', 20)
2;;4615;10;P1_28_6;P1 28.6;ALPHA;Identifiant local du tiers sponsor financier;;FILLER;vazio;;RPAD (' ', 10)
2;;4625;15;P1_28_7;P1 28.7;ALPHA;Identifiant central du tiers sponsor financie;;FILLER;vazio;;RPAD (' ', 15)
2;;4640;19;P1_28_8;P1 28.8;NUM;Ratio de levier de l'opération à l'originatio;;FILLER;vazio;;RPAD (' ', 19)
2;;4659;3;P1_28_9;P1 28.9;NUM;Montant de la part de la prise ferme du monta;;FILLER;vazio;;RPAD (' ', 3)
2;;4662;19;P1_28_10;P1 28.10;ALPHA;Devise du montant de la part de la prise ferm;;FILLER;vazio;;RPAD (' ', 19)
2;;4681;3;P1_28_11;P1 28.11;NUM;Montant de la part à syndiquer du montant du ;;FILLER;vazio;;RPAD (' ', 3)
2;;4684;19;P1_28_12;P1 28.12;ALPHA;Devise du montant de la part à syndiquer du m;;FILLER;vazio;;RPAD (' ', 19)
2;;4703;3;P1_28_13;P1 28.13;NUM;Montant de la part à syndiquer non cédé;;FILLER;vazio;;RPAD (' ', 3)
2;169;4706;3;P1_28_14;P1 28.14;ALPHA;Devise du montant de la part à syndiquer non ;;BAIXA;ok; EU;'EUR'
2;170;4709;12;P1_50_1;P1 50.1;ALPHA;Devise de liasse de l'entité;;BAIXA;ok;RA5171100    / RA5231100   ;RPAD(NVL(C_ENR.PCEC_MNT_RISQUE, ' '), 12)
2;171;4721;19;P1_50_2;P1 50.2;ALPHA;PCCO - Montant du principal 1;;BAIXA;ok; +00000000000000000 /  +00000000000000150;RPAD(pack_utilitaire.f_format_montant_bis2(C_ENR.MNT_RISQUE),19)
2;;4740;12;P1_50_3;P1 50.3;NUM;Montant du principal 1;;FILLER;ok;0            / 1           ;RPAD(' ',12)
2;;4752;19;P1_50_4;P1 50.4;ALPHA;PCCO - Montant du principal 2;;FILLER;vazio;;RPAD(' ',19)
2;172;4771;12;P1_50_5;P1 50.5;NUM;Montant du principal 2;;BAIXA;incoerente; A5177100    /  A5237100   ;RPAD(NVL(C_ENR.PCEC_ICNE, ' '), 12)
2;173;4783;19;P1_50_8;P1 50.8;ALPHA;PCCO - Montant des Dettes et créances rattach;;BAIXA;ok; +00000000000000000 /  +00000000000000085;RPAD(pack_utilitaire.f_format_montant_bis2(C_ENR.MNT_ICNE),19)
2;;4802;12;P1_50_9;P1 50.9;NUM;Montant des Dettes et créances rattachées;;FILLER;ok;0            / 1           ;RPAD(' ',12)
2;;4814;19;P1_50_14;P1 50.14;ALPHA;PCCO - Montant Marge initiale - Fonds de défa;;FILLER;vazio;;RPAD(' ',19)
2;;4833;12;P1_50_15;P1 50.15;NUM;Montant Marge initiale - Fonds de défaut;;FILLER;vazio;;RPAD(' ',12)
2;;4845;19;P1_50_16;P1 50.16;ALPHA;PCCO - Montant Marge variable;;FILLER;vazio;;RPAD(' ',19)
2;;4864;12;P1_50_17;P1 50.17;NUM;Montant Marge variable;;FILLER;vazio;;RPAD(' ',12)
2;;4876;19;P1_50_18;P1 50.18;ALPHA;PCCO - Montant Impacts JV;;FILLER;vazio;;RPAD(' ',19)
2;174;4895;2;P1_50_19;P1 50.19;NUM;Montant Impacts JV;P1 21.22;ALTA;vazio;;RPAD(NVL(C_ENR.MOTIF_MRTR,' '),2)
2;175;4897;8;P1_21_22;P1 21.22;ALPHA;Motif du moratoire;P1 21.23;ALTA;vazio;;RPAD(NVL(TO_CHAR(C_ENR.DT_DEBUT_MRTR, 'YYYYMMDD'), ' '),8)
2;176;4905;6;P1_21_23;P1 21.23;DATE;Date de début du moratoire;P1 21.29;ALTA;vazio;;case when C_ENR.DUREE_MRTR is not null then '+'||LPAD(C_ENR.DUREE_MRTR
2;177;4911;2;P1_21_29;P1 21.29;NUM;Durée du moratoire;P1 21.25;ALTA;vazio;;RPAD(NVL(C_ENR.STATUT_MRTR,' '),2)
2;178;4913;1;P1_21_25;P1 21.25;ALPHA;Statut du moratoire;P1 21.26;BAIXA;vazio;;RPAD(NVL(C_ENR.IND_MRTR_LEGISLATIF,' '),1)
2;179;4914;1;P1_21_26;P1 21.26;ALPHA;Indicateur de moratoire législatif;P1 21.27;BAIXA;vazio;;RPAD(NVL(C_ENR.IND_MRTR_CONTRACTUEL,' '),1)
2;180;4915;2;P1_21_27;P1 21.27;ALPHA;Indicateur de moratoire contractuel;P1 21.28;ALTA;vazio;;RPAD(NVL(C_ENR.CHAMP_APPL_MRTR,' '),2)
2;181;4917;19;P1_21_28;P1 21.28;ALPHA;Champ d'application du moratoire;P1 21.30;ALTA;vazio;;case when C_ENR.MNT_MRTR is not null then RPAD(pack_utilitaire.f_forma
2;182;4936;3;P1_21_30;P1 21.30;NUM;Montant des échéances reportées;P1 21.31;ALTA;vazio;;case when C_ENR.MNT_MRTR is not null then RPAD(NVL(C_ENR.DEV_MRTR,' ')
2;;4939;15;P1_21_31;P1 21.31;ALPHA;Devise du montant des échéances reportées;P1 21.32;FILLER;vazio;;RPAD(' ',15)
2;;4954;3;P1_21_32;P1 21.32;ALPHA;Méthode de convention des taux sans risque (R;P1 21.33;FILLER;vazio;;RPAD(' ',3)
2;;4957;12;P1_21_33;P1 21.33;ALPHA;Durée de convention des taux sans risque (RFR;P1 15;FILLER;vazio;;RPAD(' ',12)
2;;4969;12;P1_15;P1 15;ALPHA;Numéro de compte local (PCI) de l'encours;P1 16;FILLER;vazio;;RPAD(' ',12)
2;;4981;12;P1_16;P1 16;ALPHA;Numéro de compte PCCA de l'encours en norme I;P1 14;FILLER;vazio;;RPAD(' ',12)
2;;4993;12;P1_14;P1 14;ALPHA;Numéro de compte PCCA de l'encours en NF;P1 50.20;FILLER;vazio;;RPAD(' ',12)
2;;5005;19;P1_50_20;P1 50.20;ALPHA;PCCO - Montant du principal 3;P1 50.21;FILLER;vazio;;RPAD(' ',19)
2;;5024;1;P1_50_21;P1 50.21;NUM;Montant du principal 3;P1 21.34;FILLER;vazio;;RPAD(' ',1)
2;;5025;1;P1_21_34;P1 21.34;ALPHA;Indicateur de créance titrisable;P1 21.35;FILLER;vazio;;RPAD(' ',1)
2;;5026;19;P1_21_35;P1 21.35;ALPHA;Indicateur de créance pour émission de covere;P1 21.36;FILLER;vazio;;RPAD(' ',19)
2;;5045;3;P1_21_36;P1 21.36;NUM;Montants liquidatifs estimés;P1 21.37;FILLER;vazio;;RPAD(' ',3)
2;;5048;10;P1_21_37;P1 21.37;ALPHA;Devise des montants liquidatifs estimés;P1 21.47;FILLER;vazio;;RPAD(' ',10)
2;;5058;7;P1_21_47;P1 21.47;NUM;Pondération Bâloise de l'engagement pour le c;P1 21.48;FILLER;vazio;;RPAD(' ',7)
2;;5065;19;P1_21_48;P1 21.48;ALPHA;Méthode de titrisation pour le calcul de l'Ou;P1 21.49;FILLER;vazio;;RPAD(' ',19)
2;;5084;3;P1_21_49;P1 21.49;NUM;Montant des ajustements de risques pondérés l;P1 21.50;FILLER;vazio;;RPAD(' ',3)
2;;5087;19;P1_21_50;P1 21.50;ALPHA;Devise du montant des ajustements de risques ;P1 21.51;FILLER;vazio;;RPAD(' ',19)
2;;5106;3;P1_21_51;P1 21.51;NUM;Montant de RWA supplémentaire pour non-confor;P1 21.52;FILLER;vazio;;RPAD(' ',3)
2;;5109;19;P1_21_52;P1 21.52;ALPHA;Devise du montant de RWA supplémentaire pour ;P1 21.53;FILLER;vazio;;RPAD(' ',19)
2;;5128;3;P1_21_53;P1 21.53;NUM;Montant du gain RWA obtenu par le CAP sur la ;P1 21.54;FILLER;vazio;;RPAD(' ',3)
2;183;5131;1;P1_21_54;P1 21.54;ALPHA;Devise du gain RWA obtenu par le CAP sur la p;P1 21.44;BAIXA;vazio;;RPAD(NVL(C_ENR.IND_EXPO_QUAL_ELEVEE,' '),1)
2;184;5132;1;P1_21_44;P1 21.44;ALPHA;Indicateur d'exposition de qualité élevée;P1 21.45;BAIXA;vazio;;RPAD(NVL(C_ENR.IND_PHASE_OPE_PROJ_FIN,' '),1)
2;185;5133;1;P1_21_45;P1 21.45;ALPHA;Indicateur de la phase opérationnelle du proj;P1 21.46;BAIXA;ok;N / Y;RPAD(NVL(C_ENR.IND_CONF_CRIT_OPE,' '),1)
2;;5134;1;P1_21_46;P1 21.46;ALPHA;Indicateur de conformité des critères opérati;P1 21.38;FILLER;ok;Y;RPAD(' ',1)
2;186;5135;1;P1_21_38;P1 21.38;ALPHA;Indicateur d'exposition garantie par un bien ;P1 21.39;BAIXA;ok;N / Y;RPAD(NVL(C_ENR.IND_EXPO_ADC,' '),1)
2;;5136;1;P1_21_39;P1 21.39;ALPHA;Indicateur d'exposition sur acquisition, déve;P1 21.40;FILLER;ok;N;RPAD(' ',1)
2;;5137;1;P1_21_40;P1 21.40;ALPHA;Réalisation des conditions de pondération pré;P1 21.41;FILLER;ok;1;RPAD(' ',1)
2;;5138;1;P1_21_41;P1 21.41;ALPHA;Indicateur de dépôt en espèces substantiel;P1 21.42;FILLER;vazio;;RPAD(' ',1)
2;187;5139;15;P1_21_42;P1 21.42;ALPHA;Indicateur d'apport en fonds propres substant;P1 21.43;ALTA;ok; +0000000000000 /  +0001200000000;RPAD(pack_utilitaire.F_FORMAT_TAUX_15(C_ENR.ETV_RATIO),15)
2;;5154;1;P1_21_43;P1 21.43;NUM;Ratio prudentiel d'Exposition/valeur (ETV);P1 21.56;FILLER;ok;0;RPAD(' ',1)
2;;5155;1;P1_21_56;P1 21.56;ALPHA;Indicateur Intention de revente à court terme;P1 21.57;FILLER;vazio;;RPAD(' ',1)
2;;5156;1;P1_21_57;P1 21.57;ALPHA;Indicateur d'investissement en Capital Risque;P1 21.58;FILLER;vazio;;RPAD(' ',1)
2;;5157;1;P1_21_58;P1 21.58;ALPHA;Indicateur d'investissement dans un programme;P1 21.59;FILLER;vazio;;RPAD(' ',1)
2;;5158;15;P1_21_59;P1 21.59;ALPHA;Indicateur de participation stratégique depui;P1 21.60;FILLER;vazio;;RPAD(' ',15)
2;;5173;10;P1_21_60;P1 21.60;NUM;Taux historique de pondération de la particip;P1 21.61;FILLER;vazio;;RPAD(' ',10)
2;;5183;10;P1_21_61;P1 21.61;NUM;Perte en cas de défaut (LGD) de la part d'enc;P1 21.62;FILLER;vazio;;RPAD(' ',10)
2;;5193;19;P1_21_62;P1 21.62;NUM;Perte en cas de défaut (LGD) de la part d'enc;P1 21.63;FILLER;vazio;;RPAD(' ',19)
2;;5212;3;P1_21_63;P1 21.63;NUM;Montant d'encours pour la partie couverte par;P1 21.64;FILLER;vazio;;RPAD(' ',3)
2;;5215;5;P1_21_64;P1 21.64;ALPHA;Devise du montant d'encours pour la partie co;P1 21.65;FILLER;vazio;;RPAD(' ',5)
2;188;5220;1;P1_21_65;P1 21.65;ALPHA;Entité juridique de rattachement du contrat d;P1 21.66;BAIXA;vazio;;RPAD(NVL(C_ENR.IND_UCC,' '),1)
2;;5221;1;P1_21_66;P1 21.66;ALPHA;Indicateur d'engagement hors bilan annulable ;P1 21.67;FILLER;ok;N;RPAD(' ',1)
2;189;5222;1;P1_21_67;P1 21.67;ALPHA;Indicateur de l'application de l'approche par;P1 21.68;BAIXA;vazio;;RPAD(NVL(C_ENR.NIV_RISQUE_CRR3,' '),1)
2;190;5223;12;P1_21_68;P1 21.68;ALPHA;Niveau de risque CRR3;P1 21.55;ALTA;ok; NA011       /  NA021      ;RPAD(NVL(C_ENR.CD_NAT_OPE_ENG_CALC_FLOOR,' '),12)
2;191;5235;1;P1_21_55;P1 21.55;ALPHA;NATure d'Opération de l'engagement pour le ca;P1 21.69;BAIXA;vazio;;RPAD(NVL(CASE WHEN C_ENR.CD_TYPE_RISQUE LIKE 'VAR%' THEN 'N' ELSE NULL
2;;5236;20;P1_21_69;P1 21.69;ALPHA;Indicateur de calcul de l'ajustement de l'éva;P1 21.89;FILLER;vazio;;RPAD(' ',20)
2;;5256;10;P1_21_89;P1 21.89;ALPHA;Identifiant local du client de l'intermédiair;P1 21.90;FILLER;vazio;;RPAD(' ',10)
2;192;5266;1;P1_21_90;P1 21.90;ALPHA;Identifiant central du client de l'intermédia;P1 8.13;BAIXA;vazio;;RPAD(NVL(C_ENR.USAGE_BIEN_FINANCE,' '),1)
2;;5267;40;P1_8_13;P1 8.13;ALPHA;Usage du bien immobilier financé;P1 21.71;FILLER;ok;0                                        / 2ARGENTON LES VALLEES                   ;RPAD(' ',40)
2;;5307;40;P1_21_71;P1 21.71;ALPHA;Lieu d'investissement du bien principal finan;P1 21.72;FILLER;ok; 10 RUE ANDRE CITROEN                    /  16 AV DU GENERAL DE GAULLE             ;RPAD(' ',40)
2;;5347;40;P1_21_72;P1 21.72;ALPHA;Lieu d'investissement du bien principal finan;P1 21.73;FILLER;ok; CABINET VETERINAIRE                     /  PA DE LA BAYONNE                       ;RPAD(' ',40)
2;;5387;40;P1_21_73;P1 21.73;ALPHA;Lieu d'investissement du bien principal finan;P1 21.74;FILLER;ok; 10 RUE ANDRE CITROEN                    /  16 AV DU GENERAL DE GAULLE             ;RPAD(' ',40)
2;;5427;40;P1_21_74;P1 21.74;ALPHA;Lieu d'investissement du bien principal finan;P1 21.75;FILLER;ok; 10 RUE ANDRE CITROEN                    /  16 AV DU GENERAL DE GAULLE             ;RPAD(' ',40)
2;;5467;40;P1_21_75;P1 21.75;ALPHA;Lieu d'investissement du bien principal finan;P1 21.76;FILLER;vazio;;RPAD(' ',40)
2;;5507;11;P1_21_76;P1 21.76;ALPHA;Lieu d'investissement du bien principal finan;P1 21.77;FILLER;ok; +43.627931 /  +44.970199;RPAD(' ',11)
2;;5518;12;P1_21_77;P1 21.77;NUM;Lieu d'investissement du bien principal finan;P1 21.78;FILLER;incoerente;0+000.526142 / 4+000.220485;RPAD(' ',12)
2;;5530;1;P1_21_78;P1 21.78;NUM;Lieu d'investissement du bien principal finan;P1 21.94;FILLER;ok;0 / 1;RPAD(' ',1)
2;;5531;2;P1_21_94;P1 21.94;ALPHA;Indicateur d'actif liquide de haute qualité (;P1 21.95;FILLER;vazio;;RPAD(' ',2)
2;;5533;1;P1_21_95;P1 21.95;ALPHA;Niveau de l'actif liquide de haute qualité (H;P1 21.79;FILLER;vazio;;RPAD(' ',1)
2;193;5534;3;P1_21_79;P1 21.79;ALPHA;Indicateur Titre de Participation;P1 21.80;ALTA;vazio;;RPAD(NVL(C_ENR.CLASS_CPT_ELEMENT_COUV_DERIVE,' '),3)
2;194;5537;10;P1_21_80;P1 21.80;ALPHA;Classification comptable de l'élément couvert;P1 21.81;ALTA;ok; +00000000 /  +00131562;RPAD(pack_utilitaire.F_FORMAT_TAUX(C_ENR.TX_DSCR),10)
2;195;5547;10;P1_21_81;P1 21.81;NUM;DSCR (ratio de couverture des charges d'empru;P1 21.82;ALTA;incoerente;0+00000000 / 7+10002261;RPAD(pack_utilitaire.F_FORMAT_TAUX(C_ENR.TX_DSCR_PREC),10)
2;;5557;15;P1_21_82;P1 21.82;NUM;DSCR (ratio de couverture des charges d'empru;P1 21.83;FILLER;ok;0              ;RPAD(' ',15)
2;;5572;15;P1_21_83;P1 21.83;NUM;Ratio de couverture des intérêts (ICR) revalo;P1 21.84;FILLER;vazio;;RPAD(' ',15)
2;;5587;15;P1_21_84;P1 21.84;NUM;Ratio prêts-coûts (LTC) à l'octroi;P1 21.85;FILLER;vazio;;RPAD(' ',15)
2;196;5602;1;P1_21_85;P1 21.85;NUM;Taux de précommercialisation / prélocation à ;P1 21.86;BAIXA;vazio;;RPAD(NVL(C_ENR.CD_TYPE_BIEN_COMM,' '),1)
2;197;5603;1;P1_21_86;P1 21.86;ALPHA;Type de bien commercial;P1 21.87;BAIXA;ok;2 / 3;RPAD(NVL(C_ENR.CD_EMPLACE_BIEN_COMM,' '),1)
2;198;5604;1;P1_21_87;P1 21.87;ALPHA;Emplacement du bien immobilier commercial;P1 21.88;BAIXA;ok;2;RPAD(NVL(C_ENR.IND_OPE_AVEC_RECOURS,' '),1)
2;;5605;19;P1_21_88;P1 21.88;ALPHA;Indicateur d'opération avec recours;P1 21.91;FILLER;ok;N                   / Y                  ;RPAD(' ',19)
2;;5624;3;P1_21_91;P1 21.91;NUM;Montant des variations cumulées de la juste v;P1 21.92;FILLER;vazio;;RPAD(' ',3)
2;;5627;5;P1_21_92;P1 21.92;ALPHA;Devise du montant des variations cumulées de ;P1 21.93;FILLER;vazio;;RPAD(' ',5)
2;;5632;20;P1_21_93;P1 21.93;ALPHA;Numéro du dernier billet financier apériodiqu;P1 31.51;FILLER;vazio;;RPAD(' ',20)
2;;5652;19;P1_31_51;P1 31.51;ALPHA;Identifiant du contrat maître en responsabili;P1 31.52;FILLER;vazio;;RPAD(' ',19)
2;;5671;3;P1_31_52;P1 31.52;NUM;Montant en responsabilité solidaire;P1 31.53;FILLER;vazio;;RPAD(' ',3)
2;199;5674;24;P1_31_53;P1 31.53;ALPHA;Devise du montant en responsabilité solidaire;;BAIXA;vazio;;LPAD(' ', 24)
3;1;0;8;P1_H_0_1;0.1 (P1);DATE;Date d'arrêté;;MEDIA;ok;20250630;to_char(C_ENR.dt_arrete, 'YYYYMMDD')
3;2;8;5;P1_H_0_2;0.2 (P1);ALPHA;Entité Porteuse de Risques;;MEDIA;ok;00357 / 00370;RPAD(NVL(C_ENR.CD_CONSO_CPT,' '), 5)
3;3;13;12;P1_H_0_3;0.3 (P1);ALPHA;Application source;;MEDIA;ok;C_BTR       ;RPAD(NVL(C_ENR.APPLI_SOURCE,'C_BTR'), 12)
3;4;25;1;P1_H_0_4;0.4 (P1);ALPHA;Fréquence de transmission;;MEDIA;ok;M;'M'
3;5;26;12;P1_H_0_5;0.5 (P1);ALPHA;Date et Heure de traitement;;MEDIA;ok;202608241214;:MASYSDATE
3;6;38;2;P1_H_0_6;0.6 (P1);ALPHA;Type d'enregistrement;;MEDIA;ok;P1;'P1'
3;;40;10;P1_H_0_7;0.7 (P1);ALPHA;Nature de flux (Zone réservée DRG);;FILLER;vazio;;RPAD(' ', 10)
3;7;50;20;P1_H_1_1;1.1 (P1);ALPHA;Identifiant local du tiers en risque;;MEDIA;ok;EN1001720            / EN100438            ;RPAD(NVL(C_ENR.ID_TIERS_CALC, ' '), 20)
3;;70;10;P1_H_1_2;1.2 (P1);ALPHA;Identifiant central du tiers en risque;;FILLER;vazio;;RPAD(' ', 10)
3;8;80;30;P1_H_1_4;1.4 (P1);ALPHA;Référence de l'Autorisation Mise En Place;;MEDIA;ok;F1-*0019                       / F1200622-M0                   ;RPAD(NVL(C_ENR.ID_AUTORISATION, ' '), 30)
3;9;110;30;P1_H_1_6;1.6 (P1);ALPHA;Référence de la ligne de détail de l'Autorisa;;MEDIA;ok;F2-*0019                       / F2200622-M0                   ;RPAD(NVL(C_ENR.ID_LIGNE_DET, ' '), 30)
3;;140;40;P1_H_1_8;1.8 (P1);ALPHA;Identifiant de la sûreté reçue;;FILLER;vazio;;RPAD(' ', 40)
3;10;180;40;P1_H_1_11;1.11 (P1);ALPHA;Identifiant de l'engagement;;MEDIA;ok;200622VM0_C                              / 202878FN0_C                             ;RPAD(C_ENR.ID_ENGAGEMENT || '_C',40)
3;;220;40;P1_H_1_16;1.16 (P1);ALPHA;Référence de la provision sur tiers;;FILLER;vazio;;RPAD(' ', 40)
3;;260;20;P1_H_1_99;1.99 (P1);ALPHA;Filler;;FILLER;vazio;;RPAD(' ', 20)
3;11;280;7;P1_1_1;P1 1.1;ALPHA;Méthodologie Bâloise;;MEDIA;ok;STD    ;RPAD(NVL(C_ENR.CD_METHODO_BALE2, 'STD'),7)
3;12;287;2;P1_1_2;P1 1.2;ALPHA;Traitement moteur bâlois;;MEDIA;ok;07;RPAD(NVL(C_ENR.CODE_TRAIT_MOTEUR, '01'),2)
3;13;289;1;P1_4_34;P1 4.34;ALPHA;Traitement GRR;;MEDIA;ok;Y;'Y'
3;14;290;6;P1_2_0;P1 2.0;ALPHA;Type de risque;;MEDIA;ok;TRE401 / TRE501;RPAD(C_ENR.CD_TYPE_RISQUE,6)
3;15;296;1;P1_2_4;P1 2.4;ALPHA;Portefeuille de booking Intention de Gestion;;MEDIA;ok;B;NVL(C_ENR.CD_PORTEFEUILLE_BOOKING,'B')
3;16;297;5;P1_2_6;P1 2.6;ALPHA;Ligne Métier;;MEDIA;ok;MLE00;RPAD(C_ENR.CD_LIGNE_METIER,5)
3;17;302;3;P1_2_18;P1 2.18;ALPHA;Portefeuille Bâle Opération;;MEDIA;ok;061 / 900;RPAD(C_ENR.CD_PORTEFEUILLE_BALE2,3)
3;18;305;12;P1_2_29;P1 2.29;ALPHA;NATure d'Opération de l'engagement;;MEDIA;ok;NA011        / NA021       ;RPAD(nvl(C_ENR.CD_NATURE_OPE, 'NA020'),12)
3;19;317;8;P1_3_2;P1 3.2;DATE;Date de début de l'engagement;;MEDIA;ok;20081203 / 20120130;RPAD(NVL(TO_CHAR(C_ENR.DT_DEBUT_ENG, 'YYYYMMDD'), ' '), 8)
3;20;325;8;P1_3_4;P1 3.4;DATE;Date de fin de l'engagement;;MEDIA;ok;20250630 / 20250714;NVL(TO_CHAR(C_ENR.DT_FIN_ENG, 'YYYYMMDD'),'99990630')
3;;333;10;P1_16_6;P1 16.6;NUM;Pondération Bâloise de l'engagement (%);;FILLER;vazio;;RPAD(' ', 10)
3;21;343;10;P1_18_1;P1 18.1;NUM;Loss Given Default (LGD);;MEDIA;ok;+000000000;pack_utilitaire.F_FORMAT_TAUX(0)
3;22;353;10;P1_18_10;P1 18.10;NUM;Crédit Conversion Factor (CCF);;MEDIA;ok;+000000000;pack_utilitaire.F_FORMAT_TAUX(0)
3;23;363;19;P1_18_5;P1 18.5;NUM;Montant de l'Exposition en cas de Défaut (EAD;;MEDIA;ok;+000000000000000000;pack_utilitaire.f_format_montant_bis2(0)
3;24;382;3;P1_18_17;P1 18.17;ALPHA;Devise du montant de l'Exposition en cas de D;;MEDIA;ok;EUR;RPAD(NVL(C_ENR.CD_DEVISE_MNT_RISQ, ' '), 3)
3;25;385;3;P1_18_18;P1 18.18;ALPHA;Devise d'origine du contrat;;MEDIA;ok;EUR;RPAD(NVL(C_ENR.CD_DEVISE_MNT_RISQ, ' '), 3)
3;;388;50;P1_3_98;P1 3.98;ALPHA;Zone réservée locale;;FILLER;vazio;;RPAD(' ', 50)
3;;438;2;P1_21_1;P1 21.1;ALPHA;Indicateur Type de Restructuration;;FILLER;vazio;;RPAD(' ', 2)
3;26;440;8;P1_21_2;P1 21.2;DATE;Date de Restructuration;;MEDIA;ok;20170131 / 20200508;RPAD(NVL(TO_CHAR(C_ENR.DT_RESTRUCTURATION, 'YYYYMMDD'), ' '), 8)
3;27;448;1;P1_5_5;P1 5.5;ALPHA;Indicateur Arriéré de paiement;;MEDIA;ok;N;'N'
3;28;449;1;P1_4_1;P1 4.1;ALPHA;Indicateur Impayé prudentiel;;MEDIA;ok;N / Y;NVL(C_ENR.CD_IMP_PRUDENT, 'N')
3;29;450;1;P1_5_2;P1 5.2;ALPHA;Indicateur Engagement en défaut;;MEDIA;ok;N / Y;NVL(C_ENR.TOP_ENG_DOUTEUX, 'N')
3;30;451;8;P1_5_3;P1 5.3;DATE;Date de passage en engagement en défaut;;MEDIA;ok;20240715 / 20241203;Case When C_ENR.TOP_ENG_DOUTEUX = 'Y' then to_char(nvl(C_ENR.DT_ENG_DO
3;;459;1;P1_4_2;P1 4.2;NUM;Montant du solde de compte;;FILLER;vazio;;RPAD(' ',1)
3;;460;16;P1_4_2;P1 4.2;NUM;Montant du solde de compte;;FILLER;vazio;;RPAD(' ',16)
3;;476;2;P1_4_2;P1 4.2;NUM;Montant du solde de compte;P1 4.2;FILLER;vazio;;RPAD(' ',2)
3;31;478;3;P1_4_3;P1 4.3;ALPHA;Devise du montant du solde de compte;;MEDIA;ok;EUR;RPAD(NVL(C_ENR.CD_DEVISE_MNT_RISQ, 'EUR'), 3)
3;;481;19;P1_4_4;P1 4.4;NUM;Montant du découvert;;FILLER;vazio;;RPAD (' ', 19)
3;32;500;3;P1_4_5;P1 4.5;ALPHA;Devise du montant du découvert;;MEDIA;vazio;;RPAD(NVL(C_ENR.CD_DEVISE_MNT_DECOUVERT, ' '),3,' ')
3;33;503;19;P1_4_9;P1 4.9;NUM;Montant du capital restant dû;;MEDIA;ok;+000000000000000000 / +000000000000001500;pack_utilitaire.f_format_montant_bis2(nvl((C_ENR.MNT_RISQUE),0))
3;34;522;3;P1_4_13;P1 4.13;ALPHA;Devise du montant du capital restant dû;;MEDIA;ok;EUR;RPAD(NVL(C_ENR.CD_DEVISE_MNT_RISQ, ' '), 3)
3;35;525;22;P1_4_14;P1 4.14;NUM;Montant des loyers;;BAIXA;incoerente;+000000000000000100EUR / +000000000000005814EUR;CASE WHEN C_ENR.CD_TYPE_RISQUE='TRE401' THEN RPAD(' ',22) ELSE pack_ut
3;;547;22;P1_4_16;P1 4.16;NUM;Montant du nominal de l'engagement;;FILLER;vazio;;RPAD (' ', 22)
3;36;569;12;P1_4_18;P1 4.18;ALPHA;Zone libre (Ex PCCO du montant demandé);;MEDIA;ok;A5171100     / A5231100    ;RPAD (nvl(C_ENR.PCCO_MNT_CRD,' '), 12)
3;37;581;19;P1_4_6;P1 4.6;NUM;Montant des intérêts restant dus;;MEDIA;ok;+000000000000000000;pack_utilitaire.f_format_montant_bis2(0)
3;38;600;3;P1_4_7;P1 4.7;ALPHA;Devise du montant des intérêts restant dus;;MEDIA;ok;EUR;RPAD(NVL(C_ENR.CD_DEVISE_MNT_RISQ, ' '), 3)
3;39;603;12;P1_4_19;P1 4.19;ALPHA;Zone libre (Ex PCCO – des intérêts restant du;;MEDIA;ok;A5177100     / A5237100    ;RPAD(NVL(C_ENR.PCEC_ICNE, ' '), 12)
3;;615;10;P1_4_20;P1 4.20;NUM;Taux facial du prêt fixe;;FILLER;vazio;;RPAD (' ', 10)
3;40;625;19;P1_4_21;P1 4.21;NUM;Montant de la décote sur actif déprécié à l'a;;MEDIA;ok;+000000000000000000 / +000000000000000100;CASE WHEN C_ENR.MNT_VTR IS null THEN RPAD (' ', 19) ELSE pack_utilitai
3;41;644;3;P1_4_22;P1 4.22;ALPHA;Devise du montant de la décote sur actif dépr;;MEDIA;ok;EUR;CASE WHEN C_ENR.MNT_VTR IS null THEN RPAD (' ', 3) ELSE 'EUR' END
3;42;647;2;P1_4_23;P1 4.23;ALPHA;Circuit de distribution;;MEDIA;ok;CL;RPAD (nvl(C_ENR.CD_CIRCUIT_DISTRIB, 'CL'),2)
3;;649;61;P1_5_6;P1 5.6;ALPHA;Indicateur 'Prêt Revolving Roll-over';;FILLER;vazio;;RPAD (' ', 61)
3;43;710;1;P1_3_46;P1 3.46;ALPHA;Usage du bien immobilier apporté en garantie;;MEDIA;ok;0 / 2;NVL(C_ENR.CD_USAGE_BIEN_IMM,' ')
3;44;711;1;P1_3_47;P1 3.47;ALPHA;Respect des conditions réglementaires;;MEDIA;ok;Y;NVL(C_ENR.CD_RESPECT_COND, ' ')
3;45;712;19;P1_3_40;P1 3.40;NUM;Valeur de marché du bien immobilier loué à la;;MEDIA;ok;+000000000000000100 / +000000000028520890;Case when C_ENR.CD_TYPE_RISQUE = 'TRE502' then pack_utilitaire.f_forma
3;46;731;3;P1_3_41;P1 3.41;ALPHA;Devise de la valeur de marché du bien immobil;;MEDIA;ok;EUR;Case when C_ENR.CD_TYPE_RISQUE = 'TRE502' then RPAD(C_ENR.CD_DEV_VTR,3
3;47;734;19;P1_3_42;P1 3.42;NUM;Valeur hypothécaire du bien immobilier loué à;;MEDIA;ok;+000000000000000100 / +000000000028520890;Case when C_ENR.CD_TYPE_RISQUE = 'TRE502' then pack_utilitaire.f_forma
3;48;753;3;P1_3_43;P1 3.43;ALPHA;Devise de la valeur hypothécaire du bien immo;;MEDIA;ok;EUR;Case when C_ENR.CD_TYPE_RISQUE = 'TRE502' then RPAD(C_ENR.CD_DEV_HYPOT
3;49;756;2;P1_3_44;P1 3.44;ALPHA;Zone libre (Ex Localisation du bien immobilie;;MEDIA;ok;FR;RPAD(nvl(C_ENR.CD_LOC_BIEN, ' '), 2,' ')
3;50;758;1;P1_3_45;P1 3.45;ALPHA;Achat en fin de contrat du bien loué;;MEDIA;ok;1 / 2;C_ENR.CD_ACHAT_FIN_LOC
3;51;759;19;P1_5_19;P1 5.19;NUM;Valeur estimée en fin de période du bien loué;;MEDIA;ok;+000000000000000000 / +000000000000000001;pack_utilitaire.f_format_montant_bis2(0)
3;52;778;3;P1_5_20;P1 5.20;ALPHA;Devise de la valeur estimée en fin de période;;MEDIA;ok;EUR;RPAD(nvl(C_ENR.CD_DEVISE_VR,'EUR'),3)
3;53;781;3;P1_19_5;P1 19.5;ALPHA;Classification comptable de référence des act;;MEDIA;ok;CAM;RPAD(nvl(C_ENR.cla_comp_ref_act,' '),3)
3;;784;185;P1_3_56;P1 3.56;ALPHA;Zone libre (Ex PCCO – Valeur du titre en norm;P1 3.56;FILLER;vazio;;RPAD(' ', 185)
3;54;969;20;P1_2_99;P1 2.99;ALPHA;Code méthode IFRS9 - PD à l'origine;P1 2.99;ALTA;ok;LC_MIG_D+            / PME_MIG_C-          ;RPAD(NVL(C_ENR.CD_METH_IFRS9_PD_ORIG,' '), 20)
3;;989;354;P1_3_80;P1 3.80;NUM;Montant du Mark-to-Market (MtM) brut;P1 3.80;FILLER;vazio;;RPAD(' ', 354)
3;;1343;1;P1_16_20;P1 16.20;ALPHA;Indicateur titrisation STS;;FILLER;vazio;;RPAD(' ', 1)
3;;1344;1;P1_16_21;P1 16.21;ALPHA;Eligibilité au traitement différentiel;;FILLER;vazio;;RPAD(' ', 1)
3;;1345;1;P1_16_22;P1 16.22;ALPHA;Position sénior en titrisation des PME;;FILLER;vazio;;RPAD(' ', 1)
3;;1346;2;P1_16_23;P1 16.23;ALPHA;Motif titrisation ERBA;;FILLER;vazio;;RPAD(' ', 2)
3;;1348;3;P1_16_99;P1 16.99;ALPHA;Filler;;FILLER;vazio;;RPAD(' ', 3)
3;55;1351;1;P1_4_31;P1 4.31;ALPHA;Indicateur Produit à sous-jacent;P1 4.31;ALTA;ok;N;RPAD(C_ENR.IND_PROD_SS_JACENT, 1,' ')
3;;1352;38;P1_4_32;P1 4.32;ALPHA;Indicateur de granularité;;FILLER;vazio;;RPAD (' ', 38)
3;;1390;1;P1_4_49;P1 4.49;ALPHA;Indicateur d'engagement de valeur minimale su;;FILLER;vazio;;RPAD(' ', 1)
3;;1391;4;P1_4_99;P1 4.99;ALPHA;Filler;;FILLER;vazio;;RPAD(' ', 4)
3;;1395;24;P1_4_45;P1 4.45;ALPHA;NATure d'Opération des intérêts dus / coupons;;FILLER;vazio;;RPAD (' ', 24)
3;56;1419;6;P1_3_20;P1 3.20;NUM;Maturité résiduelle;;MEDIA;ok;000000 / 000383;Substr(pack_utilitaire.F_FORMAT_TAUX (nvl(C_ENR.MATURITE_EFF,0)) ,4,6)
3;57;1425;1;P1_4_8;P1 4.8;ALPHA;Indicateur bilan hors bilan;P1 4.8;ALTA;ok;B;RPAD(C_ENR.TOP_ENG, 1)
3;;1426;5;P1_12_16;P1 12.16;ALPHA;Code séniorité;;FILLER;vazio;;RPAD (' ', 5)
3;58;1431;6;P1_4_42;P1 4.42;ALPHA;Type de produit bancaire;;MEDIA;ok;CRED03 / CRED10;RPAD(nvl(C_ENR.CD_TYPE_PROD_BANCAIRE,' '),6,' ')
3;59;1437;8;P1_3_3;P1 3.3;DATE;Date de valeur de prise d'effet du contrat;;MEDIA;ok;20250630;RPAD(nvl(TO_CHAR(C_ENR.DT_ARRETE, 'YYYYMMDD'),' '),8)
3;;1445;7;P1_4_43;P1 4.43;ALPHA;Segment de notation du groupe de risque;;FILLER;vazio;;RPAD (' ', 7)
3;60;1452;8;P1_4_47;P1 4.47;DATE;Date de mise à disposition des fonds;;MEDIA;ok;20081203 / 20120130;RPAD(NVL(TO_CHAR(C_ENR.DT_DISPO_FONDS, 'YYYYMMDD'), ' '), 8)
3;;1460;1;P1_5_99;P1 5.99;ALPHA;Filler;;FILLER;vazio;;RPAD (' ', 1)
3;;1461;60;P1_3_62;P1 3.62;ALPHA;Identifiant local du tiers Garant des titres ;;FILLER;vazio;;RPAD (' ', 60)
3;;1521;74;P1_4_25;P1 4.25;NUM;Montant du Add-on affacturage;;FILLER;vazio;;RPAD (' ', 74)
3;61;1595;1;P1_4_29;P1 4.29;ALPHA;Indicateur créance titrisée;;MEDIA;ok;N;Case when (C_ENR.CD_TYPE_RISQUE LIKE 'TRE2%' OR C_ENR.CD_TYPE_RISQUE L
3;;1596;3;P1_4_40;P1 4.40;ALPHA;Identifiant du Fonds Commun de Titrisation (S;;FILLER;vazio;;RPAD (' ', 3)
3;;1599;1;P1_4_41;P1 4.41;ALPHA;Mode de Titrisation;;FILLER;vazio;;RPAD (' ', 1)
3;;1600;1;P1_4_48;P1 4.48;ALPHA;Indicateur créance titrisée SRT;;FILLER;vazio;;RPAD (' ', 1)
3;;1601;45;P1_4_98;P1 4.98;ALPHA;Zone réservée TRUE SALE;;FILLER;vazio;;RPAD (' ', 45)
3;;1646;10;P1_8_99;P1 8.99;ALPHA;Filler;;FILLER;vazio;;RPAD (' ', 10)
3;;1656;35;P1_4_38;P1 4.38;ALPHA;Indicateur autonomie patrimoniale de l'actif ;;FILLER;vazio;;RPAD (' ', 35)
3;;1691;466;P1_12_3;P1 12.3;ALPHA;Référence du titre sous-jacent;;FILLER;vazio;;RPAD (' ', 466)
3;62;2157;1;P1_21_3;P1 21.3;ALPHA;Evénement de crédit;;MEDIA;ok;1 / 2;RPAD(nvl(C_ENR.EVENMT_CRDT,' '),1)
3;63;2158;1;P1_21_4;P1 21.4;ALPHA;Nature Contextuelle au moment de l'évènement ;;MEDIA;ok;1 / 5;RPAD(nvl(C_ENR.NAT_CONT_EVENMT_CRDT,' '),1)
3;64;2159;1;P1_21_5;P1 21.5;ALPHA;Statut du crédit au sens de la Forbearance;;MEDIA;ok;4;RPAD(nvl(C_ENR.STA_CRDT,' '),1)
3;65;2160;2;P1_21_6;P1 21.6;ALPHA;Indicateur créance performante;;MEDIA;ok;NP / PE;RPAD(nvl(C_ENR.IND_CRE_PERF,' '),2)
3;66;2162;8;P1_21_7;P1 21.7;DATE;Date de première action de forbearance;;MEDIA;vazio;;RPAD (NVL(TO_CHAR(C_ENR.DATE_PREM_ACT_FORB, 'YYYYMMDD'), ' '), 8)
3;67;2170;8;P1_21_8;P1 21.8;DATE;Date de dernière restructuration commerciale;;MEDIA;ok;20170131 / 20200508;RPAD(NVL(TO_CHAR(C_ENR.DATE_DER_REST_COMM, 'YYYYMMDD'), ' '), 8)
3;68;2178;8;P1_21_9;P1 21.9;DATE;Date de la dernière restructuration pour risq;;MEDIA;ok;20240831;RPAD(NVL(TO_CHAR(C_ENR.DATE_DER_REST_RSQ, 'YYYYMMDD'), ' '), 8)
3;69;2186;8;P1_21_10;P1 21.10;DATE;Date d'entrée de la créance en période d'obse;;MEDIA;vazio;;CASE WHEN C_ENR.STA_CRDT NOT IN ('1') THEN RPAD(' ',8) ELSE RPAD(NVL(T
3;70;2194;8;P1_21_11;P1 21.11;DATE;Date de sortie de la créance de la période d';;MEDIA;vazio;;CASE WHEN C_ENR.STA_CRDT NOT IN ('1') THEN RPAD(' ',8) ELSE RPAD(NVL(T
3;71;2202;8;P1_21_12;P1 21.12;DATE;Date d'entrée de la créance en période probat;;MEDIA;ok;20240831;CASE WHEN C_ENR.STA_CRDT NOT IN ('2') THEN RPAD(' ',8) ELSE RPAD(NVL(T
3;72;2210;8;P1_21_13;P1 21.13;DATE;Date de sortie de la créance de la période pr;;MEDIA;ok;20260831;CASE WHEN C_ENR.STA_CRDT NOT IN ('2') THEN RPAD(' ',8) ELSE RPAD(NVL(T
3;73;2218;8;P1_21_14;P1 21.14;DATE;Date théorique de fin de situation forborne;;MEDIA;vazio;;CASE WHEN C_ENR.STA_CRDT NOT IN ('1','2') THEN RPAD(' ',8) ELSE RPAD(N
3;74;2226;8;P1_21_15;P1 21.15;DATE;Date de sortie effective de situation forborn;;MEDIA;ok;20250228;CASE WHEN C_ENR.STA_CRDT NOT IN ('1','2') THEN RPAD(' ',8) ELSE RPAD(N
3;75;2234;8;P1_21_16;P1 21.16;DATE;Date de début de l'état de performance de la ;;MEDIA;ok;20081203 / 20120130;RPAD(NVL(TO_CHAR(C_ENR.DT_PL_NPL, 'YYYYMMDD'), ' '), 8)
3;;2242;2;P1_21_17;P1 21.17;ALPHA;Zone libre (ex Motif de l'état de performance;;FILLER;vazio;;RPAD (' ', 2)
3;;2244;2;P1_21_18;P1 21.18;NUM;Nombre de restructuration pour risque;;FILLER;vazio;;RPAD (' ', 2)
3;;2246;2;P1_21_19;P1 21.19;ALPHA;Méthode de restructuration;;FILLER;vazio;;RPAD (' ', 2)
3;;2248;2;P1_21_99;P1 21.99;ALPHA;Filler;;FILLER;vazio;;RPAD (' ', 2)
3;76;2250;3;P1_22_56;P1 22.56;ALPHA;Indicateur produit échéancé;;MEDIA;ok;ECH;RPAD(nvl(C_ENR.IND_PROD_ECH,' '),3)
3;77;2253;1;P1_22_57;P1 22.57;ALPHA;Indicateur objet métier palier fourni;;MEDIA;ok;N;RPAD(nvl(C_ENR.IND_OBJ_MET_PAL,' '),1)
3;78;2254;40;P1_22_1;P1 22.1;ALPHA;Référence unique du contrat;;MEDIA;ok;200622VM0                                / 202878FN0                               ;RPAD(nvl(C_ENR.REF_UNIQ_ELEM_CONT,' '),40)
3;79;2294;40;P1_22_51;P1 22.51;ALPHA;Référence Unique de l'élément du contrat;;MEDIA;ok;200622VM0                                / 202878FN0                               ;RPAD(nvl(C_ENR.REF_UNIQ_ELEM_CONT,' '),40)
3;;2334;45;P1_22_2;P1 22.2;ALPHA;Indicateur niveau de risque;;FILLER;vazio;;RPAD (' ', 45)
3;80;2379;2;P1_22_5;P1 22.5;ALPHA;Note finale retenue à l'origine;P1 22.5;ALTA;ok;A  / A+;RPAD(nvl(C_enr.NOTE_FIN_RET_ORI, 'ND'),2)
3;81;2381;10;P1_22_52;P1 22.52;ALPHA;Note externe à l'origine;;MEDIA;vazio;;RPAD(nvl(C_ENR.NOTE_EXT_ORI,' '),10)
3;82;2391;2;P1_22_6;P1 22.6;ALPHA;Organisme de notation à l'origine;;MEDIA;ok;I ;RPAD(nvl(C_ENR.ORGA_NOTATION_ORIG,' '),2,' ')
3;83;2393;2;P1_22_53;P1 22.53;ALPHA;Segment de notation à l'origine;;MEDIA;ok;02 / 03;RPAD(nvl(C_ENR.SEG_NOT_ORI,' '),2)
3;84;2395;46;P1_22_54;P1 22.54;ALPHA;Grille Modèle de notation à l'origine;;MEDIA;ok;044102011071320130114FR                        / 044102011071320150930FR                       ;CASE WHEN C_ENR.GRI_MOD_NOT_ORI IS NULL THEN RPAD(' ',46) ELSE RPAD(nv
3;85;2441;3;P1_22_55;P1 22.55;ALPHA;Méthodologie de notation à l'origine;;MEDIA;ok;999 / C1 ;CASE WHEN C_ENR.METH_NOT_ORI = 'C3' THEN '999' ELSE RPAD(upper(nvl(C_E
3;86;2444;2;P1_22_7;P1 22.7;ALPHA;Objet du financement;P1 22.7;ALTA;ok;04 / 97;RPAD(nvl(C_ENR.OBJ_FINANCIE,'97'),2)
3;87;2446;19;P1_22_8;P1 22.8;NUM;Montant du contrat à l'origine;P1 22.8;ALTA;ok;+000000000000000000 / +000000000000040419;pack_utilitaire.F_FORMAT_MONTANT_BIS2(C_ENR.MNT_CONTRAT_ORIGINE)
3;88;2465;3;P1_22_9;P1 22.9;ALPHA;Devise du montant du contrat à l'origine;P1 22.9;ALTA;ok;EUR;RPAD(nvl(C_ENR.DEV_MNT_CONTRAT_ORIGINE, 'EUR'), 3)
3;89;2468;1;P1_22_12;P1 22.12;ALPHA;Indicateur échéancier fourni;;MEDIA;ok;N;RPAD(nvl(C_ENR.IND_ECH_FOUR,' '),1)
3;90;2469;10;P1_22_13;P1 22.13;NUM;Taux d'intérêt effectif (TIE) à l'origine;;MEDIA;ok;+000000000 / +000028000;pack_utilitaire.F_FORMAT_TAUX(C_ENR.TAUX_INT_EFF_ORI)
3;91;2479;1;P1_22_14;P1 22.14;ALPHA;Type de taux;;MEDIA;ok;F / V;RPAD(nvl(C_ENR.TYPE_TAUX,' '),1)
3;92;2480;12;P1_22_15;P1 22.15;ALPHA;Indice de référence;;MEDIA;ok;EUEI3M      ;RPAD(nvl(C_ENR.IND_REF,' '),12)
3;93;2492;1;P1_22_16;P1 22.16;ALPHA;Type d'amortissement du capital;;MEDIA;ok;L;RPAD(nvl(C_ENR.TYPE_AMOR_CAP,' '),1)
3;94;2493;1;P1_22_17;P1 22.17;ALPHA;Fréquence d'amortissement du capital;;MEDIA;ok;M;RPAD(nvl(C_ENR.PRD_AMOR_CAP,' '),1)
3;95;2494;1;P1_22_18;P1 22.18;ALPHA;Fréquence de paiement des intérêts;;MEDIA;ok;M;RPAD(nvl(C_ENR.PRD_PMT_INT,' '),1)
3;96;2495;10;P1_22_19;P1 22.19;NUM;Taux client à l'octroi;;MEDIA;ok;+000000000 / +000028000;pack_utilitaire.F_FORMAT_TAUX(C_ENR.TAUX_CLT_OCT)
3;97;2505;1;P1_22_20;P1 22.20;ALPHA;Modalité de remboursement de la créance;;MEDIA;ok;1;RPAD(nvl(C_ENR.MOD_REMB_CRE,' '),1)
3;98;2506;8;P1_22_21;P1 22.21;DATE;Date de première échéance;;MEDIA;ok;20081203 / 20120130;RPAD(NVL(TO_CHAR(C_ENR.DATE_PREM_ECH, 'YYYYMMDD'), ' '), 8)
3;99;2514;8;P1_22_22;P1 22.22;DATE;Date de fin du différé d'amortissement;;MEDIA;vazio;;RPAD(NVL(TO_CHAR(C_ENR.DATE_FIN_DIFF_AMOR, 'YYYYMMDD'), ' '), 8)
3;100;2522;10;P1_22_23;P1 22.23;NUM;Taux plafond;;MEDIA;ok;+000000000;pack_utilitaire.F_FORMAT_TAUX(C_ENR.TAUX_PLAFOND)
3;101;2532;10;P1_22_24;P1 22.24;NUM;Taux plancher;;MEDIA;ok;+000000000;pack_utilitaire.F_FORMAT_TAUX(C_ENR.TAUX_PLANCHER)
3;102;2542;1;P1_22_25;P1 22.25;ALPHA;Fréquence de révision du taux;;MEDIA;ok;M;RPAD(nvl(C_ENR.PRD_REV_TAUX_UNIT_TMP,' '),1)
3;103;2543;3;P1_22_26;P1 22.26;NUM;Périodicité de révision du taux en nombre;;MEDIA;ok;000 / 001;LPAD(nvl((C_ENR.PRD_REV_TAUX_NBR),0),3,0)
3;104;2546;10;P1_22_27;P1 22.27;NUM;Taux client de la période en cours;;MEDIA;ok;+000000000 / +000028000;pack_utilitaire.F_FORMAT_TAUX(C_ENR.TAUX_CLT_PRD_EN_CRS)
3;105;2556;10;P1_22_28;P1 22.28;NUM;Taux de marge additive;;MEDIA;ok;+000000000 / +000105000;pack_utilitaire.F_FORMAT_TAUX(C_ENR.TAUX_MRG_ADD)
3;106;2566;10;P1_22_29;P1 22.29;NUM;Taux de marge multiplicative;;MEDIA;ok;+000000000;pack_utilitaire.F_FORMAT_TAUX(C_ENR.TAUX_MRG_MULT)
3;107;2576;7;P1_22_30;P1 22.30;ALPHA;Base de calcul des intérêts;;MEDIA;ok;EXA-360 / EXB-EXB;RPAD(nvl(C_ENR.BASE_CAL_INT,' '),7)
3;108;2583;8;P1_22_31;P1 22.31;DATE;Date du premier déblocage de fonds;;MEDIA;ok;20081203 / 20120130;RPAD(NVL(TO_CHAR(C_ENR.DT_PREM_DBLQ_FONDS, 'YYYYMMDD'), ' '), 8)
3;109;2591;19;P1_22_32;P1 22.32;NUM;Montant du premier déblocage de fonds;;MEDIA;ok;+000000000000041631 / +000000000000080816;case when C_ENR.MNT_PREM_DBLQ_FONDS is null then RPAD(' ',19) else pac
3;110;2610;3;P1_22_33;P1 22.33;ALPHA;Devise du montant du premier déblocage de fon;;MEDIA;ok;EUR;RPAD(nvl(C_ENR.DEVISE_PREM_DBLQ_FONDS,'EUR'),3)
3;111;2613;19;P1_22_34;P1 22.34;NUM;Montant du capital théorique restant dû;;MEDIA;ok;+000000000000000000 / +000000000000005814;pack_utilitaire.F_FORMAT_MONTANT_BIS2(CASE WHEN C_ENR.CAP_THEO_REST <0
3;112;2632;3;P1_22_35;P1 22.35;ALPHA;Devise du montant du capital théorique restan;;MEDIA;ok;EUR;RPAD(nvl(C_ENR.DEVI_CAP_THEO_REST,' '),3)
3;113;2635;1;P1_22_36;P1 22.36;ALPHA;Option de remboursement anticipé;;MEDIA;ok;3;RPAD(NVL(C_ENR.IND_RMB_ANTICIPE,' '),1,' ')
3;114;2636;8;P1_22_37;P1 22.37;DATE;Date du premier arriéré de paiement;;MEDIA;vazio;;RPAD(NVL(TO_CHAR(C_ENR.dt_exigte_prem_impy, 'YYYYMMDD'), ' '), 8)
3;115;2644;8;P1_22_38;P1 22.38;DATE;Date de passage de l'encours en douteux compr;P1 22.38;ALTA;vazio;;RPAD(NVL(TO_CHAR(C_ENR.DT_PASSAGE_DOUTEUX_COMPROMIS, 'YYYYMMDD'), ' ')
3;;2652;19;P1_22_39;P1 22.39;NUM;Montant de l'encours en douteux compromis;P1 22.39;FILLER;vazio;;RPAD(' ', 19)
3;;2671;3;P1_22_40;P1 22.40;ALPHA;Devise du montant de l'encours en douteux com;P1 22.40;FILLER;vazio;;RPAD(' ', 3)
3;;2674;8;P1_22_41;P1 22.41;DATE;Date de déchéance du terme;P1 22.41;FILLER;vazio;;RPAD(' ', 8)
3;;2682;10;P1_22_42;P1 22.42;NUM;Loan-to-value ratio (LTV) local à l'octroi;P1 22.42;FILLER;vazio;;RPAD(' ', 10)
3;;2692;10;P1_22_43;P1 22.43;NUM;Loan-to-value ratio (LTV) local revalorisé;P1 22.43;FILLER;vazio;;RPAD(' ', 10)
3;116;2702;19;P1_22_44;P1 22.44;NUM;Montant à l'acquisition du bien financé;P1 22.44;ALTA;ok;+000000000000000000 / +000000000021146523;pack_utilitaire.f_format_montant_bis2(nvl((C_ENR.MNT_ACQUISITION),0))
3;117;2721;3;P1_22_45;P1 22.45;ALPHA;Devise du montant à l'acquisition du bien fin;P1 22.45;ALTA;ok;EUR;RPAD('EUR', 3)
3;;2724;8;P1_22_46;P1 22.46;DATE;Date de revalorisation du bien;P1 22.46;FILLER;vazio;;RPAD(' ', 8)
3;;2732;19;P1_22_47;P1 22.47;NUM;Montant revalorisé du bien financé;P1 22.47;FILLER;vazio;;RPAD(' ', 19)
3;;2751;3;P1_22_48;P1 22.48;ALPHA;Devise du montant revalorisé du bien financé;P1 22.48;FILLER;vazio;;RPAD(' ', 3)
3;;2754;10;P1_22_49;P1 22.49;NUM;Loan-to-income ratio (LTI) local à l'octroi;P1 22.49;FILLER;vazio;;RPAD(' ', 10)
3;;2764;10;P1_22_50;P1 22.50;NUM;Loan-to-income ratio (LTI) local revalorisé;P1 22.50;FILLER;vazio;;RPAD(' ', 10)
3;118;2774;8;P1_22_58;P1 22.58;DATE;Date de début de palier;P1 22.58;ALTA;ok;20130207 / 20131231;RPAD(NVL(TO_CHAR(C_ENR.DATE_DEB_PALL, 'YYYYMMDD'), ' '), 8)
3;119;2782;8;P1_22_59;P1 22.59;DATE;Date de fin de palier;;MEDIA;ok;20250331 / 20250614;RPAD(NVL(TO_CHAR(C_ENR.DATE_FIN_PALL, 'YYYYMMDD'), ' '), 8)
3;120;2790;19;P1_22_60;P1 22.60;NUM;Montant de l'échéance en cours;;MEDIA;ok;+000000000000000000 / +000000000000007500;pack_utilitaire.F_FORMAT_MONTANT_NEGATIF_19(C_ENR.MNT_ECH_EN_COURS)
3;121;2809;3;P1_22_61;P1 22.61;ALPHA;Devise du montant de l'échéance en cours;;MEDIA;ok;EUR;RPAD(nvl(C_ENR.DEVI_MNT_ECH_EN_COURS,' '),3)
3;122;2812;1;P1_22_62;P1 22.62;ALPHA;Indicateur pré / post fixé;;MEDIA;ok;E;RPAD(nvl(C_ENR.IND_PRE_POST_FIX,' '),1)
3;123;2813;8;P1_22_63;P1 22.63;DATE;Date de début de l'engagement renouvelé;P1 22.63;ALTA;ok;20170131 / 20200508;RPAD(NVL(TO_CHAR(C_ENR.DATE_DEB_ENG_RENVL,'YYYYMMDD'),' '), 8)
3;;2821;12;P1_22_64;P1 22.64;ALPHA;Type de prêt habitat;;FILLER;vazio;;RPAD (' ', 12)
3;124;2833;2;P1_22_66;P1 22.66;ALPHA;Pays de juridiction du contrat;;MEDIA;ok;FR;RPAD(nvl(C_ENR.CD_PAYS_JURIDICTION, ' '), 2)
3;125;2835;8;P1_22_67;P1 22.67;DATE;Date de signature du contrat initial;;MEDIA;ok;20081203 / 20120130;RPAD(NVL(TO_CHAR(C_ENR.DT_SIGNATURE, 'YYYYMMDD'), ' '), 8)
3;;2843;3;P1_22_68;P1 22.68;ALPHA;Evénement déclencheur de la garantie;;FILLER;vazio;;RPAD (' ', 3)
3;126;2846;5;P1_22_70;P1 22.70;ALPHA;Nombre de jours de retard de paiement;;MEDIA;ok;00000;LPAD(NVL(to_char(C_ENR.NB_JOURS_RETARD), ' '),5,'0')
3;127;2851;3;P1_22_71;P1 22.71;ALPHA;Motif du passage en engagement en défaut;;MEDIA;ok;060 / 200;CASE WHEN C_ENR.CD_MOTIF_SCO_LC0267 is NULL then RPAD(' ', 3) ELSE LPA
3;128;2854;2;P1_22_72;P1 22.72;ALPHA;Bucket IFRS9;;MEDIA;ok;B1 / B2;RPAD(nvl(C_ENR.BUCKET_IFRS9,' '),2)
3;;2856;20;P1_22_73;P1 22.73;NUM;Probabilité de défaut à l'origine calculée en;;FILLER;vazio;;RPAD (' ', 20)
3;129;2876;1;P1_23_1;P1 23.1;ALPHA;Eligibilité Outil Mutualisé de provisionnemen;;MEDIA;ok;2 / 4;RPAD(nvl(C_ENR.ELI_OUT_MUT_PROV,' '),1)
3;130;2877;7;P1_23_2;P1 23.2;ALPHA;Centre de résultat;;MEDIA;ok;LEASING;RPAD(nvl(C_ENR.CENTRE_RES,' '),7)
3;131;2884;20;P1_23_3;P1 23.3;ALPHA;Système de gestion source;;MEDIA;ok;KSP                  / LIX                 ;RPAD(nvl(C_ENR.SYS_GEST_SRC,' '),20)
3;132;2904;3;P1_23_4;P1 23.4;ALPHA;Classification comptable des actifs en norme ;;MEDIA;ok;CAM;RPAD(nvl(C_ENR.CLA_COMP_ACT_IFRS9,' '),3)
3;133;2907;3;P1_23_5;P1 23.5;ALPHA;Classification comptable des actifs en norme ;;MEDIA;ok;PRC;RPAD(nvl(C_ENR.CLA_COMP_ACT_NATIONALE,' '),3)
3;134;2910;1;P1_23_6;P1 23.6;ALPHA;Indicateur Actif déprécié dès l'origination;;MEDIA;ok;N;RPAD(nvl(C_ENR.IND_ACT_DEP_ORI,' '),1)
3;135;2911;40;P1_23_7;P1 23.7;ALPHA;Zone libre d'appariement comptable;;MEDIA;ok;A5171100_040_00370_CRBA                  / A5231100_022_00370_CREN                 ;RPAD(C_ENR.PCCO_MNT_CRD || nvl(C_ENR.ZONE_APP_COMP,' '),40)
3;;2951;10;P1_23_12;P1 23.12;ALPHA;Zone OMP locale 1;;FILLER;vazio;;RPAD (' ', 10)
3;136;2961;12;P1_23_8;P1 23.8;ALPHA;Code méthode IFRS9 - PD;;MEDIA;vazio;;RPAD (nvl(C_ENR.CD_METH_IFRS9_PD,' '), 12)
3;137;2973;12;P1_23_9;P1 23.9;ALPHA;Code méthode IFRS9 - Loss Given Default (LGD);;MEDIA;ok;DEFAUTLGD    / LGCBI_GAR0  ;RPAD (nvl(C_ENR.CD_METH_IFRS9_LGD,' '), 12)
3;138;2985;12;P1_23_10;P1 23.10;ALPHA;Code méthode IFRS9 - CCF;;MEDIA;ok;CCCALL0010   / CCCALL0020  ;RPAD (nvl(C_ENR.CD_METH_IFRS9_CCF,' '), 12)
3;139;2997;12;P1_23_11;P1 23.11;ALPHA;Code méthode IFRS9 - Taux de remboursement an;;MEDIA;ok;RACBI0001    / RACBM0001   ;RPAD (nvl(C_ENR.CD_METH_IFRS9_TX,' '), 12)
3;;3009;2;P1_23_99;P1 23.99;ALPHA;Filler;;FILLER;vazio;;RPAD (' ', 2)
3;140;3011;1;P1_24_1;P1 24.1;ALPHA;Eligibilité Prudent Valuation;;MEDIA;ok;N;RPAD(NVL(C_ENR.ELIGIB_PRUDENT_VAL,' '),1,' ')
3;;3012;471;P1_24_2;P1 24.2;ALPHA;Motif d'exemption déclaré à l'ajustement à la;;FILLER;vazio;;RPAD (' ', 471)
3;;3483;178;P1_25_1;P1 25.1;NUM;Montant Add-on CAD;P1 25;FILLER;vazio;;RPAD (' ', 178)
3;141;3661;1;P1_26_1;P1 26.1;ALPHA;Indicateur mobilisation de l'actif;;MEDIA;ok;1 / 3;RPAD(NVL(C_ENR.IND_MOBIL_ACTIF,' '),1,' ')
3;142;3662;1;P1_22_11;P1 22.11;ALPHA;Indicateur éligibilité de l'actif à une mobil;;MEDIA;ok;N / Y;RPAD(NVL(C_ENR.ELIG_MOB_BANQUE_CENTRALE, ' '), 1)
3;143;3663;3;P1_26_3;P1 26.3;ALPHA;Référence de mobilisation de l'actif;;MEDIA;ok;1  ;RPAD(NVL(C_ENR.REF_MOB_ACTIF, ' '), 3)
3;144;3666;3;P1_26_4;P1 26.4;ALPHA;Code organisme de mobilisation;;MEDIA;ok;404;RPAD(NVL(C_ENR.CD_ORGA_MOBIL, ' '), 3)
3;;3669;44;P1_26_99;P1 26.99;ALPHA;Zone réservée Asset Encumbrance;;FILLER;vazio;;RPAD (' ', 44)
3;;3713;22;P1_27_1;P1 27.1;NUM;Montant cumulé des recouvrements depuis le dé;;FILLER;vazio;;RPAD (' ', 22)
3;145;3735;1;P1_27_3;P1 27.3;ALPHA;Eligibilité Outil Central ANACREDIT;;MEDIA;ok;1 / 2;RPAD(NVL(C_ENR.IND_ELIGI_OUTI_CTRAL_ANACRD, '2'), 1)
3;146;3736;2;P1_27_4;P1 27.4;ALPHA;Motif exclusion à la déclaration ANACREDIT;;MEDIA;ok;02;RPAD(NVL(C_ENR.MOTIF_EXCLU_ANACREDIT, ' '), 2)
3;;3738;23;P1_27_99;P1 27.99;ALPHA;Filler;;FILLER;vazio;;RPAD (' ', 23)
3;147;3761;1;P1_28_1;P1 28.1;ALPHA;Indicateur opération effet de levier;;MEDIA;ok;0;RPAD (nvl(C_ENR.IND_OPE_EFFET_LEVIER,' '), 1)
3;;3762;1;P1_28_2;P1 28.2;ALPHA;Indicateur sponsor financier majoritaire au c;;FILLER;vazio;;RPAD (' ', 1)
3;148;3763;19;P1_29_1;P1 29.1;NUM;Montant de l'indemnité de résiliation;;MEDIA;ok;+000000000000000000;pack_utilitaire.F_FORMAT_MONTANT_BIS3(C_ENR.MNT_IDEMNITE_RES)
3;149;3782;3;P1_29_2;P1 29.2;ALPHA;Devise du montant de l'indemnité de résiliati;;MEDIA;ok;EUR;RPAD (nvl(C_ENR.CD_DEV_MNT_INDEMNITE,' '), 3)
3;;3785;190;P1_30_1;P1 30.1;ALPHA;Type de contrat cadre;;FILLER;vazio;;RPAD(' ',190)
3;;3975;6;P1_30_22;P1 30.22;ALPHA;Référence du contrat cadre;;FILLER;vazio;;RPAD(' ',6)
3;150;3981;1;P1_30_22;P1 30.22;ALPHA;Référence du contrat cadre;;MEDIA;ok;N;'N'
3;;3982;18;P1_30_23;P1 30.23;ALPHA;Indicateur accord de netting contractuel;;FILLER;vazio;;RPAD (' ', 18)
3;;4000;7;P1_30_24;P1 30.24;ALPHA;Référence du contrat de netting contractuel;;FILLER;vazio;;RPAD (' ', 7)
3;151;4007;1;P1_30_24;P1 30.24;ALPHA;Référence du contrat de netting contractuel;;MEDIA;vazio;;'N'
3;;4008;25;P1_30_25;P1 30.25;ALPHA;Indicateur accord de netting comptable;;FILLER;ok;N                        ;RPAD (' ', 25)
3;;4033;1;P1_30_26;P1 30.26;ALPHA;Référence du contrat de netting comptable;;FILLER;vazio;;RPAD (' ', 1)
3;;4034;5;P1_30_27;P1 30.27;ALPHA;Finalité de l'opération;;FILLER;vazio;;RPAD (' ', 5)
3;152;4039;40;P1_31_1;P1 31.1;ALPHA;Code entité de la succursale à l'origine de l;;BAIXA;ok; 200622VM0                               /  202878FN0                              ;RPAD(NVL(C_ENR.REF_UNIQ_CONT, ' '), 40)
3;153;4079;40;P1_31_2;P1 31.2;ALPHA;Référence unique du contrat à l'origine;;BAIXA;ok; 200622VM0                               /  202878FN0                              ;RPAD(NVL(C_ENR.REF_UNIQ_ELEM_CONT, ' '), 40)
3;154;4119;19;P1_31_3;P1 31.3;ALPHA;Référence unique de l'élément de contrat à l';;BAIXA;ok; +00000000000000000 /  +00000000000004041;RPAD(pack_utilitaire.f_format_montant_bis2(C_ENR.MNT_ENG_DT_SIGN_CTRT)
3;155;4138;1;P1_31_4;P1 31.4;NUM;Montant en euros de l'engagement à la date de;;MEDIA;ok;0 / 1;RPAD(NVL(C_ENR.IND_RESPO_SOLIDAIRE, ' '), 1)
3;156;4139;1;P1_31_5;P1 31.5;ALPHA;Indicateur responsabilité solidaire;;MEDIA;ok;N;RPAD (NVL(C_ENR.IND_ISF,'2'), 1)
3;;4140;6;P1_31_6;P1 31.6;ALPHA;Indicateur dossier infrastructure éligible au;;FILLER;ok;1      / 2     ;RPAD (' ', 6)
3;;4146;1;P1_31_7;P1 31.7;ALPHA;Rang dans la hiérarchie des créanciers;;FILLER;vazio;;RPAD (' ', 1)
3;157;4147;15;P1_31_8;P1 31.8;ALPHA;Droit d'un pays tiers : reconnaissance de la ;;BAIXA;ok; 14100          /  24140         ;RPAD(NVL(C_ENR.CD_COMMUNE_BIEN_FINAN, ' '),15,' ')
3;158;4162;2;P1_31_9;P1 31.9;ALPHA;Lieu d'investissement du bien principal finan;;BAIXA;ok; F;RPAD(NVL(C_ENR.CD_PAYS_BIEN_FINAN, ' '),2,' ')
3;;4164;1;P1_31_10;P1 31.10;ALPHA;Lieu d'investissement du bien principal finan;;FILLER;ok;R;RPAD (' ', 1)
3;;4165;1;P1_31_11;P1 31.11;ALPHA;Indicateur permis de construire à l'octroi;;FILLER;vazio;;RPAD (' ', 1)
3;;4166;1;P1_31_12;P1 31.12;ALPHA;Etat du bien financé à l'octroi;;FILLER;vazio;;RPAD (' ', 1)
3;;4167;15;P1_31_13;P1 31.13;ALPHA;Catégorie énergétique du bien immobilier à l';;FILLER;vazio;;RPAD (' ', 15)
3;;4182;19;P1_31_14;P1 31.14;NUM;Taux de réservation du programme immobilier;;FILLER;vazio;;RPAD (' ', 19)
3;;4201;3;P1_31_15;P1 31.15;NUM;Montant de l'apport à l'octroi;;FILLER;vazio;;RPAD (' ', 3)
3;159;4204;1;P1_31_16;P1 31.16;ALPHA;Devise du montant de l'apport à l'octroi;P1 31.17;BAIXA;vazio;;RPAD ('+', 1)
3;160;4205;5;P1_31_17;P1 31.17;NUM;Durée initiale du prêt;P1 31.17;ALTA;ok;+0001 / +0002;case when C_ENR.CD_TYPE_RISQUE like 'TRE%' then LPAD(nvl(CEIL((C_ENR.D
3;161;4210;1;P1_31_17;P1 31.17;NUM;Durée initiale du prêt;P1 31.18;BAIXA;ok;0 / 1;RPAD ('+', 1)
3;162;4211;5;P1_31_18;P1 31.18;NUM;Durée totale du prêt à date;P1 31.18;ALTA;ok;+0001 / +0002;case when C_ENR.CD_TYPE_RISQUE like 'TRE%' then LPAD(nvl(CEIL((C_ENR.D
3;;4216;6;P1_31_18;P1 31.18;NUM;Durée totale du prêt à date;;FILLER;ok;0      / 1     ;RPAD (' ', 6)
3;;4222;1;P1_31_19;P1 31.19;NUM;Durée de la période d'anticipation à date d'a;;FILLER;vazio;;RPAD (' ', 1)
3;163;4223;2;P1_31_20;P1 31.20;ALPHA;Méthode de valorisation du bien;;BAIXA;ok; 0;RPAD(NVL(C_ENR.CDTYPEGARPRINCOCTROI,' '), 2)
3;164;4225;2;P1_31_21;P1 31.21;ALPHA;Type de sécurisation à l'octroi;P1 31.22;ALTA;ok;10 / 20;CASE WHEN C_ENR.CD_TYPE_RISQUE = 'TRE502' THEN '01' WHEN C_ENR.CD_TYPE
3;;4227;19;P1_31_22;P1 31.22;ALPHA;Type de sécurisation à date;;FILLER;ok;1                   / 2                  ;RPAD (' ', 19)
3;;4246;3;P1_31_23;P1 31.23;NUM;Montant des fonds remis à date;;FILLER;vazio;;RPAD (' ', 3)
3;;4249;15;P1_31_24;P1 31.24;ALPHA;Devise du montant des fonds remis à date;;FILLER;vazio;;RPAD (' ', 15)
3;;4264;15;P1_31_25;P1 31.25;NUM;Interest Coverage Ratio (ICR) à l'octroi;;FILLER;vazio;;RPAD (' ', 15)
3;;4279;15;P1_31_26;P1 31.26;NUM;Loan-to-rent ratio (LTR) à l'octroi;;FILLER;vazio;;RPAD (' ', 15)
3;;4294;15;P1_31_27;P1 31.27;NUM;LSTI à l'octroi;;FILLER;vazio;;RPAD (' ', 15)
3;;4309;15;P1_31_28;P1 31.28;NUM;DSTI à l'octroi;;FILLER;vazio;;RPAD (' ', 15)
3;165;4324;1;P1_31_29;P1 31.29;NUM;Taux de marge du crédit brut à l'octroi;;MEDIA;vazio;;RPAD(NVL(C_ENR.IND_GAR_SANS_LIMITE,' '),1)
3;;4325;1;P1_31_37;P1 31.37;ALPHA;Indicateur garantie sans limite;;FILLER;vazio;;RPAD(' ',1)
3;166;4326;19;P1_31_38;P1 31.38;ALPHA;Etendue de la garantie donnée;;BAIXA;ok; +00000000000000000 /  +00000000000022017;RPAD(pack_utilitaire.f_format_montant_bis2(C_ENR.MNT_SUBV_HT),19)
3;167;4345;3;P1_29_3;P1 29.3;NUM;Montant des subventions;P1 29.4;ALTA;incoerente;0EU / 1EU;RPAD ('EUR', 3)
3;;4348;22;P1_29_4;P1 29.4;ALPHA;Devise du montant des subventions;;FILLER;ok;R                     ;RPAD (' ', 22)
3;;4370;19;P1_29_6;P1 29.6;ALPHA;Devise du montant de l'avance preneur en créd;;FILLER;vazio;;RPAD (' ', 19)
3;;4389;3;P1_21_20;P1 21.20;NUM;Montant des passages en pertes cumulées;;FILLER;vazio;;RPAD (' ', 3)
3;;4392;28;P1_21_21;P1 21.21;ALPHA;Devise du montant des passages en pertes cumu;;FILLER;vazio;;RPAD (' ', 28)
3;;4420;7;P1_31_36;P1 31.36;ALPHA;Indicateur prise ferme sur les titres;;FILLER;vazio;;RPAD (' ', 7)
3;;4427;2;P1_16_24;P1 16.24;ALPHA;Méthode de titrisation;;FILLER;vazio;;RPAD (' ', 2)
3;;4429;2;P1_16_25;P1 16.25;ALPHA;Echelon qualité de crédit de la tranche à dat;;FILLER;vazio;;RPAD (' ', 2)
3;;4431;2;P1_16_26;P1 16.26;ALPHA;Type de cotation échelon de qualité de crédit;;FILLER;vazio;;RPAD (' ', 2)
3;;4433;2;P1_16_27;P1 16.27;ALPHA;Echelon qualité de crédit de la tranche à dat;;FILLER;vazio;;RPAD (' ', 2)
3;;4435;19;P1_16_28;P1 16.28;ALPHA;Type de cotation échelon de qualité de crédit;;FILLER;vazio;;RPAD (' ', 19)
3;;4454;3;P1_16_29;P1 16.29;NUM;Montant escompte d'achats non remboursables;;FILLER;vazio;;RPAD (' ', 3)
3;;4457;19;P1_16_30;P1 16.30;ALPHA;Devise du montant escompte d'achats non rembo;;FILLER;vazio;;RPAD (' ', 19)
3;;4476;3;P1_16_31;P1 16.31;NUM;Montant de l'ajustement spécifique du risque ;;FILLER;vazio;;RPAD (' ', 3)
3;;4479;19;P1_16_32;P1 16.32;ALPHA;Devise du montant de l'ajustement spécifique ;;FILLER;vazio;;RPAD (' ', 19)
3;;4498;3;P1_16_33;P1 16.33;NUM;Valeur exposée au risque des positions déduit;;FILLER;vazio;;RPAD (' ', 3)
3;;4501;19;P1_16_34;P1 16.34;ALPHA;Devise de la valeur exposée au risque des pos;;FILLER;vazio;;RPAD (' ', 19)
3;;4520;3;P1_16_35;P1 16.35;NUM;Montant de l'ajustement des risques pondérés ;;FILLER;vazio;;RPAD (' ', 3)
3;;4523;19;P1_16_36;P1 16.36;ALPHA;Devise du montant de l'ajustement des risques;;FILLER;vazio;;RPAD (' ', 19)
3;;4542;3;P1_16_37;P1 16.37;NUM;Montant de RWA supplémentaire pour non-confor;;FILLER;vazio;;RPAD (' ', 3)
3;;4545;19;P1_16_38;P1 16.38;ALPHA;Devise du montant de RWA supplémentaire pour ;;FILLER;vazio;;RPAD (' ', 19)
3;;4564;3;P1_16_39;P1 16.39;NUM;Montant du gain RWA obtenu par le CAP sur la ;;FILLER;vazio;;RPAD (' ', 3)
3;;4567;19;P1_16_40;P1 16.40;ALPHA;Devise du montant du gain RWA obtenu par le C;;FILLER;vazio;;RPAD (' ', 19)
3;;4586;3;P1_16_41;P1 16.41;NUM;Montant du gain RWA obtenu par le CAP sur les;;FILLER;vazio;;RPAD (' ', 3)
3;;4589;2;P1_16_42;P1 16.42;ALPHA;Devise du montant du gain RWA obtenu par le C;;FILLER;vazio;;RPAD (' ', 2)
3;;4591;2;P1_28_3;P1 28.3;ALPHA;Nature du financement;;FILLER;vazio;;RPAD (' ', 2)
3;;4593;2;P1_28_4;P1 28.4;ALPHA;Type d'origination opération à effet de levie;;FILLER;vazio;;RPAD (' ', 2)
3;;4595;20;P1_28_5;P1 28.5;ALPHA;Type clause contrat covenant;;FILLER;vazio;;RPAD (' ', 20)
3;;4615;10;P1_28_6;P1 28.6;ALPHA;Identifiant local du tiers sponsor financier;;FILLER;vazio;;RPAD (' ', 10)
3;;4625;15;P1_28_7;P1 28.7;ALPHA;Identifiant central du tiers sponsor financie;;FILLER;vazio;;RPAD (' ', 15)
3;;4640;19;P1_28_8;P1 28.8;NUM;Ratio de levier de l'opération à l'originatio;;FILLER;vazio;;RPAD (' ', 19)
3;;4659;3;P1_28_9;P1 28.9;NUM;Montant de la part de la prise ferme du monta;;FILLER;vazio;;RPAD (' ', 3)
3;;4662;19;P1_28_10;P1 28.10;ALPHA;Devise du montant de la part de la prise ferm;;FILLER;vazio;;RPAD (' ', 19)
3;;4681;3;P1_28_11;P1 28.11;NUM;Montant de la part à syndiquer du montant du ;;FILLER;vazio;;RPAD (' ', 3)
3;;4684;19;P1_28_12;P1 28.12;ALPHA;Devise du montant de la part à syndiquer du m;;FILLER;vazio;;RPAD (' ', 19)
3;;4703;3;P1_28_13;P1 28.13;NUM;Montant de la part à syndiquer non cédé;;FILLER;vazio;;RPAD (' ', 3)
3;168;4706;3;P1_28_14;P1 28.14;ALPHA;Devise du montant de la part à syndiquer non ;;BAIXA;ok; EU;'EUR'
3;169;4709;12;P1_50_1;P1 50.1;ALPHA;Devise de liasse de l'entité;;BAIXA;ok;RA5171100    / RA5231100   ;RPAD(NVL(C_ENR.PCEC_MNT_RISQUE, ' '), 12)
3;170;4721;19;P1_50_2;P1 50.2;ALPHA;PCCO - Montant du principal 1;;BAIXA;ok; +00000000000000000 /  +00000000000000150;RPAD(pack_utilitaire.f_format_montant_bis2(C_ENR.MNT_RISQUE),19)
3;;4740;12;P1_50_3;P1 50.3;NUM;Montant du principal 1;;FILLER;ok;0            / 1           ;RPAD(' ',12)
3;;4752;19;P1_50_4;P1 50.4;ALPHA;PCCO - Montant du principal 2;;FILLER;vazio;;RPAD(' ',19)
3;171;4771;12;P1_50_5;P1 50.5;NUM;Montant du principal 2;;BAIXA;incoerente; A5177100    /  A5237100   ;RPAD(NVL(C_ENR.PCEC_ICNE, ' '), 12)
3;172;4783;19;P1_50_8;P1 50.8;ALPHA;PCCO - Montant des Dettes et créances rattach;;BAIXA;ok; +00000000000000000 /  +00000000000000085;RPAD(pack_utilitaire.f_format_montant_bis2(C_ENR.MNT_ICNE),19)
3;;4802;12;P1_50_9;P1 50.9;NUM;Montant des Dettes et créances rattachées;;FILLER;ok;0            / 1           ;RPAD(' ',12)
3;;4814;19;P1_50_14;P1 50.14;ALPHA;PCCO - Montant Marge initiale - Fonds de défa;;FILLER;vazio;;RPAD(' ',19)
3;;4833;12;P1_50_15;P1 50.15;NUM;Montant Marge initiale - Fonds de défaut;;FILLER;vazio;;RPAD(' ',12)
3;;4845;19;P1_50_16;P1 50.16;ALPHA;PCCO - Montant Marge variable;;FILLER;vazio;;RPAD(' ',19)
3;;4864;12;P1_50_17;P1 50.17;NUM;Montant Marge variable;;FILLER;vazio;;RPAD(' ',12)
3;;4876;19;P1_50_18;P1 50.18;ALPHA;PCCO - Montant Impacts JV;;FILLER;vazio;;RPAD(' ',19)
3;173;4895;2;P1_50_19;P1 50.19;NUM;Montant Impacts JV;P1 21.22;ALTA;vazio;;RPAD(NVL(C_ENR.MOTIF_MRTR,' '),2)
3;174;4897;8;P1_21_22;P1 21.22;ALPHA;Motif du moratoire;P1 21.23;ALTA;vazio;;RPAD(NVL(TO_CHAR(C_ENR.DT_DEBUT_MRTR, 'YYYYMMDD'), ' '),8)
3;175;4905;6;P1_21_23;P1 21.23;DATE;Date de début du moratoire;P1 21.29;ALTA;vazio;;case when C_ENR.DUREE_MRTR is not null then '+'||LPAD(C_ENR.DUREE_MRTR
3;176;4911;2;P1_21_29;P1 21.29;NUM;Durée du moratoire;P1 21.25;ALTA;vazio;;RPAD(NVL(C_ENR.STATUT_MRTR,' '),2)
3;177;4913;1;P1_21_25;P1 21.25;ALPHA;Statut du moratoire;P1 21.26;BAIXA;vazio;;RPAD(NVL(C_ENR.IND_MRTR_LEGISLATIF,' '),1)
3;178;4914;1;P1_21_26;P1 21.26;ALPHA;Indicateur de moratoire législatif;P1 21.27;BAIXA;vazio;;RPAD(NVL(C_ENR.IND_MRTR_CONTRACTUEL,' '),1)
3;179;4915;2;P1_21_27;P1 21.27;ALPHA;Indicateur de moratoire contractuel;P1 21.28;ALTA;vazio;;RPAD(NVL(C_ENR.CHAMP_APPL_MRTR,' '),2)
3;180;4917;19;P1_21_28;P1 21.28;ALPHA;Champ d'application du moratoire;P1 21.30;ALTA;vazio;;case when C_ENR.MNT_MRTR is not null then RPAD(pack_utilitaire.f_forma
3;181;4936;3;P1_21_30;P1 21.30;NUM;Montant des échéances reportées;P1 21.31;ALTA;vazio;;case when C_ENR.MNT_MRTR is not null then RPAD(NVL(C_ENR.DEV_MRTR,' ')
3;;4939;15;P1_21_31;P1 21.31;ALPHA;Devise du montant des échéances reportées;P1 21.32;FILLER;vazio;;RPAD(' ',15)
3;;4954;3;P1_21_32;P1 21.32;ALPHA;Méthode de convention des taux sans risque (R;P1 21.33;FILLER;vazio;;RPAD(' ',3)
3;;4957;12;P1_21_33;P1 21.33;ALPHA;Durée de convention des taux sans risque (RFR;P1 15;FILLER;vazio;;RPAD(' ',12)
3;;4969;12;P1_15;P1 15;ALPHA;Numéro de compte local (PCI) de l'encours;P1 16;FILLER;vazio;;RPAD(' ',12)
3;;4981;12;P1_16;P1 16;ALPHA;Numéro de compte PCCA de l'encours en norme I;P1 14;FILLER;vazio;;RPAD(' ',12)
3;;4993;12;P1_14;P1 14;ALPHA;Numéro de compte PCCA de l'encours en NF;P1 50.20;FILLER;vazio;;RPAD(' ',12)
3;;5005;19;P1_50_20;P1 50.20;ALPHA;PCCO - Montant du principal 3;P1 50.21;FILLER;vazio;;RPAD(' ',19)
3;;5024;1;P1_50_21;P1 50.21;NUM;Montant du principal 3;P1 21.34;FILLER;vazio;;RPAD(' ',1)
3;;5025;1;P1_21_34;P1 21.34;ALPHA;Indicateur de créance titrisable;P1 21.35;FILLER;vazio;;RPAD(' ',1)
3;;5026;19;P1_21_35;P1 21.35;ALPHA;Indicateur de créance pour émission de covere;P1 21.36;FILLER;vazio;;RPAD(' ',19)
3;;5045;3;P1_21_36;P1 21.36;NUM;Montants liquidatifs estimés;P1 21.37;FILLER;vazio;;RPAD(' ',3)
3;;5048;10;P1_21_37;P1 21.37;ALPHA;Devise des montants liquidatifs estimés;P1 21.47;FILLER;vazio;;RPAD(' ',10)
3;;5058;7;P1_21_47;P1 21.47;NUM;Pondération Bâloise de l'engagement pour le c;P1 21.48;FILLER;vazio;;RPAD(' ',7)
3;;5065;19;P1_21_48;P1 21.48;ALPHA;Méthode de titrisation pour le calcul de l'Ou;P1 21.49;FILLER;vazio;;RPAD(' ',19)
3;;5084;3;P1_21_49;P1 21.49;NUM;Montant des ajustements de risques pondérés l;P1 21.50;FILLER;vazio;;RPAD(' ',3)
3;;5087;19;P1_21_50;P1 21.50;ALPHA;Devise du montant des ajustements de risques ;P1 21.51;FILLER;vazio;;RPAD(' ',19)
3;;5106;3;P1_21_51;P1 21.51;NUM;Montant de RWA supplémentaire pour non-confor;P1 21.52;FILLER;vazio;;RPAD(' ',3)
3;;5109;19;P1_21_52;P1 21.52;ALPHA;Devise du montant de RWA supplémentaire pour ;P1 21.53;FILLER;vazio;;RPAD(' ',19)
3;;5128;3;P1_21_53;P1 21.53;NUM;Montant du gain RWA obtenu par le CAP sur la ;P1 21.54;FILLER;vazio;;RPAD(' ',3)
3;182;5131;1;P1_21_54;P1 21.54;ALPHA;Devise du gain RWA obtenu par le CAP sur la p;P1 21.44;BAIXA;vazio;;RPAD(NVL(C_ENR.IND_EXPO_QUAL_ELEVEE,' '),1)
3;183;5132;1;P1_21_44;P1 21.44;ALPHA;Indicateur d'exposition de qualité élevée;P1 21.45;BAIXA;vazio;;RPAD(NVL(C_ENR.IND_PHASE_OPE_PROJ_FIN,' '),1)
3;184;5133;1;P1_21_45;P1 21.45;ALPHA;Indicateur de la phase opérationnelle du proj;P1 21.46;BAIXA;ok;N / Y;RPAD(NVL(C_ENR.IND_CONF_CRIT_OPE,' '),1)
3;185;5134;1;P1_21_46;P1 21.46;ALPHA;Indicateur de conformité des critères opérati;P1 21.38;BAIXA;ok;Y;RPAD(NVL(C_ENR.IND_IPRE,' '),1)
3;186;5135;1;P1_21_38;P1 21.38;ALPHA;Indicateur d'exposition garantie par un bien ;P1 21.39;BAIXA;ok;N / Y;RPAD(NVL(C_ENR.IND_EXPO_ADC,' '),1)
3;187;5136;1;P1_21_39;P1 21.39;ALPHA;Indicateur d'exposition sur acquisition, déve;P1 21.40;BAIXA;ok;N;RPAD(NVL(C_ENR.IND_REAL_COND_PONDERATION_PREFE,' '),1)
3;;5137;1;P1_21_40;P1 21.40;ALPHA;Réalisation des conditions de pondération pré;P1 21.41;FILLER;ok;1;RPAD(' ',1)
3;;5138;1;P1_21_41;P1 21.41;ALPHA;Indicateur de dépôt en espèces substantiel;P1 21.42;FILLER;vazio;;RPAD(' ',1)
3;188;5139;15;P1_21_42;P1 21.42;ALPHA;Indicateur d'apport en fonds propres substant;P1 21.43;ALTA;ok; +0000000000000 /  +0001200000000;RPAD(pack_utilitaire.F_FORMAT_TAUX_15(C_ENR.ETV_RATIO),15)
3;;5154;1;P1_21_43;P1 21.43;NUM;Ratio prudentiel d'Exposition/valeur (ETV);P1 21.56;FILLER;ok;0;RPAD(' ',1)
3;;5155;1;P1_21_56;P1 21.56;ALPHA;Indicateur Intention de revente à court terme;P1 21.57;FILLER;vazio;;RPAD(' ',1)
3;;5156;1;P1_21_57;P1 21.57;ALPHA;Indicateur d'investissement en Capital Risque;P1 21.58;FILLER;vazio;;RPAD(' ',1)
3;;5157;1;P1_21_58;P1 21.58;ALPHA;Indicateur d'investissement dans un programme;P1 21.59;FILLER;vazio;;RPAD(' ',1)
3;;5158;15;P1_21_59;P1 21.59;ALPHA;Indicateur de participation stratégique depui;P1 21.60;FILLER;vazio;;RPAD(' ',15)
3;;5173;10;P1_21_60;P1 21.60;NUM;Taux historique de pondération de la particip;P1 21.61;FILLER;vazio;;RPAD(' ',10)
3;;5183;10;P1_21_61;P1 21.61;NUM;Perte en cas de défaut (LGD) de la part d'enc;P1 21.62;FILLER;vazio;;RPAD(' ',10)
3;;5193;19;P1_21_62;P1 21.62;NUM;Perte en cas de défaut (LGD) de la part d'enc;P1 21.63;FILLER;vazio;;RPAD(' ',19)
3;;5212;3;P1_21_63;P1 21.63;NUM;Montant d'encours pour la partie couverte par;P1 21.64;FILLER;vazio;;RPAD(' ',3)
3;;5215;5;P1_21_64;P1 21.64;ALPHA;Devise du montant d'encours pour la partie co;P1 21.65;FILLER;vazio;;RPAD(' ',5)
3;189;5220;1;P1_21_65;P1 21.65;ALPHA;Entité juridique de rattachement du contrat d;P1 21.66;BAIXA;vazio;;RPAD(NVL(C_ENR.IND_UCC,' '),1)
3;;5221;1;P1_21_66;P1 21.66;ALPHA;Indicateur d'engagement hors bilan annulable ;P1 21.67;FILLER;ok;N;RPAD(' ',1)
3;190;5222;1;P1_21_67;P1 21.67;ALPHA;Indicateur de l'application de l'approche par;P1 21.68;BAIXA;vazio;;RPAD(NVL(C_ENR.NIV_RISQUE_CRR3,' '),1)
3;191;5223;12;P1_21_68;P1 21.68;ALPHA;Niveau de risque CRR3;P1 21.55;ALTA;ok; NA011       /  NA021      ;RPAD(NVL(C_ENR.CD_NAT_OPE_ENG_CALC_FLOOR,' '),12)
3;192;5235;1;P1_21_55;P1 21.55;ALPHA;NATure d'Opération de l'engagement pour le ca;P1 21.69;BAIXA;vazio;;RPAD(NVL(CASE WHEN C_ENR.CD_TYPE_RISQUE LIKE 'VAR%' THEN 'N' ELSE NULL
3;;5236;20;P1_21_69;P1 21.69;ALPHA;Indicateur de calcul de l'ajustement de l'éva;P1 21.89;FILLER;vazio;;RPAD(' ',20)
3;;5256;10;P1_21_89;P1 21.89;ALPHA;Identifiant local du client de l'intermédiair;P1 21.90;FILLER;vazio;;RPAD(' ',10)
3;193;5266;1;P1_21_90;P1 21.90;ALPHA;Identifiant central du client de l'intermédia;P1 8.13;BAIXA;vazio;;RPAD(NVL(C_ENR.USAGE_BIEN_FINANCE,' '),1)
3;194;5267;40;P1_8_13;P1 8.13;ALPHA;Usage du bien immobilier financé;P1 21.71;ALTA;ok;0                                        / 2ARGENTON LES VALLEES                   ;RPAD(NVL(C_ENR.COMMUNE,' '),40)
3;195;5307;40;P1_21_71;P1 21.71;ALPHA;Lieu d'investissement du bien principal finan;P1 21.72;ALTA;ok; 10 RUE ANDRE CITROEN                    /  16 AV DU GENERAL DE GAULLE             ;RPAD(NVL(C_ENR.NUM_VOIE,' '),40)
3;196;5347;40;P1_21_72;P1 21.72;ALPHA;Lieu d'investissement du bien principal finan;P1 21.73;ALTA;ok; CABINET VETERINAIRE                     /  PA DE LA BAYONNE                       ;RPAD(NVL(C_ENR.EXTENSION,' '),40)
3;197;5387;40;P1_21_73;P1 21.73;ALPHA;Lieu d'investissement du bien principal finan;P1 21.74;ALTA;ok; 10 RUE ANDRE CITROEN                    /  16 AV DU GENERAL DE GAULLE             ;RPAD(NVL(C_ENR.TYPE_VOIE,' '),40)
3;198;5427;40;P1_21_74;P1 21.74;ALPHA;Lieu d'investissement du bien principal finan;P1 21.75;ALTA;ok; 10 RUE ANDRE CITROEN                    /  16 AV DU GENERAL DE GAULLE             ;RPAD(NVL(C_ENR.LIB_VOIE,' '),40)
3;199;5467;40;P1_21_75;P1 21.75;ALPHA;Lieu d'investissement du bien principal finan;P1 21.76;ALTA;vazio;;RPAD(NVL(C_ENR.LIEU_DIT,' '),40)
3;200;5507;11;P1_21_76;P1 21.76;ALPHA;Lieu d'investissement du bien principal finan;P1 21.77;ALTA;ok; +43.627931 /  +44.970199;RPAD(NVL(C_ENR.LATITUDE,' '),11)
3;201;5518;12;P1_21_77;P1 21.77;NUM;Lieu d'investissement du bien principal finan;P1 21.78;ALTA;incoerente;0+000.526142 / 4+000.220485;RPAD(NVL(C_ENR.LONGITUDE,' '),12)
3;;5530;1;P1_21_78;P1 21.78;NUM;Lieu d'investissement du bien principal finan;P1 21.94;FILLER;ok;0 / 1;RPAD(' ',1)
3;;5531;2;P1_21_94;P1 21.94;ALPHA;Indicateur d'actif liquide de haute qualité (;P1 21.95;FILLER;vazio;;RPAD(' ',2)
3;;5533;1;P1_21_95;P1 21.95;ALPHA;Niveau de l'actif liquide de haute qualité (H;P1 21.79;FILLER;vazio;;RPAD(' ',1)
3;202;5534;3;P1_21_79;P1 21.79;ALPHA;Indicateur Titre de Participation;P1 21.80;ALTA;vazio;;RPAD(NVL(C_ENR.CLASS_CPT_ELEMENT_COUV_DERIVE,' '),3)
3;203;5537;10;P1_21_80;P1 21.80;ALPHA;Classification comptable de l'élément couvert;P1 21.81;ALTA;ok; +00000000 /  +00131562;RPAD(pack_utilitaire.F_FORMAT_TAUX(C_ENR.TX_DSCR),10)
3;204;5547;10;P1_21_81;P1 21.81;NUM;DSCR (ratio de couverture des charges d'empru;P1 21.82;ALTA;incoerente;0+00000000 / 7+10002261;RPAD(pack_utilitaire.F_FORMAT_TAUX(C_ENR.TX_DSCR_PREC),10)
3;;5557;15;P1_21_82;P1 21.82;NUM;DSCR (ratio de couverture des charges d'empru;P1 21.83;FILLER;ok;0              ;RPAD(' ',15)
3;;5572;15;P1_21_83;P1 21.83;NUM;Ratio de couverture des intérêts (ICR) revalo;P1 21.84;FILLER;vazio;;RPAD(' ',15)
3;;5587;15;P1_21_84;P1 21.84;NUM;Ratio prêts-coûts (LTC) à l'octroi;P1 21.85;FILLER;vazio;;RPAD(' ',15)
3;205;5602;1;P1_21_85;P1 21.85;NUM;Taux de précommercialisation / prélocation à ;P1 21.86;BAIXA;vazio;;RPAD(NVL(C_ENR.CD_TYPE_BIEN_COMM,' '),1)
3;206;5603;1;P1_21_86;P1 21.86;ALPHA;Type de bien commercial;P1 21.87;BAIXA;ok;2 / 3;RPAD(NVL(C_ENR.CD_EMPLACE_BIEN_COMM,' '),1)
3;207;5604;1;P1_21_87;P1 21.87;ALPHA;Emplacement du bien immobilier commercial;P1 21.88;BAIXA;ok;2;RPAD(NVL(C_ENR.IND_OPE_AVEC_RECOURS,' '),1)
3;;5605;19;P1_21_88;P1 21.88;ALPHA;Indicateur d'opération avec recours;P1 21.91;FILLER;ok;N                   / Y                  ;RPAD(' ',19)
3;;5624;3;P1_21_91;P1 21.91;NUM;Montant des variations cumulées de la juste v;P1 21.92;FILLER;vazio;;RPAD(' ',3)
3;;5627;5;P1_21_92;P1 21.92;ALPHA;Devise du montant des variations cumulées de ;P1 21.93;FILLER;vazio;;RPAD(' ',5)
3;;5632;20;P1_21_93;P1 21.93;ALPHA;Numéro du dernier billet financier apériodiqu;P1 31.51;FILLER;vazio;;RPAD(' ',20)
3;;5652;19;P1_31_51;P1 31.51;ALPHA;Identifiant du contrat maître en responsabili;P1 31.52;FILLER;vazio;;RPAD(' ',19)
3;;5671;3;P1_31_52;P1 31.52;NUM;Montant en responsabilité solidaire;P1 31.53;FILLER;vazio;;RPAD(' ',3)
3;208;5674;24;P1_31_53;P1 31.53;ALPHA;Devise du montant en responsabilité solidaire;;BAIXA;vazio;;LPAD(' ', 24)
4;1;0;8;P1_H_0_1;0.1 (P1);DATE;Date d'arrêté;;MEDIA;ok;20250630;RPAD(TO_CHAR(C_ENR.DT_ARRETE,'YYYYMMDD'),8,' ')
4;2;8;5;P1_H_0_2;0.2 (P1);ALPHA;Entité Porteuse de Risques;;MEDIA;ok;00357 / 00370;RPAD(TO_CHAR(C_ENR.CD_CONSO_CPT),5,' ')
4;3;13;12;P1_H_0_3;0.3 (P1);ALPHA;Application source;;MEDIA;ok;C_BTR       ;RPAD('C_DDR',12,' ')
4;4;25;1;P1_H_0_4;0.4 (P1);ALPHA;Fréquence de transmission;;MEDIA;ok;M;'M'
4;5;26;12;P1_H_0_5;0.5 (P1);ALPHA;Date et Heure de traitement;;MEDIA;ok;202608241214;:MASYSDATE
4;6;38;2;P1_H_0_6;0.6 (P1);ALPHA;Type d'enregistrement;;MEDIA;ok;P1;'P1'
4;;40;1;P1_H_0_7;0.7 (P1);ALPHA;Nature de flux (Zone réservée DRG);;FILLER;vazio;;RPAD(' ',1)
4;;41;2;P1_H_0_8;0.8 (P1);ALPHA;Centre de Responsabilité Comptable (Zone rése;;FILLER;vazio;;RPAD(' ',2)
4;;43;7;P1_H_0_9;0.9 (P1);ALPHA;Unité d'exploitation (Zone réservée CACIB);;FILLER;vazio;;RPAD(' ',7)
4;7;50;20;P1_H_1_1;1.1 (P1);ALPHA;Identifiant local du tiers en risque;;MEDIA;ok;EN1001720            / EN100438            ;RPAD(NVL(C_ENR.ID_TIERS_CALC,' '),20,' ')
4;;70;10;P1_H_1_2;1.2 (P1);ALPHA;Identifiant central du tiers en risque;;FILLER;vazio;;RPAD(' ', 10)
4;8;80;30;P1_H_1_4;1.4 (P1);ALPHA;Référence de l'Autorisation Mise En Place;;MEDIA;ok;F1-*0019                       / F1200622-M0                   ;RPAD(NVL(C_ENR.ID_AUTORISATION,' '),30,' ')
4;9;110;30;P1_H_1_6;1.6 (P1);ALPHA;Référence de la ligne de détail de l'Autorisa;;MEDIA;ok;F2-*0019                       / F2200622-M0                   ;RPAD(NVL(C_ENR.ID_LIGNE_DET,' '),30,' ')
4;;140;40;P1_H_1_8;1.8 (P1);ALPHA;Identifiant de la sûreté reçue;;FILLER;vazio;;RPAD(' ',40)
4;10;180;40;P1_H_1_11;1.11 (P1);ALPHA;Identifiant de l'engagement;;MEDIA;ok;200622VM0_C                              / 202878FN0_C                             ;RPAD(NVL(C_ENR.ID_ENGAGEMENT,' '),40,' ')
4;;220;40;P1_H_1_16;1.16 (P1);ALPHA;Référence de la provision sur tiers;;FILLER;vazio;;RPAD(' ',40)
4;;260;20;P1_H_1_99;1.99 (P1);ALPHA;Filler;;FILLER;vazio;;RPAD(' ',20)
4;11;280;7;P1_1_1;P1 1.1;ALPHA;Méthodologie Bâloise;;MEDIA;ok;STD    ;RPAD(NVL(C_ENR.CD_METHODO_BALE2,' '),7,' ')
4;12;287;2;P1_1_2;P1 1.2;ALPHA;Traitement moteur bâlois;;MEDIA;ok;07;RPAD(NVL(C_ENR.CODE_TRAIT_MOTEUR,' '),2,' ')
4;13;289;1;P1_4_34;P1 4.34;ALPHA;Traitement GRR;;MEDIA;ok;Y;RPAD(NVL(C_ENR.CODE_TRAIT_GRR,' '),1,' ')
4;14;290;6;P1_2_0;P1 2.0;ALPHA;Type de risque;;MEDIA;ok;TRE401 / TRE501;RPAD(NVL(C_ENR.CD_TYPE_RISQUE,' '),6,' ')
4;15;296;1;P1_2_4;P1 2.4;ALPHA;Portefeuille de booking Intention de Gestion;;MEDIA;ok;B;RPAD(NVL(C_ENR.CD_PORTEFEUILLE_BOOKING,' '),1,' ')
4;16;297;5;P1_2_6;P1 2.6;ALPHA;Ligne Métier;;MEDIA;ok;MLE00;RPAD(NVL(C_ENR.CD_LIGNE_METIER,' '),5,' ')
4;17;302;3;P1_2_18;P1 2.18;ALPHA;Portefeuille Bâle Opération;;MEDIA;ok;061 / 900;RPAD(NVL(C_ENR.CD_PORTEFEUILLE_BALE2,' '),3,' ')
4;18;305;12;P1_2_29;P1 2.29;ALPHA;NATure d'Opération de l'engagement;;MEDIA;ok;NA011        / NA021       ;RPAD(NVL(C_ENR.CD_NATURE_OPE,' '),12,' ')
4;19;317;8;P1_3_2;P1 3.2;DATE;Date de début de l'engagement;;MEDIA;ok;20081203 / 20120130;RPAD(TO_CHAR(C_ENR.DT_DEBUT_ENG,'YYYYMMDD'),8,' ')
4;20;325;8;P1_3_4;P1 3.4;DATE;Date de fin de l'engagement;;MEDIA;ok;20250630 / 20250714;RPAD(TO_CHAR(C_ENR.DT_FIN_ENG,'YYYYMMDD'),8,' ')
4;;333;1;P1_16_6;P1 16.6;NUM;Pondération Bâloise de l'engagement (%);;FILLER;vazio;;RPAD(' ',1)
4;;334;4;P1_16_6;P1 16.6;NUM;Pondération Bâloise de l'engagement (%);;FILLER;vazio;;RPAD(' ',4)
4;;338;5;P1_16_6;P1 16.6;NUM;Pondération Bâloise de l'engagement (%);;FILLER;vazio;;RPAD(' ',5)
4;;343;1;P1_18_1;P1 18.1;NUM;Loss Given Default (LGD);;FILLER;incoerente;+;RPAD(' ',1)
4;;344;4;P1_18_1;P1 18.1;NUM;Loss Given Default (LGD);;FILLER;ok;0000;RPAD(' ',4)
4;;348;5;P1_18_1;P1 18.1;NUM;Loss Given Default (LGD);;FILLER;ok;00000;RPAD(' ',5)
4;;353;1;P1_18_10;P1 18.10;NUM;Crédit Conversion Factor (CCF);;FILLER;incoerente;+;RPAD(' ',1)
4;;354;4;P1_18_10;P1 18.10;NUM;Crédit Conversion Factor (CCF);;FILLER;ok;0000;RPAD(' ',4)
4;;358;5;P1_18_10;P1 18.10;NUM;Crédit Conversion Factor (CCF);;FILLER;ok;00000;RPAD(' ',5)
4;;363;1;P1_18_5;P1 18.5;NUM;Montant de l'Exposition en cas de Défaut (EAD;;FILLER;incoerente;+;RPAD(' ',1)
4;;364;16;P1_18_5;P1 18.5;NUM;Montant de l'Exposition en cas de Défaut (EAD;;FILLER;ok;0000000000000000;RPAD(' ',16)
4;;380;2;P1_18_5;P1 18.5;NUM;Montant de l'Exposition en cas de Défaut (EAD;;FILLER;ok;00;RPAD(' ',2)
4;;382;3;P1_18_17;P1 18.17;ALPHA;Devise du montant de l'Exposition en cas de D;;FILLER;ok;EUR;RPAD(' ',3)
4;21;385;3;P1_18_18;P1 18.18;ALPHA;Devise d'origine du contrat;;MEDIA;ok;EUR;RPAD(NVL(C_ENR.CD_DEVISE_ORIGINE,' '),3,' ')
4;;388;50;P1_3_98;P1 3.98;ALPHA;Zone réservée locale;;FILLER;vazio;;RPAD(' ',50)
4;;438;2;P1_21_1;P1 21.1;ALPHA;Indicateur Type de Restructuration;;FILLER;vazio;;RPAD(' ',2)
4;;440;8;P1_21_2;P1 21.2;DATE;Date de Restructuration;;FILLER;ok;20170131 / 20200508;RPAD(' ',8)
4;22;448;1;P1_5_5;P1 5.5;ALPHA;Indicateur Arriéré de paiement;P1 5.5;ALTA;ok;N;NVL(C_ENR.CD_ARR_PAIEMENT,'N')
4;;449;1;P1_4_1;P1 4.1;ALPHA;Indicateur Impayé prudentiel;;FILLER;ok;N / Y;RPAD(' ',1)
4;23;450;1;P1_5_2;P1 5.2;ALPHA;Indicateur Engagement en défaut;P1 5.2;ALTA;ok;N / Y;NVL(C_ENR.TOP_ENG_DOUTEUX,'N')
4;;451;8;P1_5_3;P1 5.3;DATE;Date de passage en engagement en défaut;P1 5.3;FILLER;ok;20240715 / 20241203;RPAD(' ',8)
4;24;459;19;P1_4_2;P1 4.2;NUM;Montant du solde de compte;P1 4.2;ALTA;vazio;;pack_utilitaire.f_format_montant_bis2(nvl((C_ENR.MNT_SOLDE),0))
4;25;478;3;P1_4_3;P1 4.3;ALPHA;Devise du montant du solde de compte;;MEDIA;ok;EUR;RPAD(NVL(C_ENR.CD_DEVISE_SOLDE,' '),3,' ')
4;;481;1;P1_4_4;P1 4.4;NUM;Montant du découvert;P1 4.4;FILLER;vazio;;RPAD(' ',1)
4;;482;16;P1_4_4;P1 4.4;NUM;Montant du découvert;;FILLER;vazio;;RPAD(' ',16)
4;;498;2;P1_4_4;P1 4.4;NUM;Montant du découvert;;FILLER;vazio;;RPAD(' ',2)
4;26;500;3;P1_4_5;P1 4.5;ALPHA;Devise du montant du découvert;;MEDIA;vazio;;RPAD(NVL(C_ENR.CD_DEVISE_MNT_DECOUVERT, ' '),3,' ')
4;;503;1;P1_4_9;P1 4.9;NUM;Montant du capital restant dû;;FILLER;incoerente;+;RPAD(' ',1)
4;;504;16;P1_4_9;P1 4.9;NUM;Montant du capital restant dû;;FILLER;ok;0000000000000000 / 0000000000000015;RPAD(' ',16)
4;;520;2;P1_4_9;P1 4.9;NUM;Montant du capital restant dû;;FILLER;ok;00 / 01;RPAD(' ',2)
4;;522;3;P1_4_13;P1 4.13;ALPHA;Devise du montant du capital restant dû;;FILLER;ok;EUR;RPAD(' ',3)
4;27;525;19;P1_4_14;P1 4.14;NUM;Montant des loyers;;MEDIA;ok;+000000000000000100 / +000000000000005814;pack_utilitaire.f_format_montant_bis3(C_ENR.MNT_LOYER)
4;28;544;3;P1_4_15;P1 4.15;ALPHA;Devise d'origine des loyers;;MEDIA;ok;EUR;RPAD(NVL(C_ENR.CD_DEVISE_CRD, ' '), 3,' ')
4;;547;1;P1_4_16;P1 4.16;NUM;Montant du nominal de l'engagement;;FILLER;vazio;;RPAD(' ',1)
4;;548;16;P1_4_16;P1 4.16;NUM;Montant du nominal de l'engagement;;FILLER;vazio;;RPAD(' ',16)
4;;564;2;P1_4_16;P1 4.16;NUM;Montant du nominal de l'engagement;;FILLER;vazio;;RPAD(' ',2)
4;;566;3;P1_4_17;P1 4.17;ALPHA;Devise du nominal de l'engagement;;FILLER;vazio;;RPAD(' ',3)
4;29;569;12;P1_4_18;P1 4.18;ALPHA;Zone libre (Ex PCCO du montant demandé);;MEDIA;ok;A5171100     / A5231100    ;RPAD(NVL(C_ENR.PCCO_MNT_SOLDE,' '),12,' ')
4;;581;1;P1_4_6;P1 4.6;NUM;Montant des intérêts restant dus;;FILLER;incoerente;+;RPAD(' ',1)
4;;582;16;P1_4_6;P1 4.6;NUM;Montant des intérêts restant dus;;FILLER;ok;0000000000000000;RPAD(' ',16)
4;;598;2;P1_4_6;P1 4.6;NUM;Montant des intérêts restant dus;;FILLER;ok;00;RPAD(' ',2)
4;;600;3;P1_4_7;P1 4.7;ALPHA;Devise du montant des intérêts restant dus;;FILLER;ok;EUR;RPAD(' ',3)
4;;603;12;P1_4_19;P1 4.19;ALPHA;Zone libre (Ex PCCO – des intérêts restant du;;FILLER;ok;A5177100     / A5237100    ;RPAD(' ',12)
4;;615;1;P1_4_20;P1 4.20;NUM;Taux facial du prêt fixe;;FILLER;vazio;;RPAD(' ',1)
4;;616;4;P1_4_20;P1 4.20;NUM;Taux facial du prêt fixe;;FILLER;vazio;;RPAD(' ',4)
4;;620;5;P1_4_20;P1 4.20;NUM;Taux facial du prêt fixe;;FILLER;vazio;;RPAD(' ',5)
4;;625;1;P1_4_21;P1 4.21;NUM;Montant de la décote sur actif déprécié à l'a;;FILLER;incoerente;+;RPAD(' ',1)
4;;626;16;P1_4_21;P1 4.21;NUM;Montant de la décote sur actif déprécié à l'a;;FILLER;ok;0000000000000000 / 0000000000000001;RPAD(' ',16)
4;;642;2;P1_4_21;P1 4.21;NUM;Montant de la décote sur actif déprécié à l'a;;FILLER;ok;00 / 45;RPAD(' ',2)
4;;644;3;P1_4_22;P1 4.22;ALPHA;Devise du montant de la décote sur actif dépr;;FILLER;ok;EUR;RPAD(' ',3)
4;;647;2;P1_4_23;P1 4.23;ALPHA;Circuit de distribution;;FILLER;ok;CL;RPAD(' ',2)
4;;649;1;P1_5_6;P1 5.6;ALPHA;Indicateur 'Prêt Revolving Roll-over';;FILLER;vazio;;RPAD(' ',1)
4;;650;20;P1_5_7;P1 5.7;ALPHA;Identifiant local du bénéficiaire final de l';;FILLER;vazio;;RPAD(' ',20)
4;;670;10;P1_5_8;P1 5.8;ALPHA;Identifiant central du bénéficiaire final de ;;FILLER;vazio;;RPAD(' ',10)
4;;680;2;P1_3_33;P1 3.33;ALPHA;Nature d'OPCVM Garanti;;FILLER;vazio;;RPAD(' ',2)
4;;682;1;P1_5_10;P1 5.10;ALPHA;Indicateur Accord de Fusion;;FILLER;vazio;;RPAD(' ',1)
4;;683;25;P1_5_11;P1 5.11;ALPHA;Référence de la lettre de Fusion;;FILLER;vazio;;RPAD(' ',25)
4;;708;2;P1_3_32;P1 3.32;ALPHA;Rôle du Tiers dans l'opération d'affacturage;;FILLER;vazio;;RPAD(' ',2)
4;;710;1;P1_3_46;P1 3.46;ALPHA;Usage du bien immobilier apporté en garantie;;FILLER;ok;0 / 2;RPAD(' ',1)
4;;711;1;P1_3_47;P1 3.47;ALPHA;Respect des conditions réglementaires;;FILLER;ok;Y;RPAD(' ',1)
4;;712;1;P1_3_40;P1 3.40;NUM;Valeur de marché du bien immobilier loué à la;;FILLER;incoerente;+;RPAD(' ',1)
4;;713;16;P1_3_40;P1 3.40;NUM;Valeur de marché du bien immobilier loué à la;;FILLER;ok;0000000000000001 / 0000000000285208;RPAD(' ',16)
4;;729;2;P1_3_40;P1 3.40;NUM;Valeur de marché du bien immobilier loué à la;;FILLER;ok;00 / 45;RPAD(' ',2)
4;;731;3;P1_3_41;P1 3.41;ALPHA;Devise de la valeur de marché du bien immobil;;FILLER;ok;EUR;RPAD(' ',3)
4;;734;1;P1_3_42;P1 3.42;NUM;Valeur hypothécaire du bien immobilier loué à;;FILLER;incoerente;+;RPAD(' ',1)
4;;735;16;P1_3_42;P1 3.42;NUM;Valeur hypothécaire du bien immobilier loué à;;FILLER;ok;0000000000000001 / 0000000000285208;RPAD(' ',16)
4;;751;2;P1_3_42;P1 3.42;NUM;Valeur hypothécaire du bien immobilier loué à;;FILLER;ok;00 / 45;RPAD(' ',2)
4;;753;3;P1_3_43;P1 3.43;ALPHA;Devise de la valeur hypothécaire du bien immo;;FILLER;ok;EUR;RPAD(' ',3)
4;;756;2;P1_3_44;P1 3.44;ALPHA;Zone libre (Ex Localisation du bien immobilie;;FILLER;ok;FR;RPAD(' ',2)
4;;758;1;P1_3_45;P1 3.45;ALPHA;Achat en fin de contrat du bien loué;;FILLER;ok;1 / 2;RPAD(' ',1)
4;;759;1;P1_5_19;P1 5.19;NUM;Valeur estimée en fin de période du bien loué;;FILLER;incoerente;+;RPAD(' ',1)
4;;760;16;P1_5_19;P1 5.19;NUM;Valeur estimée en fin de période du bien loué;;FILLER;ok;0000000000000000 / 0000000000000001;RPAD(' ',16)
4;;776;2;P1_5_19;P1 5.19;NUM;Valeur estimée en fin de période du bien loué;;FILLER;ok;00 / 01;RPAD(' ',2)
4;;778;3;P1_5_20;P1 5.20;ALPHA;Devise de la valeur estimée en fin de période;;FILLER;ok;EUR;RPAD(' ',3)
4;30;781;3;P1_19_5;P1 19.5;ALPHA;Classification comptable de référence des act;;MEDIA;ok;CAM;RPAD(nvl(C_ENR.cla_comp_ref_act_s,' '),3)
4;;784;12;P1_3_56;P1 3.56;ALPHA;Zone libre (Ex PCCO – Valeur du titre en norm;;FILLER;vazio;;RPAD(' ',12)
4;;796;1;P1_3_50;P1 3.50;NUM;Montant du coût d'acquisition;;FILLER;vazio;;RPAD(' ',1)
4;;797;16;P1_3_50;P1 3.50;NUM;Montant du coût d'acquisition;;FILLER;vazio;;RPAD(' ',16)
4;;813;2;P1_3_50;P1 3.50;NUM;Montant du coût d'acquisition;;FILLER;vazio;;RPAD(' ',2)
4;;815;3;P1_3_51;P1 3.51;ALPHA;Devise du montant du coût d'acquisition;;FILLER;vazio;;RPAD(' ',3)
4;;818;1;P1_3_52;P1 3.52;NUM;Montant du Mark-to-Market (MtM);;FILLER;vazio;;RPAD(' ',1)
4;;819;16;P1_3_52;P1 3.52;NUM;Montant du Mark-to-Market (MtM);;FILLER;vazio;;RPAD(' ',16)
4;;835;2;P1_3_52;P1 3.52;NUM;Montant du Mark-to-Market (MtM);;FILLER;vazio;;RPAD(' ',2)
4;;837;3;P1_3_53;P1 3.53;ALPHA;Devise du montant du Mark-to-Market (MtM);;FILLER;vazio;;RPAD(' ',3)
4;;840;1;P1_3_54;P1 3.54;NUM;Montant du coût amorti;;FILLER;vazio;;RPAD(' ',1)
4;;841;16;P1_3_54;P1 3.54;NUM;Montant du coût amorti;;FILLER;vazio;;RPAD(' ',16)
4;;857;2;P1_3_54;P1 3.54;NUM;Montant du coût amorti;;FILLER;vazio;;RPAD(' ',2)
4;;859;3;P1_3_55;P1 3.55;ALPHA;Devise du montant du coût amorti;;FILLER;vazio;;RPAD(' ',3)
4;;862;1;P1_3_57;P1 3.57;NUM;Montant des coupons restant dû;;FILLER;vazio;;RPAD(' ',1)
4;;863;16;P1_3_57;P1 3.57;NUM;Montant des coupons restant dû;;FILLER;vazio;;RPAD(' ',16)
4;;879;2;P1_3_57;P1 3.57;NUM;Montant des coupons restant dû;;FILLER;vazio;;RPAD(' ',2)
4;;881;3;P1_3_58;P1 3.58;ALPHA;Devise du montant des coupons restant dû;;FILLER;vazio;;RPAD(' ',3)
4;;884;1;P1_3_59;P1 3.59;NUM;Montant du solde du compte courant d'associé;;FILLER;vazio;;RPAD(' ',1)
4;;885;16;P1_3_59;P1 3.59;NUM;Montant du solde du compte courant d'associé;;FILLER;vazio;;RPAD(' ',16)
4;;901;2;P1_3_59;P1 3.59;NUM;Montant du solde du compte courant d'associé;;FILLER;vazio;;RPAD(' ',2)
4;;903;3;P1_3_60;P1 3.60;ALPHA;Devise du solde du compte courant d'associé;;FILLER;vazio;;RPAD(' ',3)
4;;906;1;P1_3_61;P1 3.61;ALPHA;Traitement prudentiel des titres et créances ;;FILLER;vazio;;RPAD(' ',1)
4;;907;2;P1_3_99;P1 3.99;ALPHA;Filler;;FILLER;vazio;;RPAD(' ',2)
4;;909;1;P1_3_8;P1 3.8;NUM;Montant nominal;;FILLER;vazio;;RPAD(' ',1)
4;;910;16;P1_3_8;P1 3.8;NUM;Montant nominal;;FILLER;vazio;;RPAD(' ',16)
4;;926;2;P1_3_8;P1 3.8;NUM;Montant nominal;;FILLER;vazio;;RPAD(' ',2)
4;;928;3;P1_3_9;P1 3.9;ALPHA;Devise du montant nominal;;FILLER;vazio;;RPAD(' ',3)
4;;931;12;P1_3_31;P1 3.31;ALPHA;Zone libre (Ex PCCO – Nominal);;FILLER;vazio;;RPAD(' ',12)
4;;943;2;P1_12_1;P1 12.1;ALPHA;Nature du sous-Jacent;;FILLER;vazio;;RPAD(' ',2)
4;;945;1;P1_3_7;P1 3.7;NUM;Sens de la transaction;;FILLER;vazio;;RPAD(' ',1)
4;;946;1;P1_3_70;P1 3.70;NUM;Montant du Mark-to-Market (MtM) net si accord;;FILLER;vazio;;RPAD(' ',1)
4;;947;16;P1_3_70;P1 3.70;NUM;Montant du Mark-to-Market (MtM) net si accord;;FILLER;vazio;;RPAD(' ',16)
4;;963;2;P1_3_70;P1 3.70;NUM;Montant du Mark-to-Market (MtM) net si accord;;FILLER;vazio;;RPAD(' ',2)
4;;965;3;P1_3_71;P1 3.71;ALPHA;Devise du montant du Mark-to-Market (MtM) net;;FILLER;vazio;;RPAD(' ',3)
4;;968;1;P1_3_74;P1 3.74;ALPHA;Eligibilité des actifs sous-jacents des CDS T;;FILLER;vazio;;RPAD(' ',1)
4;31;969;20;P1_2_99;P1 2.99;ALPHA;Code méthode IFRS9 - PD à l'origine;P1 2.99;ALTA;ok;LC_MIG_D+            / PME_MIG_C-          ;RPAD(NVL(C_ENR.CD_METH_IFRS9_PD_ORIG,' '), 20)
4;;989;1;P1_3_80;P1 3.80;NUM;Montant du Mark-to-Market (MtM) brut;;FILLER;vazio;;RPAD(' ',1)
4;;990;16;P1_3_80;P1 3.80;NUM;Montant du Mark-to-Market (MtM) brut;;FILLER;vazio;;RPAD(' ',16)
4;;1006;2;P1_3_80;P1 3.80;NUM;Montant du Mark-to-Market (MtM) brut;;FILLER;vazio;;RPAD(' ',2)
4;;1008;3;P1_3_81;P1 3.81;ALPHA;Devise du montant du Mark-to-Market (MtM) bru;;FILLER;vazio;;RPAD(' ',3)
4;;1011;12;P1_3_82;P1 3.82;ALPHA;Zone libre (Ex PCCO – MtM brut);;FILLER;vazio;;RPAD(' ',12)
4;;1023;1;P1_3_83;P1 3.83;ALPHA;Modèle de l'assiette interne du risque de var;;FILLER;vazio;;RPAD(' ',1)
4;;1024;1;P1_3_15;P1 3.15;ALPHA;Indicateur accord de collatéralisation;;FILLER;vazio;;RPAD(' ',1)
4;;1025;25;P1_13_10;P1 13.10;ALPHA;Référence du contrat de collatéralisation;;FILLER;vazio;;RPAD(' ',25)
4;;1050;1;P1_3_16;P1 3.16;ALPHA;Indicateur accord de netting prudentiel;;FILLER;vazio;;RPAD(' ',1)
4;;1051;25;P1_3_17;P1 3.17;ALPHA;Référence du contrat de netting prudentiel;;FILLER;vazio;;RPAD(' ',25)
4;;1076;3;P1_3_19;P1 3.19;ALPHA;Devise de règlement de l'accord de netting pr;;FILLER;vazio;;RPAD(' ',3)
4;;1079;1;P1_3_84;P1 3.84;NUM;Montant de l'assiette interne du risque de va;;FILLER;vazio;;RPAD(' ',1)
4;;1080;16;P1_3_84;P1 3.84;NUM;Montant de l'assiette interne du risque de va;;FILLER;vazio;;RPAD(' ',16)
4;;1096;2;P1_3_84;P1 3.84;NUM;Montant de l'assiette interne du risque de va;;FILLER;vazio;;RPAD(' ',2)
4;;1098;3;P1_3_85;P1 3.85;ALPHA;Devise de l'assiette interne du risque de var;;FILLER;vazio;;RPAD(' ',3)
4;;1101;1;P1_3_72;P1 3.72;NUM;Montant de l'assiette réglementaire;;FILLER;vazio;;RPAD(' ',1)
4;;1102;16;P1_3_72;P1 3.72;NUM;Montant de l'assiette réglementaire;;FILLER;vazio;;RPAD(' ',16)
4;;1118;2;P1_3_72;P1 3.72;NUM;Montant de l'assiette réglementaire;;FILLER;vazio;;RPAD(' ',2)
4;;1120;3;P1_3_73;P1 3.73;ALPHA;Devise du montant de l'assiette réglementaire;;FILLER;vazio;;RPAD(' ',3)
4;;1123;3;P1_7_0;P1 7.0;NUM;Périodicité de réévaluation;;FILLER;vazio;;RPAD(' ',3)
4;;1126;1;P1_7_1;P1 7.1;NUM;Montant Mark-to-Market (MtM) de la jambe prêt;;FILLER;vazio;;RPAD(' ',1)
4;;1127;16;P1_7_1;P1 7.1;NUM;Montant Mark-to-Market (MtM) de la jambe prêt;;FILLER;vazio;;RPAD(' ',16)
4;;1143;2;P1_7_1;P1 7.1;NUM;Montant Mark-to-Market (MtM) de la jambe prêt;;FILLER;vazio;;RPAD(' ',2)
4;;1145;3;P1_7_2;P1 7.2;ALPHA;Devise du montant Mark-to-Market (MtM) de la ;;FILLER;vazio;;RPAD(' ',3)
4;;1148;12;P1_7_6;P1 7.6;ALPHA;Zone libre (Ex PCCO du MtM de la jambe prêteu;;FILLER;vazio;;RPAD(' ',12)
4;;1160;2;P1_7_7;P1 7.7;ALPHA;Jambe prêteuse du repo : nature du sous-jacen;;FILLER;vazio;;RPAD(' ',2)
4;;1162;2;P1_7_8;P1 7.8;ALPHA;Jambe prêteuse du repo : localisation bourse ;;FILLER;vazio;;RPAD(' ',2)
4;;1164;2;P1_7_9;P1 7.9;ALPHA;Jambe prêteuse du repo : indice dont les titr;;FILLER;vazio;;RPAD(' ',2)
4;;1166;12;P1_7_10;P1 7.10;ALPHA;Jambe prêteuse du repo : référence des titres;;FILLER;vazio;;RPAD(' ',12)
4;;1178;1;P1_7_11;P1 7.11;ALPHA;Jambe prêteuse du repo : échelon de qualité d;;FILLER;vazio;;RPAD(' ',1)
4;;1179;8;P1_7_12;P1 7.12;DATE;Jambe prêteuse du repo : échéance du titre so;;FILLER;vazio;;RPAD(' ',8)
4;;1187;20;P1_7_13;P1 7.13;ALPHA;Jambe prêteuse du repo : identifiant local de;;FILLER;vazio;;RPAD(' ',20)
4;;1207;10;P1_7_14;P1 7.14;ALPHA;Jambe prêteuse du repo : identifiant central ;;FILLER;vazio;;RPAD(' ',10)
4;;1217;1;P1_7_3;P1 7.3;NUM;Montant Mark-to-Market (MtM) de la jambe empr;;FILLER;vazio;;RPAD(' ',1)
4;;1218;16;P1_7_3;P1 7.3;NUM;Montant Mark-to-Market (MtM) de la jambe empr;;FILLER;vazio;;RPAD(' ',16)
4;;1234;2;P1_7_3;P1 7.3;NUM;Montant Mark-to-Market (MtM) de la jambe empr;;FILLER;vazio;;RPAD(' ',2)
4;;1236;3;P1_12_5;P1 12.5;ALPHA;Devise du montant Mark-to-Market (MtM) de la ;;FILLER;vazio;;RPAD(' ',3)
4;;1239;12;P1_7_15;P1 7.15;ALPHA;Zone libre (Ex PCCO du MtM de la jambe emprun;;FILLER;vazio;;RPAD(' ',12)
4;;1251;2;P1_7_16;P1 7.16;ALPHA;Jambe emprunteuse du repo : nature du sous-ja;;FILLER;vazio;;RPAD(' ',2)
4;;1253;2;P1_7_17;P1 7.17;ALPHA;Jambe emprunteuse du repo : localisation bour;;FILLER;vazio;;RPAD(' ',2)
4;;1255;2;P1_7_18;P1 7.18;ALPHA;Jambe emprunteuse du repo : indice dont les t;;FILLER;vazio;;RPAD(' ',2)
4;;1257;12;P1_7_19;P1 7.19;ALPHA;Jambe emprunteuse du repo : référence des tit;;FILLER;vazio;;RPAD(' ',12)
4;;1269;1;P1_7_20;P1 7.20;ALPHA;Jambe emprunteuse du repo : Echelon de qualit;;FILLER;vazio;;RPAD(' ',1)
4;;1270;8;P1_7_21;P1 7.21;DATE;Jambe emprunteuse du repo : échéance du titre;;FILLER;vazio;;RPAD(' ',8)
4;;1278;20;P1_7_22;P1 7.22;ALPHA;Jambe emprunteuse du repo : identifiant local;;FILLER;vazio;;RPAD(' ',20)
4;;1298;10;P1_7_23;P1 7.23;ALPHA;Jambe emprunteuse du repo : identifiant centr;;FILLER;vazio;;RPAD(' ',10)
4;;1308;1;P1_7_24;P1 7.24;ALPHA;Indicateur de période de liquidation 20 jours;;FILLER;vazio;;RPAD(' ',1)
4;;1309;1;P1_7_25;P1 7.25;ALPHA;Indicateur de période de liquidation à double;;FILLER;vazio;;RPAD(' ',1)
4;;1310;3;P1_16_3;P1 16.3;ALPHA;Séniorité de la tranche dans le véhicule;;FILLER;vazio;;RPAD(' ',3)
4;;1313;5;P1_11_33;P1 11.33;ALPHA;Rating de la tranche;;FILLER;vazio;;RPAD(' ',5)
4;;1318;2;P1_11_12;P1 11.12;ALPHA;Source du rating de la tranche;;FILLER;vazio;;RPAD(' ',2)
4;;1320;1;P1_16_9;P1 16.9;ALPHA;Indicateur 'Granularité des parts';;FILLER;vazio;;RPAD(' ',1)
4;;1321;1;P1_16_12;P1 16.12;ALPHA;Code position de la banque dans le programme;;FILLER;vazio;;RPAD(' ',1)
4;;1322;1;P1_16_13;P1 16.13;ALPHA;Indicateur Clause de remboursement anticipé;;FILLER;vazio;;RPAD(' ',1)
4;;1323;7;P1_16_15;P1 16.15;ALPHA;Méthode de pondération titrisation;;FILLER;vazio;;RPAD(' ',7)
4;;1330;1;P1_16_16;P1 16.16;ALPHA;Nature de la titrisation;;FILLER;vazio;;RPAD(' ',1)
4;;1331;1;P1_16_17;P1 16.17;ALPHA;Re-titrisation;;FILLER;vazio;;RPAD(' ',1)
4;;1332;1;P1_16_18;P1 16.18;ALPHA;Type de titrisation;;FILLER;vazio;;RPAD(' ',1)
4;;1333;1;P1_16_19;P1 16.19;NUM;Pondération à l'origine;;FILLER;vazio;;RPAD(' ',1)
4;;1334;4;P1_16_19;P1 16.19;NUM;Pondération à l'origine;;FILLER;vazio;;RPAD(' ',4)
4;;1338;5;P1_16_19;P1 16.19;NUM;Pondération à l'origine;;FILLER;vazio;;RPAD(' ',5)
4;;1343;8;P1_16_20;P1 16.20;ALPHA;Indicateur titrisation STS;;FILLER;vazio;;RPAD(' ',8)
4;;1351;1;P1_4_31;P1 4.31;ALPHA;Indicateur Produit à sous-jacent;P1 4.31;FILLER;ok;N;RPAD(' ',1)
4;;1352;1;P1_4_32;P1 4.32;ALPHA;Indicateur de granularité;;FILLER;vazio;;RPAD(' ',1)
4;;1353;8;P1_4_33;P1 4.33;DATE;Date d'acquisition de la dernière part;;FILLER;vazio;;RPAD(' ',8)
4;;1361;1;P1_11_13;P1 11.13;NUM;Point d'attachement;;FILLER;vazio;;RPAD(' ',1)
4;;1362;4;P1_11_13;P1 11.13;NUM;Point d'attachement;;FILLER;vazio;;RPAD(' ',4)
4;;1366;5;P1_11_13;P1 11.13;NUM;Point d'attachement;;FILLER;vazio;;RPAD(' ',5)
4;;1371;1;P1_11_14;P1 11.14;NUM;Point de détachement;;FILLER;vazio;;RPAD(' ',1)
4;;1372;4;P1_11_14;P1 11.14;NUM;Point de détachement;;FILLER;vazio;;RPAD(' ',4)
4;;1376;5;P1_11_14;P1 11.14;NUM;Point de détachement;;FILLER;vazio;;RPAD(' ',5)
4;;1381;8;P1_4_24;P1 4.24;DATE;Date de signature du contrat;;FILLER;vazio;;RPAD(' ',8)
4;;1389;1;P1_4_36;P1 4.36;ALPHA;Indicateur de transparence de la structure;;FILLER;vazio;;RPAD(' ',1)
4;;1390;29;P1_4_49;P1 4.49;ALPHA;Indicateur d'engagement de valeur minimale su;;FILLER;vazio;;RPAD(' ',29)
4;32;1419;2;P1_3_20;P1 3.20;NUM;Maturité résiduelle;;MEDIA;ok;00 / 01;LPAD(ABS(TRUNC(C_ENR.MATURITE_EFF)),2,'0')
4;33;1421;4;P1_3_20;P1 3.20;NUM;Maturité résiduelle;;MEDIA;ok;0000 / 0027;LPAD(ABS(MOD(C_ENR.MATURITE_EFF *10000,10000)),4,'0')
4;34;1425;1;P1_4_8;P1 4.8;ALPHA;Indicateur bilan hors bilan;;MEDIA;ok;B;RPAD(NVL(C_ENR.TOP_ENG, ' '),1,' ')
4;;1426;3;P1_12_16;P1 12.16;ALPHA;Code séniorité;;FILLER;vazio;;RPAD(' ',3)
4;;1429;2;P1_3_75;P1 3.75;ALPHA;Instrument financier;;FILLER;vazio;;RPAD(' ',2)
4;35;1431;6;P1_4_42;P1 4.42;ALPHA;Type de produit bancaire;;MEDIA;ok;CRED03 / CRED10;RPAD(NVL(C_ENR.CD_TYPE_PROD_BANCAIRE, ' '),6,' ')
4;36;1437;8;P1_3_3;P1 3.3;DATE;Date de valeur de prise d'effet du contrat;;MEDIA;ok;20250630;RPAD(nvl(TO_CHAR(C_ENR.DT_ARRETE, 'YYYYMMDD'),' '),8)
4;;1445;16;P1_4_43;P1 4.43;ALPHA;Segment de notation du groupe de risque;;FILLER;ok;       20081203  /        20120130 ;RPAD(' ',16)
4;;1461;20;P1_3_62;P1 3.62;ALPHA;Identifiant local du tiers Garant des titres ;;FILLER;vazio;;RPAD(' ',20)
4;;1481;10;P1_3_63;P1 3.63;ALPHA;Identifiant central du tiers Garant des titre;;FILLER;vazio;;RPAD(' ',10)
4;;1491;30;P1_3_64;P1 3.64;ALPHA;Zone libre (Ex Indicateur titre déprécié);;FILLER;vazio;;RPAD(' ',30)
4;;1521;1;P1_4_25;P1 4.25;NUM;Montant du Add-on affacturage;;FILLER;vazio;;RPAD(' ',1)
4;;1522;16;P1_4_25;P1 4.25;NUM;Montant du Add-on affacturage;;FILLER;vazio;;RPAD(' ',16)
4;;1538;2;P1_4_25;P1 4.25;NUM;Montant du Add-on affacturage;;FILLER;vazio;;RPAD(' ',2)
4;;1540;3;P1_4_26;P1 4.26;ALPHA;Devise du montant du Add-on affacturage;;FILLER;vazio;;RPAD(' ',3)
4;;1543;1;P1_4_27;P1 4.27;NUM;Montant de la part de financement garanti par;;FILLER;vazio;;RPAD(' ',1)
4;;1544;16;P1_4_27;P1 4.27;NUM;Montant de la part de financement garanti par;;FILLER;vazio;;RPAD(' ',16)
4;;1560;2;P1_4_27;P1 4.27;NUM;Montant de la part de financement garanti par;;FILLER;vazio;;RPAD(' ',2)
4;;1562;3;P1_4_28;P1 4.28;ALPHA;Devise du montant de la part de financement g;;FILLER;vazio;;RPAD(' ',3)
4;;1565;30;P1_4_30;P1 4.30;NUM;Expected Loss Best Estimate (en %);;FILLER;vazio;;RPAD(' ',30)
4;;1595;1;P1_4_29;P1 4.29;ALPHA;Indicateur créance titrisée;;FILLER;ok;N;RPAD(' ',1)
4;;1596;50;P1_4_40;P1 4.40;ALPHA;Identifiant du Fonds Commun de Titrisation (S;;FILLER;vazio;;RPAD(' ',50)
4;;1646;10;P1_8_99;P1 8.99;ALPHA;Filler;;FILLER;vazio;;RPAD(' ',10)
4;;1656;1;P1_4_38;P1 4.38;ALPHA;Indicateur autonomie patrimoniale de l'actif ;;FILLER;vazio;;RPAD(' ',1)
4;;1657;1;P1_4_39;P1 4.39;ALPHA;Indicateur portabilité de l'actif en cas de d;;FILLER;vazio;;RPAD(' ',1)
4;;1658;1;P1_4_37;P1 4.37;ALPHA;Indicateur de ségrégation;;FILLER;vazio;;RPAD(' ',1)
4;;1659;1;P1_4_35;P1 4.35;ALPHA;Indicateur opinion juridique;;FILLER;vazio;;RPAD(' ',1)
4;;1660;1;P1_3_36;P1 3.36;ALPHA;Indicateur compensation centrale;;FILLER;vazio;;RPAD(' ',1)
4;;1661;30;P1_9_99;P1 9.99;ALPHA;Filler;;FILLER;vazio;;RPAD(' ',30)
4;;1691;12;P1_12_3;P1 12.3;ALPHA;Référence du titre sous-jacent;;FILLER;vazio;;RPAD(' ',12)
4;;1703;1;P1_12_19;P1 12.19;ALPHA;Echelon de qualité de crédit du titre sous-ja;;FILLER;vazio;;RPAD(' ',1)
4;;1704;8;P1_12_6;P1 12.6;DATE;Date d'échéance du titre sous-jacent;;FILLER;vazio;;RPAD(' ',8)
4;;1712;2;P1_15_1;P1 15.1;ALPHA;Indice boursier auquel appartient le titre so;;FILLER;vazio;;RPAD(' ',2)
4;;1714;2;P1_15_2;P1 15.2;ALPHA;Localisation bourse de cotation du titre sous;;FILLER;vazio;;RPAD(' ',2)
4;;1716;20;P1_12_17;P1 12.17;ALPHA;Identifiant local du tiers émetteur du titre ;;FILLER;vazio;;RPAD(' ',20)
4;;1736;10;P1_12_18;P1 12.18;ALPHA;Identifiant central du tiers émetteur du titr;;FILLER;vazio;;RPAD(' ',10)
4;;1746;30;P1_10_99;P1 10.99;ALPHA;Filler;;FILLER;vazio;;RPAD(' ',30)
4;;1776;1;P1_3_86;P1 3.86;NUM;Montant Credit Valuation Adjustment (CVA) com;;FILLER;vazio;;RPAD(' ',1)
4;;1777;16;P1_3_86;P1 3.86;NUM;Montant Credit Valuation Adjustment (CVA) com;;FILLER;vazio;;RPAD(' ',16)
4;;1793;2;P1_3_86;P1 3.86;NUM;Montant Credit Valuation Adjustment (CVA) com;;FILLER;vazio;;RPAD(' ',2)
4;;1795;3;P1_3_87;P1 3.87;ALPHA;Devise de Credit Valuation Adjustment (CVA) c;;FILLER;vazio;;RPAD(' ',3)
4;;1798;1;P1_3_88;P1 3.88;ALPHA;Indicateur de risque spécifique de corrélatio;;FILLER;vazio;;RPAD(' ',1)
4;;1799;30;P1_11_15;P1 11.15;ALPHA;Identifiant local de la chambre de compensati;;FILLER;vazio;;RPAD(' ',30)
4;;1829;3;P1_11_1;P1 11.1;ALPHA;Type de dérivé de crédit;;FILLER;vazio;;RPAD(' ',3)
4;;1832;1;P1_3_76;P1 3.76;ALPHA;Indicateur de dénouement du CDS;;FILLER;vazio;;RPAD(' ',1)
4;;1833;1;P1_3_77;P1 3.77;ALPHA;Eligibilité du dérivé de crédit à la couvertu;;FILLER;vazio;;RPAD(' ',1)
4;;1834;20;P1_11_4;P1 11.4;ALPHA;Identifiant local du tiers couvert par le Dér;;FILLER;vazio;;RPAD(' ',20)
4;;1854;10;P1_11_5;P1 11.5;ALPHA;Identifiant central du tiers couvert par le D;;FILLER;vazio;;RPAD(' ',10)
4;;1864;1;P1_11_2;P1 11.2;NUM;Spread de marché du dérivé;;FILLER;vazio;;RPAD(' ',1)
4;;1865;4;P1_11_2;P1 11.2;NUM;Spread de marché du dérivé;;FILLER;vazio;;RPAD(' ',4)
4;;1869;5;P1_11_2;P1 11.2;NUM;Spread de marché du dérivé;;FILLER;vazio;;RPAD(' ',5)
4;;1874;1;P1_3_10;P1 3.10;NUM;Montant notionnel de la jambe achetée des dér;;FILLER;vazio;;RPAD(' ',1)
4;;1875;16;P1_3_10;P1 3.10;NUM;Montant notionnel de la jambe achetée des dér;;FILLER;vazio;;RPAD(' ',16)
4;;1891;2;P1_3_10;P1 3.10;NUM;Montant notionnel de la jambe achetée des dér;;FILLER;vazio;;RPAD(' ',2)
4;;1893;3;P1_3_11;P1 3.11;ALPHA;Devise du montant du notionnel de la jambe pa;;FILLER;vazio;;RPAD(' ',3)
4;;1896;1;P1_3_12;P1 3.12;NUM;Montant du notionnel de la jambe vendue des d;;FILLER;vazio;;RPAD(' ',1)
4;;1897;16;P1_3_12;P1 3.12;NUM;Montant du notionnel de la jambe vendue des d;;FILLER;vazio;;RPAD(' ',16)
4;;1913;2;P1_3_12;P1 3.12;NUM;Montant du notionnel de la jambe vendue des d;;FILLER;vazio;;RPAD(' ',2)
4;;1915;3;P1_3_13;P1 3.13;ALPHA;Devise du montant du notionnel de la jambe ve;;FILLER;vazio;;RPAD(' ',3)
4;;1918;2;P1_10_20;P1 10.20;ALPHA;Type de swap;;FILLER;vazio;;RPAD(' ',2)
4;;1920;3;P1_10_1;P1 10.1;ALPHA;Nature de l'Option;;FILLER;vazio;;RPAD(' ',3)
4;;1923;1;P1_10_2;P1 10.2;ALPHA;Indicateur Call Put;;FILLER;vazio;;RPAD(' ',1)
4;;1924;1;P1_8_1;P1 8.1;ALPHA;Type du taux payé du dérivé;;FILLER;vazio;;RPAD(' ',1)
4;;1925;14;P1_8_2;P1 8.2;ALPHA;Indice de référence du taux payé;;FILLER;vazio;;RPAD(' ',14)
4;;1939;1;P1_8_11;P1 8.11;ALPHA;Type du taux reçu du dérivé;;FILLER;vazio;;RPAD(' ',1)
4;;1940;14;P1_8_12;P1 8.12;ALPHA;Indice de référence du taux reçu;;FILLER;vazio;;RPAD(' ',14)
4;;1954;1;P1_20_1;P1 20.1;NUM;Quantité à recevoir;;FILLER;vazio;;RPAD(' ',1)
4;;1955;16;P1_20_1;P1 20.1;NUM;Quantité à recevoir;;FILLER;vazio;;RPAD(' ',16)
4;;1971;2;P1_20_1;P1 20.1;NUM;Quantité à recevoir;;FILLER;vazio;;RPAD(' ',2)
4;;1973;3;P1_20_2;P1 20.2;ALPHA;Unité de mesure de la quantité à recevoir;;FILLER;vazio;;RPAD(' ',3)
4;;1976;1;P1_20_3;P1 20.3;NUM;Quantité à livrer;;FILLER;vazio;;RPAD(' ',1)
4;;1977;16;P1_20_3;P1 20.3;NUM;Quantité à livrer;;FILLER;vazio;;RPAD(' ',16)
4;;1993;2;P1_20_3;P1 20.3;NUM;Quantité à livrer;;FILLER;vazio;;RPAD(' ',2)
4;;1995;3;P1_20_4;P1 20.4;ALPHA;Unité de mesure de la quantité à livrer;;FILLER;vazio;;RPAD(' ',3)
4;;1998;102;P1_10_22;P1 10.22;ALPHA;Type d'exercice de l'option;;FILLER;vazio;;RPAD(' ',102)
4;;2100;7;P1_13_4;P1 13.4;NUM;Montant minimum de transfert de l'appel de ma;;FILLER;vazio;;RPAD(' ',7)
4;;2107;137;P1_21_98;P1 21.98;ALPHA;Identifiant du deal Back-to-Back avec CACIB;;FILLER;ok;                                                  114PE                20240831                2024083120260831                20240831   /                                                   154PE                                                                2025022820230131  ;RPAD(' ',137)
4;;2244;2;P1_21_18;P1 21.18;NUM;Nombre de restructuration pour risque;;FILLER;vazio;;RPAD(' ', 2)
4;;2246;2;P1_21_19;P1 21.19;ALPHA;Méthode de restructuration;;FILLER;vazio;;RPAD(' ', 2)
4;;2248;2;P1_21_99;P1 21.99;ALPHA;Filler;;FILLER;vazio;;RPAD(' ', 2)
4;37;2250;3;P1_22_56;P1 22.56;ALPHA;Indicateur produit échéancé;;MEDIA;ok;ECH;RPAD(NVL(C_ENR.IND_PROD_ECH, ' '),3,' ')
4;38;2253;1;P1_22_57;P1 22.57;ALPHA;Indicateur objet métier palier fourni;;MEDIA;ok;N;RPAD(NVL(C_ENR.IND_OBJ_MET_PAL, ' '),1,' ')
4;39;2254;40;P1_22_1;P1 22.1;ALPHA;Référence unique du contrat;;MEDIA;ok;200622VM0                                / 202878FN0                               ;RPAD(NVL(C_ENR.REF_UNIQ_CONT, ' '),40,' ')
4;40;2294;40;P1_22_51;P1 22.51;ALPHA;Référence Unique de l'élément du contrat;;MEDIA;ok;200622VM0                                / 202878FN0                               ;RPAD(NVL(C_ENR.REF_UNIQ_ELEM_CONT, ' '),40,' ')
4;;2334;45;P1_22_2;P1 22.2;ALPHA;Indicateur niveau de risque;;FILLER;vazio;;RPAD(' ',45)
4;41;2379;2;P1_22_5;P1 22.5;ALPHA;Note finale retenue à l'origine;;MEDIA;ok;A  / A+;RPAD(NVL(C_ENR.NOTE_FIN_RET_ORI, 'ND'),2,' ')
4;42;2381;10;P1_22_52;P1 22.52;ALPHA;Note externe à l'origine;;MEDIA;vazio;;RPAD(NVL(C_ENR.NOTE_EXT_ORI, ' '),10,' ')
4;43;2391;2;P1_22_6;P1 22.6;ALPHA;Organisme de notation à l'origine;;MEDIA;ok;I ;RPAD(nvl(C_ENR.ORGA_NOTATION_ORIG,' '),2,' ')
4;44;2393;2;P1_22_53;P1 22.53;ALPHA;Segment de notation à l'origine;;MEDIA;ok;02 / 03;RPAD(NVL(C_ENR.SEG_NOT_ORI, ' '),2,' ')
4;45;2395;46;P1_22_54;P1 22.54;ALPHA;Grille Modèle de notation à l'origine;;MEDIA;ok;044102011071320130114FR                        / 044102011071320150930FR                       ;CASE WHEN C_ENR.GRI_MOD_NOT_ORI IS NULL THEN RPAD(' ',46) ELSE RPAD(nv
4;46;2441;3;P1_22_55;P1 22.55;ALPHA;Méthodologie de notation à l'origine;;MEDIA;ok;999 / C1 ;RPAD(upper(NVL(C_ENR.METH_NOT_ORI, ' ')),3,' ')
4;47;2444;2;P1_22_7;P1 22.7;ALPHA;Objet du financement;;MEDIA;ok;04 / 97;RPAD('97',2)
4;48;2446;19;P1_22_8;P1 22.8;NUM;Montant du contrat à l'origine;P1 22.8;ALTA;ok;+000000000000000000 / +000000000000040419;pack_utilitaire.F_FORMAT_MONTANT_BIS2(C_ENR.MNT_CONTRAT_ORIGINE)
4;49;2465;3;P1_22_9;P1 22.9;ALPHA;Devise du montant du contrat à l'origine;P1 22.9;ALTA;ok;EUR;RPAD(nvl(C_ENR.DEV_MNT_CONTRAT_ORIGINE, 'EUR'), 3)
4;50;2468;1;P1_22_12;P1 22.12;ALPHA;Indicateur échéancier fourni;;MEDIA;ok;N;RPAD(NVL(C_ENR.IND_ECH_FOUR, ' '),1,' ')
4;;2469;166;P1_22_13;P1 22.13;NUM;Taux d'intérêt effectif (TIE) à l'origine;;FILLER;incoerente;+000000000F            LMM+000000000120130430        +000000000+000000000 000+000000000+000000000+000000000EXA-36020130430                   EUR+000000000000000000EUR / +000028000F            LMM+000028000120201022        +000000000+000000000 000+000028000+000000000+000000000EXB-EXB20201201+000000000023537650EUR+000000000001563461EUR;RPAD(' ',166)
4;51;2635;1;P1_22_36;P1 22.36;ALPHA;Option de remboursement anticipé;;MEDIA;ok;3;RPAD(NVL(C_ENR.IND_RMB_ANTICIPE,' '),1,' ')
4;;2636;8;P1_22_37;P1 22.37;DATE;Date du premier arriéré de paiement;P1 22.37;FILLER;vazio;;RPAD(' ', 8)
4;;2644;8;P1_22_38;P1 22.38;DATE;Date de passage de l'encours en douteux compr;P1 22.38;FILLER;vazio;;RPAD(' ', 8)
4;;2652;19;P1_22_39;P1 22.39;NUM;Montant de l'encours en douteux compromis;P1 22.39;FILLER;vazio;;RPAD(' ', 19)
4;;2671;3;P1_22_40;P1 22.40;ALPHA;Devise du montant de l'encours en douteux com;P1 22.40;FILLER;vazio;;RPAD(' ', 3)
4;;2674;8;P1_22_41;P1 22.41;DATE;Date de déchéance du terme;P1 22.41;FILLER;vazio;;RPAD(' ', 8)
4;;2682;10;P1_22_42;P1 22.42;NUM;Loan-to-value ratio (LTV) local à l'octroi;P1 22.42;FILLER;vazio;;RPAD(' ', 10)
4;;2692;10;P1_22_43;P1 22.43;NUM;Loan-to-value ratio (LTV) local revalorisé;P1 22.43;FILLER;vazio;;RPAD(' ', 10)
4;52;2702;19;P1_22_44;P1 22.44;NUM;Montant à l'acquisition du bien financé;P1 22.44;ALTA;ok;+000000000000000000 / +000000000021146523;pack_utilitaire.f_format_montant_bis2(nvl((C_ENR.MNT_ACQUISITION),0))
4;53;2721;3;P1_22_45;P1 22.45;ALPHA;Devise du montant à l'acquisition du bien fin;P1 22.45;ALTA;ok;EUR;RPAD('EUR', 3)
4;;2724;8;P1_22_46;P1 22.46;DATE;Date de revalorisation du bien;P1 22.46;FILLER;vazio;;RPAD(' ', 8)
4;;2732;19;P1_22_47;P1 22.47;NUM;Montant revalorisé du bien financé;P1 22.47;FILLER;vazio;;RPAD(' ', 19)
4;;2751;3;P1_22_48;P1 22.48;ALPHA;Devise du montant revalorisé du bien financé;P1 22.48;FILLER;vazio;;RPAD(' ', 3)
4;;2754;10;P1_22_49;P1 22.49;NUM;Loan-to-income ratio (LTI) local à l'octroi;P1 22.49;FILLER;vazio;;RPAD(' ', 10)
4;;2764;10;P1_22_50;P1 22.50;NUM;Loan-to-income ratio (LTI) local revalorisé;P1 22.50;FILLER;vazio;;RPAD(' ', 10)
4;;2774;8;P1_22_58;P1 22.58;DATE;Date de début de palier;P1 22.58;FILLER;ok;20130207 / 20131231;RPAD(' ', 8)
4;;2782;8;P1_22_59;P1 22.59;DATE;Date de fin de palier;P1 22.59;FILLER;ok;20250331 / 20250614;RPAD(' ', 8)
4;;2790;19;P1_22_60;P1 22.60;NUM;Montant de l'échéance en cours;P1 22.60;FILLER;ok;+000000000000000000 / +000000000000007500;RPAD(' ', 19)
4;;2809;3;P1_22_61;P1 22.61;ALPHA;Devise du montant de l'échéance en cours;P1 22.61;FILLER;ok;EUR;RPAD(' ', 3)
4;;2812;1;P1_22_62;P1 22.62;ALPHA;Indicateur pré / post fixé;P1 22.62;FILLER;ok;E;RPAD(' ', 1)
4;;2813;8;P1_22_63;P1 22.63;DATE;Date de début de l'engagement renouvelé;P1 22.63;FILLER;ok;20170131 / 20200508;RPAD(' ', 8)
4;;2821;30;P1_22_64;P1 22.64;ALPHA;Type de prêt habitat;P1 22.64;FILLER;ok;            FR20081203   00000 /             FR20120130   00000;RPAD(' ', 30)
4;54;2851;3;P1_22_71;P1 22.71;ALPHA;Motif du passage en engagement en défaut;;MEDIA;ok;060 / 200;CASE WHEN C_ENR.CD_MOTIF_SCO_LC0267 is NULL then RPAD(' ', 3) ELSE LPA
4;55;2854;2;P1_22_72;P1 22.72;ALPHA;Bucket IFRS9;;MEDIA;ok;B1 / B2;RPAD(NVL(C_ENR.BUCKET_IFRS9, ' '),2,' ')
4;;2856;20;P1_22_73;P1 22.73;NUM;Probabilité de défaut à l'origine calculée en;;FILLER;vazio;;RPAD(' ', 20)
4;56;2876;1;P1_23_1;P1 23.1;ALPHA;Eligibilité Outil Mutualisé de provisionnemen;;MEDIA;ok;2 / 4;RPAD(NVL(C_ENR.ELI_OUT_MUT_PROV_S, ' '),1,' ')
4;57;2877;7;P1_23_2;P1 23.2;ALPHA;Centre de résultat;;MEDIA;ok;LEASING;RPAD(NVL(C_ENR.CENTRE_RES, ' '),7,' ')
4;58;2884;20;P1_23_3;P1 23.3;ALPHA;Système de gestion source;;MEDIA;ok;KSP                  / LIX                 ;RPAD(NVL(C_ENR.SYS_GEST_SRC, ' '),20,' ')
4;59;2904;3;P1_23_4;P1 23.4;ALPHA;Classification comptable des actifs en norme ;;MEDIA;ok;CAM;RPAD(NVL(C_ENR.CLA_COMP_ACT_IFRS9_S, ' '),3,' ')
4;60;2907;3;P1_23_5;P1 23.5;ALPHA;Classification comptable des actifs en norme ;;MEDIA;ok;PRC;RPAD(NVL(C_ENR.CLA_COMP_ACT_NATIONALE_S, ' '),3,' ')
4;61;2910;1;P1_23_6;P1 23.6;ALPHA;Indicateur Actif déprécié dès l'origination;;MEDIA;ok;N;RPAD(NVL(C_ENR.IND_ACT_DEP_ORI, ' '),1,' ')
4;62;2911;40;P1_23_7;P1 23.7;ALPHA;Zone libre d'appariement comptable;;MEDIA;ok;A5171100_040_00370_CRBA                  / A5231100_022_00370_CREN                 ;RPAD(NVL(C_ENR.ZONE_APP_COMP, ' '),40,' ')
4;;2951;10;P1_23_12;P1 23.12;ALPHA;Zone OMP locale 1;;FILLER;vazio;;RPAD (' ', 10)
4;63;2961;12;P1_23_8;P1 23.8;ALPHA;Code méthode IFRS9 - PD;;MEDIA;vazio;;RPAD (nvl(C_ENR.CD_METH_IFRS9_PD,' '), 12)
4;64;2973;12;P1_23_9;P1 23.9;ALPHA;Code méthode IFRS9 - Loss Given Default (LGD);;MEDIA;ok;DEFAUTLGD    / LGCBI_GAR0  ;RPAD (nvl(C_ENR.CD_METH_IFRS9_LGD,' '), 12)
4;65;2985;12;P1_23_10;P1 23.10;ALPHA;Code méthode IFRS9 - CCF;;MEDIA;ok;CCCALL0010   / CCCALL0020  ;RPAD (nvl(C_ENR.CD_METH_IFRS9_CCF,' '), 12)
4;66;2997;12;P1_23_11;P1 23.11;ALPHA;Code méthode IFRS9 - Taux de remboursement an;;MEDIA;ok;RACBI0001    / RACBM0001   ;RPAD (nvl(C_ENR.CD_METH_IFRS9_TX,' '), 12)
4;;3009;2;P1_23_99;P1 23.99;ALPHA;Filler;;FILLER;vazio;;RPAD (' ', 2)
4;67;3011;1;P1_24_1;P1 24.1;ALPHA;Eligibilité Prudent Valuation;;MEDIA;ok;N;RPAD(NVL(C_ENR.ELIGIB_PRUDENT_VAL,' '),1,' ')
4;;3012;649;P1_24_2;P1 24.2;ALPHA;Motif d'exemption déclaré à l'ajustement à la;;FILLER;vazio;;RPAD (' ', 649)
4;68;3661;1;P1_26_1;P1 26.1;ALPHA;Indicateur mobilisation de l'actif;;MEDIA;ok;1 / 3;RPAD(NVL(C_ENR.IND_MOBIL_ACTIF,' '),1,' ')
4;69;3662;1;P1_22_11;P1 22.11;ALPHA;Indicateur éligibilité de l'actif à une mobil;;MEDIA;ok;N / Y;RPAD(NVL(C_ENR.ELIG_MOB_BANQUE_CENTRALE, ' '), 1)
4;70;3663;3;P1_26_3;P1 26.3;ALPHA;Référence de mobilisation de l'actif;;MEDIA;ok;1  ;RPAD(NVL(C_ENR.REF_MOB_ACTIF, ' '), 3)
4;71;3666;3;P1_26_4;P1 26.4;ALPHA;Code organisme de mobilisation;;MEDIA;ok;404;RPAD(NVL(C_ENR.CD_ORGA_MOBIL, ' '), 3)
4;;3669;44;P1_26_99;P1 26.99;ALPHA;Zone réservée Asset Encumbrance;;FILLER;vazio;;RPAD(' ',44)
4;;3713;19;P1_27_1;P1 27.1;NUM;Montant cumulé des recouvrements depuis le dé;;FILLER;vazio;;RPAD(' ',19)
4;;3732;3;P1_27_2;P1 27.2;ALPHA;Devise du montant cumulé des recouvrements de;;FILLER;vazio;;RPAD(' ',3)
4;72;3735;1;P1_27_3;P1 27.3;ALPHA;Eligibilité Outil Central ANACREDIT;;MEDIA;ok;1 / 2;RPAD(NVL(C_ENR.IND_ELIGI_OUTI_CTRAL_ANACRD, '2'), 1)
4;73;3736;2;P1_27_4;P1 27.4;ALPHA;Motif exclusion à la déclaration ANACREDIT;;MEDIA;ok;02;RPAD(NVL(C_ENR.MOTIF_EXCLU_ANACREDIT, ' '), 2)
4;;3738;23;P1_27_99;P1 27.99;ALPHA;Filler;;FILLER;vazio;;RPAD(' ',23)
4;;3761;2;P1_28_1;P1 28.1;ALPHA;Indicateur opération effet de levier;;FILLER;ok;0 ;RPAD(' ',2)
4;;3763;19;P1_29_1;P1 29.1;NUM;Montant de l'indemnité de résiliation;;FILLER;ok;+000000000000000000;RPAD(' ',19)
4;;3782;3;P1_29_2;P1 29.2;ALPHA;Devise du montant de l'indemnité de résiliati;;FILLER;ok;EUR;RPAD(' ',3)
4;;3785;190;P1_30_1;P1 30.1;ALPHA;Type de contrat cadre;;FILLER;vazio;;RPAD(' ',190)
4;;3975;6;P1_30_22;P1 30.22;ALPHA;Référence du contrat cadre;;FILLER;vazio;;RPAD(' ',6)
4;74;3981;1;P1_30_22;P1 30.22;ALPHA;Référence du contrat cadre;;MEDIA;ok;N;'N'
4;;3982;18;P1_30_23;P1 30.23;ALPHA;Indicateur accord de netting contractuel;;FILLER;vazio;;RPAD (' ', 18)
4;;4000;7;P1_30_24;P1 30.24;ALPHA;Référence du contrat de netting contractuel;;FILLER;vazio;;RPAD (' ', 7)
4;75;4007;1;P1_30_24;P1 30.24;ALPHA;Référence du contrat de netting contractuel;;MEDIA;vazio;;'N'
4;;4008;25;P1_30_25;P1 30.25;ALPHA;Indicateur accord de netting comptable;;FILLER;ok;N                        ;RPAD (' ', 25)
4;;4033;1;P1_30_26;P1 30.26;ALPHA;Référence du contrat de netting comptable;;FILLER;vazio;;RPAD (' ', 1)
4;;4034;5;P1_30_27;P1 30.27;ALPHA;Finalité de l'opération;;FILLER;vazio;;RPAD(' ',5)
4;76;4039;40;P1_31_1;P1 31.1;ALPHA;Code entité de la succursale à l'origine de l;;BAIXA;ok; 200622VM0                               /  202878FN0                              ;RPAD(NVL(C_ENR.REF_UNIQ_CONT, ' '),40,' ')
4;77;4079;40;P1_31_2;P1 31.2;ALPHA;Référence unique du contrat à l'origine;;BAIXA;ok; 200622VM0                               /  202878FN0                              ;RPAD(NVL(C_ENR.REF_UNIQ_ELEM_CONT,' '),40)
4;78;4119;19;P1_31_3;P1 31.3;ALPHA;Référence unique de l'élément de contrat à l';;BAIXA;ok; +00000000000000000 /  +00000000000004041;RPAD(pack_utilitaire.f_format_montant_bis2(C_ENR.MNT_ENG_DT_SIGN_CTRT)
4;79;4138;1;P1_31_4;P1 31.4;NUM;Montant en euros de l'engagement à la date de;;MEDIA;ok;0 / 1;RPAD(NVL(C_ENR.IND_RESPO_SOLIDAIRE, ' '),1,' ')
4;80;4139;1;P1_31_5;P1 31.5;ALPHA;Indicateur responsabilité solidaire;;MEDIA;ok;N;RPAD (NVL(C_ENR.IND_ISF,'2'), 1)
4;;4140;6;P1_31_6;P1 31.6;ALPHA;Indicateur dossier infrastructure éligible au;;FILLER;ok;1      / 2     ;RPAD(' ',6)
4;;4146;1;P1_31_7;P1 31.7;ALPHA;Rang dans la hiérarchie des créanciers;;FILLER;vazio;;RPAD(' ',1)
4;81;4147;15;P1_31_8;P1 31.8;ALPHA;Droit d'un pays tiers : reconnaissance de la ;;BAIXA;ok; 14100          /  24140         ;RPAD(NVL(C_ENR.CD_COMMUNE_BIEN_FINAN, ' '),15,' ')
4;82;4162;2;P1_31_9;P1 31.9;ALPHA;Lieu d'investissement du bien principal finan;;BAIXA;ok; F;RPAD(NVL(C_ENR.CD_PAYS_BIEN_FINAN, ' '),2,' ')
4;;4164;40;P1_31_10;P1 31.10;ALPHA;Lieu d'investissement du bien principal finan;;FILLER;ok;R                                       ;RPAD(' ', 40)
4;83;4204;1;P1_31_16;P1 31.16;ALPHA;Devise du montant de l'apport à l'octroi;P1 31.17;BAIXA;vazio;;RPAD('+',1)
4;84;4205;5;P1_31_17;P1 31.17;NUM;Durée initiale du prêt;P1 31.17;ALTA;ok;+0001 / +0002;RPAD('00000',5)
4;85;4210;1;P1_31_17;P1 31.17;NUM;Durée initiale du prêt;P1 31.18;BAIXA;ok;0 / 1;RPAD('+',1)
4;86;4211;5;P1_31_18;P1 31.18;NUM;Durée totale du prêt à date;P1 31.18;ALTA;ok;+0001 / +0002;RPAD('00000',5)
4;;4216;6;P1_31_18;P1 31.18;NUM;Durée totale du prêt à date;;FILLER;ok;0      / 1     ;RPAD(' ', 6)
4;;4222;1;P1_31_19;P1 31.19;NUM;Durée de la période d'anticipation à date d'a;;FILLER;vazio;;RPAD(' ', 1)
4;;4223;2;P1_31_20;P1 31.20;ALPHA;Méthode de valorisation du bien;;FILLER;ok; 0;RPAD(' ', 2)
4;87;4225;2;P1_31_21;P1 31.21;ALPHA;Type de sécurisation à l'octroi;P1 31.22;ALTA;ok;10 / 20;CASE WHEN C_ENR.CD_TYPE_RISQUE = 'TRE502' THEN '01' WHEN C_ENR.CD_TYPE
4;;4227;97;P1_31_22;P1 31.22;ALPHA;Type de sécurisation à date;;FILLER;ok;1                                                                                                 / 2                                                                                                ;RPAD(' ', 97)
4;88;4324;1;P1_31_29;P1 31.29;NUM;Taux de marge du crédit brut à l'octroi;;MEDIA;vazio;;RPAD(NVL(C_ENR.IND_GAR_SANS_LIMITE,' '),1)
4;;4325;1;P1_31_37;P1 31.37;ALPHA;Indicateur garantie sans limite;;FILLER;vazio;;RPAD(' ',1)
4;89;4326;19;P1_31_38;P1 31.38;ALPHA;Etendue de la garantie donnée;;BAIXA;ok; +00000000000000000 /  +00000000000022017;RPAD(pack_utilitaire.f_format_montant_bis2(C_ENR.MNT_SUBV_HT),19)
4;90;4345;3;P1_29_3;P1 29.3;NUM;Montant des subventions;P1 29.4;ALTA;incoerente;0EU / 1EU;RPAD ('EUR', 3)
4;;4348;22;P1_29_4;P1 29.4;ALPHA;Devise du montant des subventions;;FILLER;ok;R                     ;RPAD (' ', 22)
4;;4370;22;P1_29_6;P1 29.6;ALPHA;Devise du montant de l'avance preneur en créd;;FILLER;vazio;;RPAD(' ',22)
4;;4392;28;P1_21_21;P1 21.21;ALPHA;Devise du montant des passages en pertes cumu;;FILLER;vazio;;RPAD(' ',28)
4;;4420;169;P1_31_36;P1 31.36;ALPHA;Indicateur prise ferme sur les titres;;FILLER;vazio;;RPAD(' ',169)
4;;4589;117;P1_16_42;P1 16.42;ALPHA;Devise du montant du gain RWA obtenu par le C;;FILLER;vazio;;RPAD(' ',117)
4;91;4706;3;P1_28_14;P1 28.14;ALPHA;Devise du montant de la part à syndiquer non ;;BAIXA;ok; EU;'EUR'
4;92;4709;12;P1_50_1;P1 50.1;ALPHA;Devise de liasse de l'entité;;BAIXA;ok;RA5171100    / RA5231100   ;RPAD(NVL(C_ENR.PCEC_MNT_RISQUE, ' '), 12)
4;93;4721;19;P1_50_2;P1 50.2;ALPHA;PCCO - Montant du principal 1;;BAIXA;ok; +00000000000000000 /  +00000000000000150;RPAD(pack_utilitaire.f_format_montant_bis2(C_ENR.MNT_RISQUE),19)
4;;4740;12;P1_50_3;P1 50.3;NUM;Montant du principal 1;;FILLER;ok;0            / 1           ;RPAD(' ',12)
4;;4752;19;P1_50_4;P1 50.4;ALPHA;PCCO - Montant du principal 2;;FILLER;vazio;;RPAD(' ',19)
4;94;4771;12;P1_50_5;P1 50.5;NUM;Montant du principal 2;;BAIXA;incoerente; A5177100    /  A5237100   ;RPAD(NVL(C_ENR.PCEC_ICNE, ' '), 12)
4;95;4783;19;P1_50_8;P1 50.8;ALPHA;PCCO - Montant des Dettes et créances rattach;;BAIXA;ok; +00000000000000000 /  +00000000000000085;RPAD(pack_utilitaire.f_format_montant_bis2(C_ENR.MNT_ICNE),19)
4;;4802;12;P1_50_9;P1 50.9;NUM;Montant des Dettes et créances rattachées;;FILLER;ok;0            / 1           ;RPAD(' ',12)
4;;4814;19;P1_50_14;P1 50.14;ALPHA;PCCO - Montant Marge initiale - Fonds de défa;;FILLER;vazio;;RPAD(' ',19)
4;;4833;12;P1_50_15;P1 50.15;NUM;Montant Marge initiale - Fonds de défaut;;FILLER;vazio;;RPAD(' ',12)
4;;4845;19;P1_50_16;P1 50.16;ALPHA;PCCO - Montant Marge variable;;FILLER;vazio;;RPAD(' ',19)
4;;4864;12;P1_50_17;P1 50.17;NUM;Montant Marge variable;;FILLER;vazio;;RPAD(' ',12)
4;;4876;19;P1_50_18;P1 50.18;ALPHA;PCCO - Montant Impacts JV;;FILLER;vazio;;RPAD(' ',19)
4;96;4895;2;P1_50_19;P1 50.19;NUM;Montant Impacts JV;P1 21.22;ALTA;vazio;;RPAD(NVL(C_ENR.MOTIF_MRTR,' '),2)
4;97;4897;8;P1_21_22;P1 21.22;ALPHA;Motif du moratoire;P1 21.23;ALTA;vazio;;RPAD(NVL(TO_CHAR(C_ENR.DT_DEBUT_MRTR, 'YYYYMMDD'), ' '),8)
4;98;4905;6;P1_21_23;P1 21.23;DATE;Date de début du moratoire;P1 21.29;ALTA;vazio;;case when C_ENR.DUREE_MRTR is not null then '+'||LPAD(C_ENR.DUREE_MRTR
4;99;4911;2;P1_21_29;P1 21.29;NUM;Durée du moratoire;P1 21.25;ALTA;vazio;;RPAD(NVL(C_ENR.STATUT_MRTR,' '),2)
4;100;4913;1;P1_21_25;P1 21.25;ALPHA;Statut du moratoire;P1 21.26;BAIXA;vazio;;RPAD(NVL(C_ENR.IND_MRTR_LEGISLATIF,' '),1)
4;101;4914;1;P1_21_26;P1 21.26;ALPHA;Indicateur de moratoire législatif;P1 21.27;BAIXA;vazio;;RPAD(NVL(C_ENR.IND_MRTR_CONTRACTUEL,' '),1)
4;102;4915;2;P1_21_27;P1 21.27;ALPHA;Indicateur de moratoire contractuel;P1 21.28;ALTA;vazio;;RPAD(NVL(C_ENR.CHAMP_APPL_MRTR,' '),2)
4;103;4917;19;P1_21_28;P1 21.28;ALPHA;Champ d'application du moratoire;P1 21.30;ALTA;vazio;;case when C_ENR.MNT_MRTR is not null then RPAD(pack_utilitaire.f_forma
4;104;4936;3;P1_21_30;P1 21.30;NUM;Montant des échéances reportées;P1 21.31;ALTA;vazio;;case when C_ENR.MNT_MRTR is not null then RPAD(NVL(C_ENR.DEV_MRTR,' ')
4;;4939;15;P1_21_31;P1 21.31;ALPHA;Devise du montant des échéances reportées;P1 21.32;FILLER;vazio;;RPAD(' ',15)
4;;4954;3;P1_21_32;P1 21.32;ALPHA;Méthode de convention des taux sans risque (R;P1 21.33;FILLER;vazio;;RPAD(' ',3)
4;;4957;12;P1_21_33;P1 21.33;ALPHA;Durée de convention des taux sans risque (RFR;P1 15;FILLER;vazio;;RPAD(' ',12)
4;;4969;12;P1_15;P1 15;ALPHA;Numéro de compte local (PCI) de l'encours;P1 16;FILLER;vazio;;RPAD(' ',12)
4;;4981;12;P1_16;P1 16;ALPHA;Numéro de compte PCCA de l'encours en norme I;P1 14;FILLER;vazio;;RPAD(' ',12)
4;;4993;12;P1_14;P1 14;ALPHA;Numéro de compte PCCA de l'encours en NF;P1 50.20;FILLER;vazio;;RPAD(' ',12)
4;;5005;19;P1_50_20;P1 50.20;ALPHA;PCCO - Montant du principal 3;P1 50.21;FILLER;vazio;;RPAD(' ',19)
4;;5024;1;P1_50_21;P1 50.21;NUM;Montant du principal 3;P1 21.34;FILLER;vazio;;RPAD(' ',1)
4;;5025;1;P1_21_34;P1 21.34;ALPHA;Indicateur de créance titrisable;P1 21.35;FILLER;vazio;;RPAD(' ',1)
4;;5026;19;P1_21_35;P1 21.35;ALPHA;Indicateur de créance pour émission de covere;P1 21.36;FILLER;vazio;;RPAD(' ',19)
4;;5045;3;P1_21_36;P1 21.36;NUM;Montants liquidatifs estimés;P1 21.37;FILLER;vazio;;RPAD(' ',3)
4;;5048;10;P1_21_37;P1 21.37;ALPHA;Devise des montants liquidatifs estimés;P1 21.47;FILLER;vazio;;RPAD(' ',10)
4;;5058;7;P1_21_47;P1 21.47;NUM;Pondération Bâloise de l'engagement pour le c;P1 21.48;FILLER;vazio;;RPAD(' ',7)
4;;5065;19;P1_21_48;P1 21.48;ALPHA;Méthode de titrisation pour le calcul de l'Ou;P1 21.49;FILLER;vazio;;RPAD(' ',19)
4;;5084;3;P1_21_49;P1 21.49;NUM;Montant des ajustements de risques pondérés l;P1 21.50;FILLER;vazio;;RPAD(' ',3)
4;;5087;19;P1_21_50;P1 21.50;ALPHA;Devise du montant des ajustements de risques ;P1 21.51;FILLER;vazio;;RPAD(' ',19)
4;;5106;3;P1_21_51;P1 21.51;NUM;Montant de RWA supplémentaire pour non-confor;P1 21.52;FILLER;vazio;;RPAD(' ',3)
4;;5109;19;P1_21_52;P1 21.52;ALPHA;Devise du montant de RWA supplémentaire pour ;P1 21.53;FILLER;vazio;;RPAD(' ',19)
4;;5128;3;P1_21_53;P1 21.53;NUM;Montant du gain RWA obtenu par le CAP sur la ;P1 21.54;FILLER;vazio;;RPAD(' ',3)
4;;5131;1;P1_21_54;P1 21.54;ALPHA;Devise du gain RWA obtenu par le CAP sur la p;P1 21.44;FILLER;vazio;;RPAD(' ',1)
4;;5132;1;P1_21_44;P1 21.44;ALPHA;Indicateur d'exposition de qualité élevée;P1 21.45;FILLER;vazio;;RPAD(' ',1)
4;105;5133;1;P1_21_45;P1 21.45;ALPHA;Indicateur de la phase opérationnelle du proj;P1 21.46;BAIXA;ok;N / Y;RPAD(NVL(C_ENR.IND_CONF_CRIT_OPE,' '),1)
4;;5134;1;P1_21_46;P1 21.46;ALPHA;Indicateur de conformité des critères opérati;P1 21.38;FILLER;ok;Y;RPAD(' ',1)
4;;5135;1;P1_21_38;P1 21.38;ALPHA;Indicateur d'exposition garantie par un bien ;P1 21.39;FILLER;ok;N / Y;RPAD(' ',1)
4;;5136;1;P1_21_39;P1 21.39;ALPHA;Indicateur d'exposition sur acquisition, déve;P1 21.40;FILLER;ok;N;RPAD(' ',1)
4;;5137;1;P1_21_40;P1 21.40;ALPHA;Réalisation des conditions de pondération pré;P1 21.41;FILLER;ok;1;RPAD(' ',1)
4;;5138;1;P1_21_41;P1 21.41;ALPHA;Indicateur de dépôt en espèces substantiel;P1 21.42;FILLER;vazio;;RPAD(' ',1)
4;;5139;15;P1_21_42;P1 21.42;ALPHA;Indicateur d'apport en fonds propres substant;P1 21.43;FILLER;ok; +0000000000000 /  +0001200000000;RPAD(' ',15)
4;;5154;1;P1_21_43;P1 21.43;NUM;Ratio prudentiel d'Exposition/valeur (ETV);P1 21.56;FILLER;ok;0;RPAD(' ',1)
4;;5155;1;P1_21_56;P1 21.56;ALPHA;Indicateur Intention de revente à court terme;P1 21.57;FILLER;vazio;;RPAD(' ',1)
4;;5156;1;P1_21_57;P1 21.57;ALPHA;Indicateur d'investissement en Capital Risque;P1 21.58;FILLER;vazio;;RPAD(' ',1)
4;;5157;1;P1_21_58;P1 21.58;ALPHA;Indicateur d'investissement dans un programme;P1 21.59;FILLER;vazio;;RPAD(' ',1)
4;;5158;15;P1_21_59;P1 21.59;ALPHA;Indicateur de participation stratégique depui;P1 21.60;FILLER;vazio;;RPAD(' ',15)
4;;5173;10;P1_21_60;P1 21.60;NUM;Taux historique de pondération de la particip;P1 21.61;FILLER;vazio;;RPAD(' ',10)
4;;5183;10;P1_21_61;P1 21.61;NUM;Perte en cas de défaut (LGD) de la part d'enc;P1 21.62;FILLER;vazio;;RPAD(' ',10)
4;;5193;19;P1_21_62;P1 21.62;NUM;Perte en cas de défaut (LGD) de la part d'enc;P1 21.63;FILLER;vazio;;RPAD(' ',19)
4;;5212;3;P1_21_63;P1 21.63;NUM;Montant d'encours pour la partie couverte par;P1 21.64;FILLER;vazio;;RPAD(' ',3)
4;;5215;5;P1_21_64;P1 21.64;ALPHA;Devise du montant d'encours pour la partie co;P1 21.65;FILLER;vazio;;RPAD(' ',5)
4;;5220;1;P1_21_65;P1 21.65;ALPHA;Entité juridique de rattachement du contrat d;P1 21.66;FILLER;vazio;;RPAD(' ',1)
4;;5221;1;P1_21_66;P1 21.66;ALPHA;Indicateur d'engagement hors bilan annulable ;P1 21.67;FILLER;ok;N;RPAD(' ',1)
4;106;5222;1;P1_21_67;P1 21.67;ALPHA;Indicateur de l'application de l'approche par;P1 21.68;BAIXA;vazio;;RPAD(NVL(C_ENR.NIV_RISQUE_CRR3,' '),1)
4;107;5223;12;P1_21_68;P1 21.68;ALPHA;Niveau de risque CRR3;P1 21.55;ALTA;ok; NA011       /  NA021      ;RPAD(NVL(C_ENR.CD_NAT_OPE_ENG_CALC_FLOOR,' '),12)
4;;5235;1;P1_21_55;P1 21.55;ALPHA;NATure d'Opération de l'engagement pour le ca;P1 21.69;FILLER;vazio;;RPAD(' ',1)
4;;5236;20;P1_21_69;P1 21.69;ALPHA;Indicateur de calcul de l'ajustement de l'éva;P1 21.89;FILLER;vazio;;RPAD(' ',20)
4;;5256;10;P1_21_89;P1 21.89;ALPHA;Identifiant local du client de l'intermédiair;P1 21.90;FILLER;vazio;;RPAD(' ',10)
4;108;5266;1;P1_21_90;P1 21.90;ALPHA;Identifiant central du client de l'intermédia;P1 8.13;BAIXA;vazio;;RPAD(NVL(C_ENR.USAGE_BIEN_FINANCE,' '),1)
4;;5267;40;P1_8_13;P1 8.13;ALPHA;Usage du bien immobilier financé;P1 21.71;FILLER;ok;0                                        / 2ARGENTON LES VALLEES                   ;RPAD(' ',40)
4;;5307;40;P1_21_71;P1 21.71;ALPHA;Lieu d'investissement du bien principal finan;P1 21.72;FILLER;ok; 10 RUE ANDRE CITROEN                    /  16 AV DU GENERAL DE GAULLE             ;RPAD(' ',40)
4;;5347;40;P1_21_72;P1 21.72;ALPHA;Lieu d'investissement du bien principal finan;P1 21.73;FILLER;ok; CABINET VETERINAIRE                     /  PA DE LA BAYONNE                       ;RPAD(' ',40)
4;;5387;40;P1_21_73;P1 21.73;ALPHA;Lieu d'investissement du bien principal finan;P1 21.74;FILLER;ok; 10 RUE ANDRE CITROEN                    /  16 AV DU GENERAL DE GAULLE             ;RPAD(' ',40)
4;;5427;40;P1_21_74;P1 21.74;ALPHA;Lieu d'investissement du bien principal finan;P1 21.75;FILLER;ok; 10 RUE ANDRE CITROEN                    /  16 AV DU GENERAL DE GAULLE             ;RPAD(' ',40)
4;;5467;40;P1_21_75;P1 21.75;ALPHA;Lieu d'investissement du bien principal finan;P1 21.76;FILLER;vazio;;RPAD(' ',40)
4;;5507;11;P1_21_76;P1 21.76;ALPHA;Lieu d'investissement du bien principal finan;P1 21.77;FILLER;ok; +43.627931 /  +44.970199;RPAD(' ',11)
4;;5518;12;P1_21_77;P1 21.77;NUM;Lieu d'investissement du bien principal finan;P1 21.78;FILLER;incoerente;0+000.526142 / 4+000.220485;RPAD(' ',12)
4;;5530;1;P1_21_78;P1 21.78;NUM;Lieu d'investissement du bien principal finan;P1 21.94;FILLER;ok;0 / 1;RPAD(' ',1)
4;;5531;2;P1_21_94;P1 21.94;ALPHA;Indicateur d'actif liquide de haute qualité (;P1 21.95;FILLER;vazio;;RPAD(' ',2)
4;;5533;1;P1_21_95;P1 21.95;ALPHA;Niveau de l'actif liquide de haute qualité (H;P1 21.79;FILLER;vazio;;RPAD(' ',1)
4;;5534;3;P1_21_79;P1 21.79;ALPHA;Indicateur Titre de Participation;P1 21.80;FILLER;vazio;;RPAD(' ',3)
4;;5537;10;P1_21_80;P1 21.80;ALPHA;Classification comptable de l'élément couvert;P1 21.81;FILLER;ok; +00000000 /  +00131562;RPAD(' ',10)
4;;5547;10;P1_21_81;P1 21.81;NUM;DSCR (ratio de couverture des charges d'empru;P1 21.82;FILLER;incoerente;0+00000000 / 7+10002261;RPAD(' ',10)
4;;5557;15;P1_21_82;P1 21.82;NUM;DSCR (ratio de couverture des charges d'empru;P1 21.83;FILLER;ok;0              ;RPAD(' ',15)
4;;5572;15;P1_21_83;P1 21.83;NUM;Ratio de couverture des intérêts (ICR) revalo;P1 21.84;FILLER;vazio;;RPAD(' ',15)
4;;5587;15;P1_21_84;P1 21.84;NUM;Ratio prêts-coûts (LTC) à l'octroi;P1 21.85;FILLER;vazio;;RPAD(' ',15)
4;109;5602;1;P1_21_85;P1 21.85;NUM;Taux de précommercialisation / prélocation à ;P1 21.86;BAIXA;vazio;;RPAD(NVL(C_ENR.CD_TYPE_BIEN_COMM,' '),1)
4;110;5603;1;P1_21_86;P1 21.86;ALPHA;Type de bien commercial;P1 21.87;BAIXA;ok;2 / 3;RPAD(NVL(C_ENR.CD_EMPLACE_BIEN_COMM,' '),1)
4;111;5604;1;P1_21_87;P1 21.87;ALPHA;Emplacement du bien immobilier commercial;P1 21.88;BAIXA;ok;2;RPAD(NVL(C_ENR.IND_OPE_AVEC_RECOURS,' '),1)
4;;5605;19;P1_21_88;P1 21.88;ALPHA;Indicateur d'opération avec recours;P1 21.91;FILLER;ok;N                   / Y                  ;RPAD(' ',19)
4;;5624;3;P1_21_91;P1 21.91;NUM;Montant des variations cumulées de la juste v;P1 21.92;FILLER;vazio;;RPAD(' ',3)
4;;5627;5;P1_21_92;P1 21.92;ALPHA;Devise du montant des variations cumulées de ;P1 21.93;FILLER;vazio;;RPAD(' ',5)
4;;5632;20;P1_21_93;P1 21.93;ALPHA;Numéro du dernier billet financier apériodiqu;P1 31.51;FILLER;vazio;;RPAD(' ',20)
4;;5652;19;P1_31_51;P1 31.51;ALPHA;Identifiant du contrat maître en responsabili;P1 31.52;FILLER;vazio;;RPAD(' ',19)
4;;5671;3;P1_31_52;P1 31.52;NUM;Montant en responsabilité solidaire;P1 31.53;FILLER;vazio;;RPAD(' ',3)
4;112;5674;24;P1_31_53;P1 31.53;ALPHA;Devise du montant en responsabilité solidaire;;BAIXA;vazio;;LPAD(' ', 24)
5;1;0;8;P1_H_0_1;0.1 (P1);DATE;Date d'arrêté;;MEDIA;ok;20250630;RPAD(TO_CHAR(C_ENR.DT_ARRETE,'YYYYMMDD'),8,' ')
5;2;8;5;P1_H_0_2;0.2 (P1);ALPHA;Entité Porteuse de Risques;;MEDIA;ok;00357 / 00370;RPAD(TO_CHAR(C_ENR.CD_CONSO_CPT),5,' ')
5;3;13;12;P1_H_0_3;0.3 (P1);ALPHA;Application source;;MEDIA;ok;C_BTR       ;RPAD('C_DDR',12,' ')
5;4;25;1;P1_H_0_4;0.4 (P1);ALPHA;Fréquence de transmission;;MEDIA;ok;M;'M'
5;5;26;12;P1_H_0_5;0.5 (P1);ALPHA;Date et Heure de traitement;;MEDIA;ok;202608241214;:MASYSDATE
5;6;38;2;P1_H_0_6;0.6 (P1);ALPHA;Type d'enregistrement;;MEDIA;ok;P1;'P1'
5;;40;1;P1_H_0_7;0.7 (P1);ALPHA;Nature de flux (Zone réservée DRG);;FILLER;vazio;;RPAD(' ',1)
5;;41;2;P1_H_0_8;0.8 (P1);ALPHA;Centre de Responsabilité Comptable (Zone rése;;FILLER;vazio;;RPAD(' ',2)
5;;43;7;P1_H_0_9;0.9 (P1);ALPHA;Unité d'exploitation (Zone réservée CACIB);;FILLER;vazio;;RPAD(' ',7)
5;7;50;20;P1_H_1_1;1.1 (P1);ALPHA;Identifiant local du tiers en risque;;MEDIA;ok;EN1001720            / EN100438            ;RPAD(NVL(C_ENR.ID_TIERS_CALC,' '),20,' ')
5;;70;10;P1_H_1_2;1.2 (P1);ALPHA;Identifiant central du tiers en risque;;FILLER;vazio;;RPAD(' ', 10)
5;8;80;30;P1_H_1_4;1.4 (P1);ALPHA;Référence de l'Autorisation Mise En Place;;MEDIA;ok;F1-*0019                       / F1200622-M0                   ;RPAD(NVL(C_ENR.ID_AUTORISATION,' '),30,' ')
5;9;110;30;P1_H_1_6;1.6 (P1);ALPHA;Référence de la ligne de détail de l'Autorisa;;MEDIA;ok;F2-*0019                       / F2200622-M0                   ;RPAD(NVL(C_ENR.ID_LIGNE_DET,' '),30,' ')
5;;140;40;P1_H_1_8;1.8 (P1);ALPHA;Identifiant de la sûreté reçue;;FILLER;vazio;;RPAD(' ',40)
5;10;180;40;P1_H_1_11;1.11 (P1);ALPHA;Identifiant de l'engagement;;MEDIA;ok;200622VM0_C                              / 202878FN0_C                             ;RPAD(NVL(C_ENR.ID_ENGAGEMENT,' '),40,' ')
5;;220;40;P1_H_1_16;1.16 (P1);ALPHA;Référence de la provision sur tiers;;FILLER;vazio;;RPAD(' ',40)
5;;260;20;P1_H_1_99;1.99 (P1);ALPHA;Filler;;FILLER;vazio;;RPAD(' ',20)
5;11;280;7;P1_1_1;P1 1.1;ALPHA;Méthodologie Bâloise;;MEDIA;ok;STD    ;RPAD(NVL(C_ENR.CD_METHODO_BALE2,' '),7,' ')
5;12;287;2;P1_1_2;P1 1.2;ALPHA;Traitement moteur bâlois;;MEDIA;ok;07;RPAD(NVL(C_ENR.CODE_TRAIT_MOTEUR,' '),2,' ')
5;13;289;1;P1_4_34;P1 4.34;ALPHA;Traitement GRR;;MEDIA;ok;Y;RPAD(NVL(C_ENR.CODE_TRAIT_GRR,' '),1,' ')
5;14;290;6;P1_2_0;P1 2.0;ALPHA;Type de risque;;MEDIA;ok;TRE401 / TRE501;RPAD(NVL(C_ENR.CD_TYPE_RISQUE,' '),6,' ')
5;15;296;1;P1_2_4;P1 2.4;ALPHA;Portefeuille de booking Intention de Gestion;;MEDIA;ok;B;RPAD(NVL(C_ENR.CD_PORTEFEUILLE_BOOKING,' '),1,' ')
5;16;297;5;P1_2_6;P1 2.6;ALPHA;Ligne Métier;;MEDIA;ok;MLE00;RPAD(NVL(C_ENR.CD_LIGNE_METIER,' '),5,' ')
5;17;302;3;P1_2_18;P1 2.18;ALPHA;Portefeuille Bâle Opération;;MEDIA;ok;061 / 900;RPAD(NVL(C_ENR.CD_PORTEFEUILLE_BALE2,' '),3,' ')
5;18;305;12;P1_2_29;P1 2.29;ALPHA;NATure d'Opération de l'engagement;;MEDIA;ok;NA011        / NA021       ;RPAD(NVL(C_ENR.CD_NATURE_OPE,' '),12,' ')
5;19;317;8;P1_3_2;P1 3.2;DATE;Date de début de l'engagement;;MEDIA;ok;20081203 / 20120130;RPAD(NVL(TO_CHAR(C_ENR.DT_DEBUT_ENG,'YYYYMMDD'),' '),8,' ')
5;20;325;8;P1_3_4;P1 3.4;DATE;Date de fin de l'engagement;;MEDIA;ok;20250630 / 20250714;RPAD(NVL(TO_CHAR(C_ENR.DT_FIN_ENG,'YYYYMMDD'),' '),8,' ')
5;;333;1;P1_16_6;P1 16.6;NUM;Pondération Bâloise de l'engagement (%);;FILLER;vazio;;RPAD(' ',1)
5;;334;4;P1_16_6;P1 16.6;NUM;Pondération Bâloise de l'engagement (%);;FILLER;vazio;;RPAD(' ',4)
5;;338;5;P1_16_6;P1 16.6;NUM;Pondération Bâloise de l'engagement (%);;FILLER;vazio;;RPAD(' ',5)
5;;343;1;P1_18_1;P1 18.1;NUM;Loss Given Default (LGD);;FILLER;incoerente;+;RPAD(' ',1)
5;;344;4;P1_18_1;P1 18.1;NUM;Loss Given Default (LGD);;FILLER;ok;0000;RPAD(' ',4)
5;;348;5;P1_18_1;P1 18.1;NUM;Loss Given Default (LGD);;FILLER;ok;00000;RPAD(' ',5)
5;;353;1;P1_18_10;P1 18.10;NUM;Crédit Conversion Factor (CCF);;FILLER;incoerente;+;RPAD(' ',1)
5;;354;4;P1_18_10;P1 18.10;NUM;Crédit Conversion Factor (CCF);;FILLER;ok;0000;RPAD(' ',4)
5;;358;5;P1_18_10;P1 18.10;NUM;Crédit Conversion Factor (CCF);;FILLER;ok;00000;RPAD(' ',5)
5;;363;1;P1_18_5;P1 18.5;NUM;Montant de l'Exposition en cas de Défaut (EAD;;FILLER;incoerente;+;RPAD(' ',1)
5;;364;16;P1_18_5;P1 18.5;NUM;Montant de l'Exposition en cas de Défaut (EAD;;FILLER;ok;0000000000000000;RPAD(' ',16)
5;;380;2;P1_18_5;P1 18.5;NUM;Montant de l'Exposition en cas de Défaut (EAD;;FILLER;ok;00;RPAD(' ',2)
5;21;382;3;P1_18_17;P1 18.17;ALPHA;Devise du montant de l'Exposition en cas de D;;MEDIA;ok;EUR;RPAD(NVL(C_ENR.DEVISE_EAD,' '),3,' ')
5;22;385;3;P1_18_18;P1 18.18;ALPHA;Devise d'origine du contrat;;MEDIA;ok;EUR;RPAD(NVL(C_ENR.CD_DEVISE_ORIGINE,' '),3,' ')
5;;388;50;P1_3_98;P1 3.98;ALPHA;Zone réservée locale;;FILLER;vazio;;RPAD(' ',50)
5;23;438;2;P1_21_1;P1 21.1;ALPHA;Indicateur Type de Restructuration;;MEDIA;vazio;;RPAD(NVL(C_ENR.TOP_RESTRUCTURATION,' '),2,' ')
5;24;440;8;P1_21_2;P1 21.2;DATE;Date de Restructuration;;MEDIA;ok;20170131 / 20200508;(CASE WHEN NVL(C_ENR.TOP_RESTRUCTURATION,' ') = 'O' THEN RPAD(TO_CHAR(
5;25;448;1;P1_5_5;P1 5.5;ALPHA;Indicateur Arriéré de paiement;;MEDIA;ok;N;NVL(C_ENR.CD_ARR_PAIEMENT,'N')
5;26;449;1;P1_4_1;P1 4.1;ALPHA;Indicateur Impayé prudentiel;;MEDIA;ok;N / Y;RPAD(NVL(C_ENR.CD_IMP_PRUDENT,' '),1,' ')
5;27;450;1;P1_5_2;P1 5.2;ALPHA;Indicateur Engagement en défaut;P1 5.2;ALTA;ok;N / Y;RPAD(NVL(C_ENR.TOP_ENG_DOUTEUX,' '),1,' ')
5;28;451;8;P1_5_3;P1 5.3;DATE;Date de passage en engagement en défaut;P1 5.3;ALTA;ok;20240715 / 20241203;(CASE WHEN NVL(C_ENR.TOP_ENG_DOUTEUX,' ') = 'Y' THEN RPAD(TO_CHAR(C_EN
5;;459;1;P1_4_2;P1 4.2;NUM;Montant du solde de compte;;FILLER;vazio;;RPAD(' ',1)
5;;460;16;P1_4_2;P1 4.2;NUM;Montant du solde de compte;;FILLER;vazio;;RPAD(' ',16)
5;;476;2;P1_4_2;P1 4.2;NUM;Montant du solde de compte;P1 4.2;FILLER;vazio;;RPAD(' ',2)
5;;478;3;P1_4_3;P1 4.3;ALPHA;Devise du montant du solde de compte;P1 4.3;FILLER;ok;EUR;RPAD(' ',3)
5;29;481;19;P1_4_4;P1 4.4;NUM;Montant du découvert;P1 4.4;ALTA;vazio;;(CASE WHEN C_ENR.CD_TYPE_RISQUE = 'TRE201' AND nvl(C_ENR.MNT_SOLDE,0) 
5;30;500;3;P1_4_5;P1 4.5;ALPHA;Devise du montant du découvert;;MEDIA;vazio;;RPAD(NVL(C_ENR.CD_DEVISE_MNT_DECOUVERT, ' '),3,' ')
5;31;503;19;P1_4_9;P1 4.9;NUM;Montant du capital restant dû;P1 4.9;ALTA;ok;+000000000000000000 / +000000000000001500;pack_utilitaire.f_format_montant_bis2(nvl((C_ENR.MNT_CRD),0))
5;32;522;3;P1_4_13;P1 4.13;ALPHA;Devise du montant du capital restant dû;P1 4.13;ALTA;ok;EUR;NVL(C_ENR.CD_DEVISE_CRD,'EUR')
5;33;525;19;P1_4_14;P1 4.14;NUM;Montant des loyers;;MEDIA;ok;+000000000000000100 / +000000000000005814;pack_utilitaire.f_format_montant_bis3(C_ENR.MNT_LOYER)
5;34;544;3;P1_4_15;P1 4.15;ALPHA;Devise d'origine des loyers;;MEDIA;ok;EUR;RPAD(NVL(C_ENR.CD_DEVISE_CRD, ' '), 3,' ')
5;;547;1;P1_4_16;P1 4.16;NUM;Montant du nominal de l'engagement;;FILLER;vazio;;RPAD(' ',1)
5;;548;16;P1_4_16;P1 4.16;NUM;Montant du nominal de l'engagement;;FILLER;vazio;;RPAD(' ',16)
5;;564;2;P1_4_16;P1 4.16;NUM;Montant du nominal de l'engagement;;FILLER;vazio;;RPAD(' ',2)
5;;566;3;P1_4_17;P1 4.17;ALPHA;Devise du nominal de l'engagement;;FILLER;vazio;;RPAD(' ',3)
5;35;569;12;P1_4_18;P1 4.18;ALPHA;Zone libre (Ex PCCO du montant demandé);;MEDIA;ok;A5171100     / A5231100    ;RPAD(NVL(C_ENR.PCCO_MNT_CRD,' '),12,' ')
5;36;581;19;P1_4_6;P1 4.6;NUM;Montant des intérêts restant dus;;MEDIA;ok;+000000000000000000;(CASE WHEN C_ENR.CD_TYPE_RISQUE <> 'TRE201' THEN pack_utilitaire.f_for
5;37;600;3;P1_4_7;P1 4.7;ALPHA;Devise du montant des intérêts restant dus;P1 4.7;ALTA;ok;EUR;( CASE WHEN C_ENR.CD_TYPE_RISQUE <> 'TRE201' THEN NVL(C_ENR.CD_DEVISE_
5;38;603;12;P1_4_19;P1 4.19;ALPHA;Zone libre (Ex PCCO – des intérêts restant du;;MEDIA;ok;A5177100     / A5237100    ;RPAD(NVL(C_ENR.PCCO_INT_RD,' '),12,' ')
5;;615;1;P1_4_20;P1 4.20;NUM;Taux facial du prêt fixe;;FILLER;vazio;;RPAD(' ',1)
5;;616;4;P1_4_20;P1 4.20;NUM;Taux facial du prêt fixe;;FILLER;vazio;;RPAD(' ',4)
5;;620;5;P1_4_20;P1 4.20;NUM;Taux facial du prêt fixe;;FILLER;vazio;;RPAD(' ',5)
5;;625;1;P1_4_21;P1 4.21;NUM;Montant de la décote sur actif déprécié à l'a;;FILLER;incoerente;+;RPAD(' ',1)
5;;626;16;P1_4_21;P1 4.21;NUM;Montant de la décote sur actif déprécié à l'a;;FILLER;ok;0000000000000000 / 0000000000000001;RPAD(' ',16)
5;;642;2;P1_4_21;P1 4.21;NUM;Montant de la décote sur actif déprécié à l'a;;FILLER;ok;00 / 45;RPAD(' ',2)
5;;644;3;P1_4_22;P1 4.22;ALPHA;Devise du montant de la décote sur actif dépr;;FILLER;ok;EUR;RPAD(' ',3)
5;;647;2;P1_4_23;P1 4.23;ALPHA;Circuit de distribution;;FILLER;ok;CL;RPAD(' ',2)
5;;649;61;P1_5_6;P1 5.6;ALPHA;Indicateur 'Prêt Revolving Roll-over';;FILLER;vazio;;RPAD(' ',61)
5;;710;1;P1_3_46;P1 3.46;ALPHA;Usage du bien immobilier apporté en garantie;;FILLER;ok;0 / 2;RPAD(' ',1)
5;;711;1;P1_3_47;P1 3.47;ALPHA;Respect des conditions réglementaires;;FILLER;ok;Y;RPAD(' ',1)
5;;712;69;P1_3_40;P1 3.40;NUM;Valeur de marché du bien immobilier loué à la;;FILLER;incoerente;                                              1+000000000000000015EUR /                                               1+000000000000000091EUR;RPAD(' ',69)
5;39;781;3;P1_19_5;P1 19.5;ALPHA;Classification comptable de référence des act;;MEDIA;ok;CAM;RPAD(nvl(C_ENR.cla_comp_ref_act,' '),3)
5;;784;34;P1_3_56;P1 3.56;ALPHA;Zone libre (Ex PCCO – Valeur du titre en norm;;FILLER;vazio;;RPAD(' ', 34)
5;40;818;19;P1_3_52;P1 3.52;NUM;Montant du Mark-to-Market (MtM);;MEDIA;vazio;;pack_utilitaire.f_format_montant_bis2(nvl(C_ENR.MNT_MTM, 0))
5;41;837;3;P1_3_53;P1 3.53;ALPHA;Devise du montant du Mark-to-Market (MtM);;MEDIA;vazio;;RPAD(nvl(C_ENR.CD_DEV_MNT_MTM,'EUR'),3, ' ')
5;;840;66;P1_3_54;P1 3.54;NUM;Montant du coût amorti;;FILLER;vazio;;RPAD(' ', 66)
5;;906;1;P1_3_61;P1 3.61;ALPHA;Traitement prudentiel des titres et créances ;;FILLER;vazio;;RPAD(' ',1)
5;;907;62;P1_3_99;P1 3.99;ALPHA;Filler;;FILLER;vazio;;RPAD(' ', 62)
5;42;969;20;P1_2_99;P1 2.99;ALPHA;Code méthode IFRS9 - PD à l'origine;P1 2.99;ALTA;ok;LC_MIG_D+            / PME_MIG_C-          ;RPAD(NVL(C_ENR.CD_METH_IFRS9_PD_ORIG,' '), 20)
5;;989;321;P1_3_80;P1 3.80;NUM;Montant du Mark-to-Market (MtM) brut;;FILLER;vazio;;RPAD(' ',321)
5;;1310;33;P1_16_3;P1 16.3;ALPHA;Séniorité de la tranche dans le véhicule;;FILLER;vazio;;RPAD(' ',33)
5;;1343;1;P1_16_20;P1 16.20;ALPHA;Indicateur titrisation STS;;FILLER;vazio;;RPAD(' ',1)
5;;1344;1;P1_16_21;P1 16.21;ALPHA;Eligibilité au traitement différentiel;;FILLER;vazio;;RPAD(' ',1)
5;;1345;1;P1_16_22;P1 16.22;ALPHA;Position sénior en titrisation des PME;;FILLER;vazio;;RPAD(' ',1)
5;;1346;2;P1_16_23;P1 16.23;ALPHA;Motif titrisation ERBA;;FILLER;vazio;;RPAD(' ',2)
5;;1348;3;P1_16_99;P1 16.99;ALPHA;Filler;;FILLER;vazio;;RPAD(' ',3)
5;43;1351;1;P1_4_31;P1 4.31;ALPHA;Indicateur Produit à sous-jacent;P1 4.31;ALTA;ok;N;RPAD(NVL(C_ENR.IND_PROD_SS_JACENT,' '), 1,' ')
5;;1352;38;P1_4_32;P1 4.32;ALPHA;Indicateur de granularité;;FILLER;vazio;;RPAD(' ',38)
5;;1390;1;P1_4_49;P1 4.49;ALPHA;Indicateur d'engagement de valeur minimale su;;FILLER;vazio;;RPAD(' ',1)
5;;1391;4;P1_4_99;P1 4.99;ALPHA;Filler;;FILLER;vazio;;RPAD(' ',4)
5;;1395;24;P1_4_45;P1 4.45;ALPHA;NATure d'Opération des intérêts dus / coupons;;FILLER;vazio;;RPAD(' ',24)
5;44;1419;2;P1_3_20;P1 3.20;NUM;Maturité résiduelle;;MEDIA;ok;00 / 01;LPAD(ABS(TRUNC(NVL(C_ENR.MATURITE_EFF,0))),2,'0')
5;45;1421;4;P1_3_20;P1 3.20;NUM;Maturité résiduelle;;MEDIA;ok;0000 / 0027;LPAD(ABS(MOD(NVL(C_ENR.MATURITE_EFF,0) *10000,10000)),4,'0')
5;46;1425;1;P1_4_8;P1 4.8;ALPHA;Indicateur bilan hors bilan;;MEDIA;ok;B;RPAD(NVL(C_ENR.TOP_ENG,' '),1,' ')
5;;1426;3;P1_12_16;P1 12.16;ALPHA;Code séniorité;;FILLER;vazio;;RPAD(' ', 3)
5;;1429;2;P1_3_75;P1 3.75;ALPHA;Instrument financier;;FILLER;vazio;;RPAD(' ', 2)
5;47;1431;6;P1_4_42;P1 4.42;ALPHA;Type de produit bancaire;;MEDIA;ok;CRED03 / CRED10;RPAD(NVL(C_ENR.CD_TYPE_PROD_BANCAIRE,' '),6,' ')
5;48;1437;8;P1_3_3;P1 3.3;DATE;Date de valeur de prise d'effet du contrat;;MEDIA;ok;20250630;RPAD(nvl(TO_CHAR(C_ENR.DT_ARRETE, 'YYYYMMDD'),' '),8)
5;;1445;7;P1_4_43;P1 4.43;ALPHA;Segment de notation du groupe de risque;;FILLER;vazio;;RPAD(' ', 7)
5;49;1452;8;P1_4_47;P1 4.47;DATE;Date de mise à disposition des fonds;;MEDIA;ok;20081203 / 20120130;RPAD(NVL(TO_CHAR(C_ENR.DT_DISPO_FONDS,'YYYYMMDD'), ' '),8,' ')
5;;1460;1;P1_5_99;P1 5.99;ALPHA;Filler;;FILLER;vazio;;RPAD(' ', 1)
5;;1461;104;P1_3_62;P1 3.62;ALPHA;Identifiant local du tiers Garant des titres ;;FILLER;vazio;;RPAD(' ', 104)
5;50;1565;10;P1_4_30;P1 4.30;NUM;Expected Loss Best Estimate (en %);;MEDIA;vazio;;pack_utilitaire.f_format_taux(C_ENR.TX_ELBE)
5;;1575;20;P1_7_99;P1 7.99;ALPHA;Filler;;FILLER;vazio;;RPAD(' ', 20)
5;51;1595;1;P1_4_29;P1 4.29;ALPHA;Indicateur créance titrisée;;MEDIA;ok;N;RPAD(NVL(C_ENR.IND_CREANCE_TITRI,' '),1,' ')
5;;1596;3;P1_4_40;P1 4.40;ALPHA;Identifiant du Fonds Commun de Titrisation (S;;FILLER;vazio;;RPAD(' ',3)
5;;1599;1;P1_4_41;P1 4.41;ALPHA;Mode de Titrisation;;FILLER;vazio;;RPAD(' ',1)
5;;1600;1;P1_4_48;P1 4.48;ALPHA;Indicateur créance titrisée SRT;;FILLER;vazio;;RPAD(' ',1)
5;;1601;45;P1_4_98;P1 4.98;ALPHA;Zone réservée TRUE SALE;;FILLER;vazio;;RPAD(' ',45)
5;;1646;10;P1_8_99;P1 8.99;ALPHA;Filler;;FILLER;vazio;;RPAD(' ',10)
5;;1656;501;P1_4_38;P1 4.38;ALPHA;Indicateur autonomie patrimoniale de l'actif ;;FILLER;vazio;;RPAD(' ',501)
5;52;2157;1;P1_21_3;P1 21.3;ALPHA;Evénement de crédit;;MEDIA;ok;1 / 2;RPAD(nvl(C_ENR.EVENMT_CRDT, ' '), 1)
5;53;2158;1;P1_21_4;P1 21.4;ALPHA;Nature Contextuelle au moment de l'évènement ;;MEDIA;ok;1 / 5;RPAD(nvl(C_ENR.NAT_CONT_EVENMT_CRDT, ' '), 1)
5;54;2159;1;P1_21_5;P1 21.5;ALPHA;Statut du crédit au sens de la Forbearance;;MEDIA;ok;4;RPAD(nvl(C_ENR.STA_CRDT, ' '), 1)
5;55;2160;2;P1_21_6;P1 21.6;ALPHA;Indicateur créance performante;;MEDIA;ok;NP / PE;RPAD(NVL(C_ENR.IND_CRE_PERF,' '),2)
5;56;2162;8;P1_21_7;P1 21.7;DATE;Date de première action de forbearance;;MEDIA;vazio;;RPAD (NVL(TO_CHAR(C_ENR.DATE_PREM_ACT_FORB, 'YYYYMMDD'), ' '), 8)
5;57;2170;8;P1_21_8;P1 21.8;DATE;Date de dernière restructuration commerciale;;MEDIA;ok;20170131 / 20200508;RPAD(NVL(TO_CHAR(C_ENR.DATE_DER_REST_COMM, 'YYYYMMDD'), ' '), 8)
5;58;2178;8;P1_21_9;P1 21.9;DATE;Date de la dernière restructuration pour risq;;MEDIA;ok;20240831;RPAD(NVL(TO_CHAR(C_ENR.DATE_DER_REST_RSQ, 'YYYYMMDD'), ' '), 8)
5;59;2186;8;P1_21_10;P1 21.10;DATE;Date d'entrée de la créance en période d'obse;;MEDIA;vazio;;CASE WHEN C_ENR.STA_CRDT NOT IN ('1') THEN RPAD(' ',8) ELSE RPAD(NVL(T
5;60;2194;8;P1_21_11;P1 21.11;DATE;Date de sortie de la créance de la période d';;MEDIA;vazio;;CASE WHEN C_ENR.STA_CRDT NOT IN ('1') THEN RPAD(' ',8) ELSE RPAD(NVL(T
5;61;2202;8;P1_21_12;P1 21.12;DATE;Date d'entrée de la créance en période probat;;MEDIA;ok;20240831;CASE WHEN C_ENR.STA_CRDT NOT IN ('2') THEN RPAD(' ',8) ELSE RPAD(NVL(T
5;62;2210;8;P1_21_13;P1 21.13;DATE;Date de sortie de la créance de la période pr;;MEDIA;ok;20260831;CASE WHEN C_ENR.STA_CRDT NOT IN ('2') THEN RPAD(' ',8) ELSE RPAD(NVL(T
5;63;2218;8;P1_21_14;P1 21.14;DATE;Date théorique de fin de situation forborne;;MEDIA;vazio;;CASE WHEN C_ENR.STA_CRDT NOT IN ('1','2') THEN RPAD(' ',8) ELSE RPAD(N
5;64;2226;8;P1_21_15;P1 21.15;DATE;Date de sortie effective de situation forborn;;MEDIA;ok;20250228;CASE WHEN C_ENR.STA_CRDT NOT IN ('1','2') THEN RPAD(' ',8) ELSE RPAD(N
5;65;2234;8;P1_21_16;P1 21.16;DATE;Date de début de l'état de performance de la ;;MEDIA;ok;20081203 / 20120130;RPAD(NVL(TO_CHAR(C_ENR.DT_PL_NPL,'YYYYMMDD'), ' '),8,' ')
5;66;2242;2;P1_21_17;P1 21.17;ALPHA;Zone libre (ex Motif de l'état de performance;;MEDIA;vazio;;RPAD(NVL(C_ENR.CD_MOTIF_PL_NPL, ' '), 2, ' ')
5;;2244;2;P1_21_18;P1 21.18;NUM;Nombre de restructuration pour risque;;FILLER;vazio;;RPAD(' ', 2)
5;;2246;2;P1_21_19;P1 21.19;ALPHA;Méthode de restructuration;;FILLER;vazio;;RPAD(' ', 2)
5;;2248;2;P1_21_99;P1 21.99;ALPHA;Filler;;FILLER;vazio;;RPAD(' ', 2)
5;67;2250;3;P1_22_56;P1 22.56;ALPHA;Indicateur produit échéancé;;MEDIA;ok;ECH;RPAD(NVL(C_ENR.IND_PROD_ECH,' '),3)
5;68;2253;1;P1_22_57;P1 22.57;ALPHA;Indicateur objet métier palier fourni;;MEDIA;ok;N;RPAD(NVL(C_ENR.IND_OBJ_MET_PAL,' '),1)
5;69;2254;40;P1_22_1;P1 22.1;ALPHA;Référence unique du contrat;;MEDIA;ok;200622VM0                                / 202878FN0                               ;RPAD(NVL(C_ENR.REF_UNIQ_CONT, ' '),40,' ')
5;70;2294;40;P1_22_51;P1 22.51;ALPHA;Référence Unique de l'élément du contrat;;MEDIA;ok;200622VM0                                / 202878FN0                               ;RPAD(NVL(C_ENR.REF_UNIQ_ELEM_CONT,' '),40)
5;;2334;45;P1_22_2;P1 22.2;ALPHA;Indicateur niveau de risque;;FILLER;vazio;;RPAD(' ',45)
5;71;2379;2;P1_22_5;P1 22.5;ALPHA;Note finale retenue à l'origine;;MEDIA;ok;A  / A+;RPAD('ND',2)
5;72;2381;10;P1_22_52;P1 22.52;ALPHA;Note externe à l'origine;;MEDIA;vazio;;RPAD(NVL(C_ENR.NOTE_EXT_ORI,' '),10)
5;73;2391;2;P1_22_6;P1 22.6;ALPHA;Organisme de notation à l'origine;;MEDIA;ok;I ;RPAD(nvl(C_ENR.ORGA_NOTATION_ORIG,' '),2,' ')
5;74;2393;2;P1_22_53;P1 22.53;ALPHA;Segment de notation à l'origine;;MEDIA;ok;02 / 03;RPAD(NVL(C_ENR.SEG_NOT_ORI,' '),2)
5;75;2395;46;P1_22_54;P1 22.54;ALPHA;Grille Modèle de notation à l'origine;;MEDIA;ok;044102011071320130114FR                        / 044102011071320150930FR                       ;CASE WHEN C_ENR.GRI_MOD_NOT_ORI IS NULL THEN RPAD(' ',46) ELSE RPAD(nv
5;76;2441;3;P1_22_55;P1 22.55;ALPHA;Méthodologie de notation à l'origine;;MEDIA;ok;999 / C1 ;RPAD(upper(NVL(C_ENR.METH_NOT_ORI,' ')),3)
5;77;2444;2;P1_22_7;P1 22.7;ALPHA;Objet du financement;;MEDIA;ok;04 / 97;RPAD('97',2)
5;78;2446;19;P1_22_8;P1 22.8;NUM;Montant du contrat à l'origine;P1 22.8;ALTA;ok;+000000000000000000 / +000000000000040419;pack_utilitaire.F_FORMAT_MONTANT_BIS2(C_ENR.MNT_CONTRAT_ORIGINE)
5;79;2465;3;P1_22_9;P1 22.9;ALPHA;Devise du montant du contrat à l'origine;P1 22.9;ALTA;ok;EUR;RPAD(nvl(C_ENR.DEV_MNT_CONTRAT_ORIGINE, 'EUR'), 3)
5;80;2468;1;P1_22_12;P1 22.12;ALPHA;Indicateur échéancier fourni;;MEDIA;ok;N;RPAD(NVL(C_ENR.IND_ECH_FOUR,' '),1)
5;81;2469;10;P1_22_13;P1 22.13;NUM;Taux d'intérêt effectif (TIE) à l'origine;;MEDIA;ok;+000000000 / +000028000;pack_utilitaire.F_FORMAT_TAUX(C_ENR.TAUX_INT_EFF_ORI)
5;82;2479;1;P1_22_14;P1 22.14;ALPHA;Type de taux;;MEDIA;ok;F / V;RPAD(NVL(C_ENR.TYPE_TAUX,' '),1)
5;83;2480;12;P1_22_15;P1 22.15;ALPHA;Indice de référence;;MEDIA;ok;EUEI3M      ;RPAD(NVL(C_ENR.IND_REF,' '),12)
5;84;2492;1;P1_22_16;P1 22.16;ALPHA;Type d'amortissement du capital;;MEDIA;ok;L;RPAD(NVL(C_ENR.TYPE_AMOR_CAP,' '),1)
5;85;2493;1;P1_22_17;P1 22.17;ALPHA;Fréquence d'amortissement du capital;;MEDIA;ok;M;RPAD(NVL(C_ENR.PRD_AMOR_CAP,' '),1)
5;86;2494;1;P1_22_18;P1 22.18;ALPHA;Fréquence de paiement des intérêts;;MEDIA;ok;M;RPAD(NVL(C_ENR.PRD_PMT_INT,' '),1)
5;87;2495;10;P1_22_19;P1 22.19;NUM;Taux client à l'octroi;;MEDIA;ok;+000000000 / +000028000;pack_utilitaire.F_FORMAT_TAUX(C_ENR.TAUX_CLT_OCT)
5;88;2505;1;P1_22_20;P1 22.20;ALPHA;Modalité de remboursement de la créance;;MEDIA;ok;1;RPAD(NVL(C_ENR.MOD_REMB_CRE,' '),1)
5;89;2506;8;P1_22_21;P1 22.21;DATE;Date de première échéance;;MEDIA;ok;20081203 / 20120130;RPAD(NVL(TO_CHAR(C_ENR.DATE_PREM_ECH, 'YYYYMMDD'), ' '), 8)
5;90;2514;8;P1_22_22;P1 22.22;DATE;Date de fin du différé d'amortissement;;MEDIA;vazio;;RPAD(NVL(TO_CHAR(C_ENR.DATE_FIN_DIFF_AMOR, 'YYYYMMDD'), ' '), 8)
5;91;2522;10;P1_22_23;P1 22.23;NUM;Taux plafond;;MEDIA;ok;+000000000;pack_utilitaire.F_FORMAT_TAUX(C_ENR.TAUX_PLAFOND)
5;92;2532;10;P1_22_24;P1 22.24;NUM;Taux plancher;;MEDIA;ok;+000000000;pack_utilitaire.F_FORMAT_TAUX(C_ENR.TAUX_PLANCHER)
5;93;2542;1;P1_22_25;P1 22.25;ALPHA;Fréquence de révision du taux;;MEDIA;ok;M;RPAD(NVL(C_ENR.PRD_REV_TAUX_UNIT_TMP,' '),1)
5;94;2543;3;P1_22_26;P1 22.26;NUM;Périodicité de révision du taux en nombre;;MEDIA;ok;000 / 001;LPAD(nvl((C_ENR.PRD_REV_TAUX_NBR),0),3,0)
5;95;2546;10;P1_22_27;P1 22.27;NUM;Taux client de la période en cours;;MEDIA;ok;+000000000 / +000028000;pack_utilitaire.F_FORMAT_TAUX(C_ENR.TAUX_CLT_PRD_EN_CRS)
5;96;2556;10;P1_22_28;P1 22.28;NUM;Taux de marge additive;;MEDIA;ok;+000000000 / +000105000;pack_utilitaire.F_FORMAT_TAUX(C_ENR.TAUX_MRG_ADD)
5;97;2566;10;P1_22_29;P1 22.29;NUM;Taux de marge multiplicative;;MEDIA;ok;+000000000;pack_utilitaire.F_FORMAT_TAUX(C_ENR.TAUX_MRG_MULT)
5;98;2576;7;P1_22_30;P1 22.30;ALPHA;Base de calcul des intérêts;;MEDIA;ok;EXA-360 / EXB-EXB;RPAD(NVL(C_ENR.BASE_CAL_INT,' '),7)
5;99;2583;8;P1_22_31;P1 22.31;DATE;Date du premier déblocage de fonds;;MEDIA;ok;20081203 / 20120130;RPAD(NVL(TO_CHAR(C_ENR.DT_PREM_DBLQ_FONDS, 'YYYYMMDD'), ' '), 8)
5;100;2591;19;P1_22_32;P1 22.32;NUM;Montant du premier déblocage de fonds;;MEDIA;ok;+000000000000041631 / +000000000000080816;case when C_ENR.MNT_PREM_DBLQ_FONDS is null then RPAD(' ',19) else pac
5;101;2610;3;P1_22_33;P1 22.33;ALPHA;Devise du montant du premier déblocage de fon;;MEDIA;ok;EUR;RPAD(nvl(C_ENR.DEVISE_PREM_DBLQ_FONDS,'EUR'),3)
5;102;2613;19;P1_22_34;P1 22.34;NUM;Montant du capital théorique restant dû;P1 22.34;ALTA;ok;+000000000000000000 / +000000000000005814;pack_utilitaire.F_FORMAT_MONTANT_BIS2( CASE WHEN C_ENR.CAP_THEO_REST <
5;103;2632;3;P1_22_35;P1 22.35;ALPHA;Devise du montant du capital théorique restan;P1 22.35;ALTA;ok;EUR;RPAD(NVL(C_ENR.DEVI_CAP_THEO_REST,' '),3)
5;104;2635;1;P1_22_36;P1 22.36;ALPHA;Option de remboursement anticipé;P1 22.36;ALTA;ok;3;RPAD('3',1)
5;;2636;8;P1_22_37;P1 22.37;DATE;Date du premier arriéré de paiement;P1 22.37;FILLER;vazio;;RPAD(' ', 8)
5;;2644;8;P1_22_38;P1 22.38;DATE;Date de passage de l'encours en douteux compr;P1 22.38;FILLER;vazio;;RPAD(' ', 8)
5;;2652;19;P1_22_39;P1 22.39;NUM;Montant de l'encours en douteux compromis;P1 22.39;FILLER;vazio;;RPAD(' ', 19)
5;;2671;3;P1_22_40;P1 22.40;ALPHA;Devise du montant de l'encours en douteux com;P1 22.40;FILLER;vazio;;RPAD(' ', 3)
5;;2674;8;P1_22_41;P1 22.41;DATE;Date de déchéance du terme;P1 22.41;FILLER;vazio;;RPAD(' ', 8)
5;;2682;10;P1_22_42;P1 22.42;NUM;Loan-to-value ratio (LTV) local à l'octroi;P1 22.42;FILLER;vazio;;RPAD(' ', 10)
5;;2692;10;P1_22_43;P1 22.43;NUM;Loan-to-value ratio (LTV) local revalorisé;P1 22.43;FILLER;vazio;;RPAD(' ', 10)
5;105;2702;19;P1_22_44;P1 22.44;NUM;Montant à l'acquisition du bien financé;P1 22.44;ALTA;ok;+000000000000000000 / +000000000021146523;pack_utilitaire.f_format_montant_bis2(nvl((C_ENR.MNT_ACQUISITION),0))
5;106;2721;3;P1_22_45;P1 22.45;ALPHA;Devise du montant à l'acquisition du bien fin;P1 22.45;ALTA;ok;EUR;RPAD('EUR', 3)
5;;2724;8;P1_22_46;P1 22.46;DATE;Date de revalorisation du bien;P1 22.46;FILLER;vazio;;RPAD(' ', 8)
5;;2732;19;P1_22_47;P1 22.47;NUM;Montant revalorisé du bien financé;P1 22.47;FILLER;vazio;;RPAD(' ', 19)
5;;2751;3;P1_22_48;P1 22.48;ALPHA;Devise du montant revalorisé du bien financé;P1 22.48;FILLER;vazio;;RPAD(' ', 3)
5;;2754;10;P1_22_49;P1 22.49;NUM;Loan-to-income ratio (LTI) local à l'octroi;P1 22.49;FILLER;vazio;;RPAD(' ', 10)
5;;2764;10;P1_22_50;P1 22.50;NUM;Loan-to-income ratio (LTI) local revalorisé;P1 22.50;FILLER;vazio;;RPAD(' ', 10)
5;107;2774;8;P1_22_58;P1 22.58;DATE;Date de début de palier;P1 22.58;ALTA;ok;20130207 / 20131231;RPAD(NVL(TO_CHAR(C_ENR.DATE_DEB_PALL, 'YYYYMMDD'), ' '), 8)
5;108;2782;8;P1_22_59;P1 22.59;DATE;Date de fin de palier;P1 22.59;ALTA;ok;20250331 / 20250614;RPAD(NVL(TO_CHAR(C_ENR.DATE_FIN_PALL, 'YYYYMMDD'), ' '), 8)
5;109;2790;19;P1_22_60;P1 22.60;NUM;Montant de l'échéance en cours;P1 22.60;ALTA;ok;+000000000000000000 / +000000000000007500;pack_utilitaire.F_FORMAT_MONTANT_NEGATIF_19(C_ENR.MNT_ECH_EN_COURS)
5;110;2809;3;P1_22_61;P1 22.61;ALPHA;Devise du montant de l'échéance en cours;P1 22.61;ALTA;ok;EUR;RPAD(NVL(C_ENR.DEVI_MNT_ECH_EN_COURS,' '),3)
5;111;2812;1;P1_22_62;P1 22.62;ALPHA;Indicateur pré / post fixé;P1 22.62;ALTA;ok;E;RPAD(NVL(C_ENR.IND_PRE_POST_FIX,' '),1)
5;112;2813;8;P1_22_63;P1 22.63;DATE;Date de début de l'engagement renouvelé;P1 22.63;ALTA;ok;20170131 / 20200508;RPAD(NVL(TO_CHAR(C_ENR.DATE_DEB_ENG_RENVL,'YYYYMMDD'),' '), 8)
5;;2821;2;P1_22_64;P1 22.64;ALPHA;Type de prêt habitat;P1 22.64;FILLER;vazio;;RPAD(' ', 2)
5;;2823;10;P1_22_65;P1 22.65;NUM;Taux d'endettement à l'octroi;P1 22.65;FILLER;vazio;;RPAD(' ', 10)
5;113;2833;2;P1_22_66;P1 22.66;ALPHA;Pays de juridiction du contrat;;MEDIA;ok;FR;RPAD(NVL(C_ENR.CD_PAYS_JURIDICTION, ' '), 2, ' ')
5;114;2835;8;P1_22_67;P1 22.67;DATE;Date de signature du contrat initial;;MEDIA;ok;20081203 / 20120130;RPAD(NVL(TO_CHAR(C_ENR.DT_SIGNATURE,'YYYYMMDD'), ' '),8,' ')
5;;2843;2;P1_22_68;P1 22.68;ALPHA;Evénement déclencheur de la garantie;;FILLER;vazio;;RPAD(' ', 2)
5;;2845;1;P1_22_69;P1 22.69;ALPHA;Indicateur Différé carte de paiement;;FILLER;vazio;;RPAD(' ', 1)
5;115;2846;5;P1_22_70;P1 22.70;ALPHA;Nombre de jours de retard de paiement;;MEDIA;ok;00000;LPAD(NVL(to_char(C_ENR.NB_JOURS_RETARD), ' '),5,'0')
5;116;2851;3;P1_22_71;P1 22.71;ALPHA;Motif du passage en engagement en défaut;;MEDIA;ok;060 / 200;CASE WHEN C_ENR.CD_MOTIF_SCO_LC0267 is NULL then RPAD(' ', 3) ELSE LPA
5;117;2854;2;P1_22_72;P1 22.72;ALPHA;Bucket IFRS9;;MEDIA;ok;B1 / B2;RPAD(NVL(C_ENR.BUCKET_IFRS9, ' '), 2, ' ')
5;;2856;10;P1_22_73;P1 22.73;NUM;Probabilité de défaut à l'origine calculée en;P1 22.73;FILLER;vazio;;RPAD(' ', 10)
5;;2866;10;P1_22_74;P1 22.74;NUM;Probabilité de défaut à date calculée en loca;P1 22.74;FILLER;vazio;;RPAD(' ', 10)
5;118;2876;1;P1_23_1;P1 23.1;ALPHA;Eligibilité Outil Mutualisé de provisionnemen;;MEDIA;ok;2 / 4;RPAD(NVL(C_ENR.ELI_OUT_MUT_PROV,' '),1)
5;119;2877;7;P1_23_2;P1 23.2;ALPHA;Centre de résultat;;MEDIA;ok;LEASING;RPAD(NVL(C_ENR.CENTRE_RES,' '),7)
5;120;2884;20;P1_23_3;P1 23.3;ALPHA;Système de gestion source;;MEDIA;ok;KSP                  / LIX                 ;RPAD(NVL(C_ENR.SYS_GEST_SRC,' '),20)
5;121;2904;3;P1_23_4;P1 23.4;ALPHA;Classification comptable des actifs en norme ;;MEDIA;ok;CAM;RPAD(NVL(C_ENR.CLA_COMP_ACT_IFRS9,' '),3)
5;122;2907;3;P1_23_5;P1 23.5;ALPHA;Classification comptable des actifs en norme ;;MEDIA;ok;PRC;RPAD(NVL(C_ENR.CLA_COMP_ACT_NATIONALE,' '),3)
5;123;2910;1;P1_23_6;P1 23.6;ALPHA;Indicateur Actif déprécié dès l'origination;;MEDIA;ok;N;RPAD(NVL(C_ENR.IND_ACT_DEP_ORI,' '),1)
5;124;2911;40;P1_23_7;P1 23.7;ALPHA;Zone libre d'appariement comptable;;MEDIA;ok;A5171100_040_00370_CRBA                  / A5231100_022_00370_CREN                 ;RPAD(NVL(C_ENR.ZONE_APP_COMP,' '),40)
5;;2951;10;P1_23_12;P1 23.12;ALPHA;Zone OMP locale 1;;FILLER;vazio;;RPAD (' ', 10)
5;125;2961;12;P1_23_8;P1 23.8;ALPHA;Code méthode IFRS9 - PD;;MEDIA;vazio;;RPAD (nvl(C_ENR.CD_METH_IFRS9_PD,' '), 12)
5;126;2973;12;P1_23_9;P1 23.9;ALPHA;Code méthode IFRS9 - Loss Given Default (LGD);;MEDIA;ok;DEFAUTLGD    / LGCBI_GAR0  ;RPAD (nvl(C_ENR.CD_METH_IFRS9_LGD,' '), 12)
5;127;2985;12;P1_23_10;P1 23.10;ALPHA;Code méthode IFRS9 - CCF;;MEDIA;ok;CCCALL0010   / CCCALL0020  ;RPAD (nvl(C_ENR.CD_METH_IFRS9_CCF,' '), 12)
5;128;2997;12;P1_23_11;P1 23.11;ALPHA;Code méthode IFRS9 - Taux de remboursement an;;MEDIA;ok;RACBI0001    / RACBM0001   ;RPAD (nvl(C_ENR.CD_METH_IFRS9_TX,' '), 12)
5;;3009;2;P1_23_99;P1 23.99;ALPHA;Filler;;FILLER;vazio;;RPAD (' ', 2)
5;129;3011;1;P1_24_1;P1 24.1;ALPHA;Eligibilité Prudent Valuation;;MEDIA;ok;N;RPAD(NVL(C_ENR.ELIGIB_PRUDENT_VAL,' '),1,' ')
5;;3012;649;P1_24_2;P1 24.2;ALPHA;Motif d'exemption déclaré à l'ajustement à la;;FILLER;vazio;;RPAD(' ', 649)
5;130;3661;1;P1_26_1;P1 26.1;ALPHA;Indicateur mobilisation de l'actif;;MEDIA;ok;1 / 3;RPAD(NVL(C_ENR.IND_MOBIL_ACTIF,' '),1,' ')
5;131;3662;1;P1_22_11;P1 22.11;ALPHA;Indicateur éligibilité de l'actif à une mobil;;MEDIA;ok;N / Y;RPAD(NVL(C_ENR.ELIG_MOB_BANQUE_CENTRALE, ' '), 1)
5;132;3663;3;P1_26_3;P1 26.3;ALPHA;Référence de mobilisation de l'actif;;MEDIA;ok;1  ;RPAD(NVL(C_ENR.REF_MOB_ACTIF, ' '), 3)
5;133;3666;3;P1_26_4;P1 26.4;ALPHA;Code organisme de mobilisation;;MEDIA;ok;404;RPAD(NVL(C_ENR.CD_ORGA_MOBIL, ' '), 3)
5;;3669;44;P1_26_99;P1 26.99;ALPHA;Zone réservée Asset Encumbrance;;FILLER;vazio;;RPAD(' ',44)
5;;3713;19;P1_27_1;P1 27.1;NUM;Montant cumulé des recouvrements depuis le dé;;FILLER;vazio;;RPAD(' ',19)
5;;3732;3;P1_27_2;P1 27.2;ALPHA;Devise du montant cumulé des recouvrements de;;FILLER;vazio;;RPAD(' ',3)
5;134;3735;1;P1_27_3;P1 27.3;ALPHA;Eligibilité Outil Central ANACREDIT;;MEDIA;ok;1 / 2;RPAD(NVL(C_ENR.IND_ELIGI_OUTI_CTRAL_ANACRD, '2'), 1)
5;135;3736;2;P1_27_4;P1 27.4;ALPHA;Motif exclusion à la déclaration ANACREDIT;;MEDIA;ok;02;RPAD(NVL(C_ENR.MOTIF_EXCLU_ANACREDIT, ' '), 2)
5;;3738;23;P1_27_99;P1 27.99;ALPHA;Filler;;FILLER;vazio;;RPAD(' ',23)
5;136;3761;1;P1_28_1;P1 28.1;ALPHA;Indicateur opération effet de levier;;MEDIA;ok;0;RPAD (nvl(C_ENR.IND_OPE_EFFET_LEVIER, ' '), 1, ' ')
5;137;3762;1;P1_28_2;P1 28.2;ALPHA;Indicateur sponsor financier majoritaire au c;;MEDIA;vazio;;RPAD (nvl(C_ENR.IND_SPONSOR_FIN, ' '), 1, ' ')
5;;3763;19;P1_29_1;P1 29.1;NUM;Montant de l'indemnité de résiliation;;FILLER;ok;+000000000000000000;RPAD(' ',19)
5;;3782;3;P1_29_2;P1 29.2;ALPHA;Devise du montant de l'indemnité de résiliati;;FILLER;ok;EUR;RPAD(' ',3)
5;;3785;190;P1_30_1;P1 30.1;ALPHA;Type de contrat cadre;;FILLER;vazio;;RPAD(' ',190)
5;;3975;6;P1_30_22;P1 30.22;ALPHA;Référence du contrat cadre;;FILLER;vazio;;RPAD(' ',6)
5;138;3981;1;P1_30_22;P1 30.22;ALPHA;Référence du contrat cadre;;MEDIA;ok;N;'N'
5;;3982;18;P1_30_23;P1 30.23;ALPHA;Indicateur accord de netting contractuel;;FILLER;vazio;;RPAD (' ', 18)
5;;4000;7;P1_30_24;P1 30.24;ALPHA;Référence du contrat de netting contractuel;;FILLER;vazio;;RPAD (' ', 7)
5;139;4007;1;P1_30_24;P1 30.24;ALPHA;Référence du contrat de netting contractuel;;MEDIA;vazio;;'N'
5;;4008;25;P1_30_25;P1 30.25;ALPHA;Indicateur accord de netting comptable;;FILLER;ok;N                        ;RPAD (' ', 25)
5;;4033;1;P1_30_26;P1 30.26;ALPHA;Référence du contrat de netting comptable;;FILLER;vazio;;RPAD (' ', 1)
5;;4034;5;P1_30_27;P1 30.27;ALPHA;Finalité de l'opération;;FILLER;vazio;;RPAD(' ',5)
5;140;4039;40;P1_31_1;P1 31.1;ALPHA;Code entité de la succursale à l'origine de l;;BAIXA;ok; 200622VM0                               /  202878FN0                              ;RPAD(NVL(C_ENR.REF_UNIQ_CONT, ' '),40,' ')
5;141;4079;40;P1_31_2;P1 31.2;ALPHA;Référence unique du contrat à l'origine;;BAIXA;ok; 200622VM0                               /  202878FN0                              ;RPAD(NVL(C_ENR.REF_UNIQ_ELEM_CONT,' '),40)
5;142;4119;19;P1_31_3;P1 31.3;ALPHA;Référence unique de l'élément de contrat à l';;BAIXA;ok; +00000000000000000 /  +00000000000004041;RPAD(pack_utilitaire.f_format_montant_bis2(C_ENR.MNT_ENG_DT_SIGN_CTRT)
5;143;4138;1;P1_31_4;P1 31.4;NUM;Montant en euros de l'engagement à la date de;;MEDIA;ok;0 / 1;RPAD(NVL(C_ENR.IND_RESPO_SOLIDAIRE, ' '),1,' ')
5;144;4139;1;P1_31_5;P1 31.5;ALPHA;Indicateur responsabilité solidaire;;MEDIA;ok;N;RPAD (NVL(C_ENR.IND_ISF,'2'), 1)
5;;4140;6;P1_31_6;P1 31.6;ALPHA;Indicateur dossier infrastructure éligible au;;FILLER;ok;1      / 2     ;RPAD(' ',6)
5;;4146;1;P1_31_7;P1 31.7;ALPHA;Rang dans la hiérarchie des créanciers;;FILLER;vazio;;RPAD(' ',1)
5;145;4147;15;P1_31_8;P1 31.8;ALPHA;Droit d'un pays tiers : reconnaissance de la ;;BAIXA;ok; 14100          /  24140         ;RPAD(NVL(C_ENR.CD_COMMUNE_BIEN_FINAN, ' '),15,' ')
5;146;4162;2;P1_31_9;P1 31.9;ALPHA;Lieu d'investissement du bien principal finan;;BAIXA;ok; F;RPAD(NVL(C_ENR.CD_PAYS_BIEN_FINAN, ' '),2,' ')
5;;4164;1;P1_31_10;P1 31.10;ALPHA;Lieu d'investissement du bien principal finan;;FILLER;ok;R;RPAD(' ', 1)
5;;4165;1;P1_31_11;P1 31.11;ALPHA;Indicateur permis de construire à l'octroi;;FILLER;vazio;;RPAD(' ', 1)
5;;4166;1;P1_31_12;P1 31.12;ALPHA;Etat du bien financé à l'octroi;;FILLER;vazio;;RPAD(' ', 1)
5;;4167;15;P1_31_13;P1 31.13;ALPHA;Catégorie énergétique du bien immobilier à l';;FILLER;vazio;;RPAD(' ', 15)
5;;4182;19;P1_31_14;P1 31.14;NUM;Taux de réservation du programme immobilier;;FILLER;vazio;;RPAD(' ', 19)
5;;4201;3;P1_31_15;P1 31.15;NUM;Montant de l'apport à l'octroi;;FILLER;vazio;;RPAD(' ', 3)
5;147;4204;1;P1_31_16;P1 31.16;ALPHA;Devise du montant de l'apport à l'octroi;P1 31.17;BAIXA;vazio;;RPAD ('+', 1)
5;148;4205;5;P1_31_17;P1 31.17;NUM;Durée initiale du prêt;P1 31.17;ALTA;ok;+0001 / +0002;LPAD(nvl(CEIL((C_ENR.DT_FIN_ENG - C_ENR.DT_DEBUT_ENG) / 30),'00000'),5
5;149;4210;1;P1_31_17;P1 31.17;NUM;Durée initiale du prêt;P1 31.18;BAIXA;ok;0 / 1;RPAD ('+', 1)
5;150;4211;5;P1_31_18;P1 31.18;NUM;Durée totale du prêt à date;P1 31.18;ALTA;ok;+0001 / +0002;LPAD(nvl(CEIL((C_ENR.DT_FIN_ENG - C_ENR.DT_DEBUT_ENG) / 30),'00000'),5
5;;4216;6;P1_31_18;P1 31.18;NUM;Durée totale du prêt à date;;FILLER;ok;0      / 1     ;RPAD(' ', 6)
5;;4222;1;P1_31_19;P1 31.19;NUM;Durée de la période d'anticipation à date d'a;;FILLER;vazio;;RPAD(' ', 1)
5;151;4223;2;P1_31_20;P1 31.20;ALPHA;Méthode de valorisation du bien;;BAIXA;ok; 0;RPAD(NVL(C_ENR.CDTYPEGARPRINCOCTROI,' '), 2)
5;152;4225;2;P1_31_21;P1 31.21;ALPHA;Type de sécurisation à l'octroi;P1 31.22;ALTA;ok;10 / 20;CASE WHEN C_ENR.CD_TYPE_RISQUE = 'TRE502' THEN '01' WHEN C_ENR.CD_TYPE
5;;4227;19;P1_31_22;P1 31.22;ALPHA;Type de sécurisation à date;;FILLER;ok;1                   / 2                  ;RPAD(' ', 19)
5;;4246;3;P1_31_23;P1 31.23;NUM;Montant des fonds remis à date;;FILLER;vazio;;RPAD(' ', 3)
5;;4249;15;P1_31_24;P1 31.24;ALPHA;Devise du montant des fonds remis à date;;FILLER;vazio;;RPAD(' ', 15)
5;;4264;15;P1_31_25;P1 31.25;NUM;Interest Coverage Ratio (ICR) à l'octroi;;FILLER;vazio;;RPAD(' ', 15)
5;;4279;15;P1_31_26;P1 31.26;NUM;Loan-to-rent ratio (LTR) à l'octroi;;FILLER;vazio;;RPAD(' ', 15)
5;;4294;15;P1_31_27;P1 31.27;NUM;LSTI à l'octroi;;FILLER;vazio;;RPAD(' ', 15)
5;;4309;15;P1_31_28;P1 31.28;NUM;DSTI à l'octroi;;FILLER;vazio;;RPAD(' ', 15)
5;153;4324;1;P1_31_29;P1 31.29;NUM;Taux de marge du crédit brut à l'octroi;;MEDIA;vazio;;RPAD(NVL(C_ENR.IND_GAR_SANS_LIMITE,' '),1)
5;;4325;1;P1_31_37;P1 31.37;ALPHA;Indicateur garantie sans limite;;FILLER;vazio;;RPAD(' ',1)
5;154;4326;19;P1_31_38;P1 31.38;ALPHA;Etendue de la garantie donnée;;BAIXA;ok; +00000000000000000 /  +00000000000022017;RPAD(pack_utilitaire.f_format_montant_bis2(C_ENR.MNT_SUBV_HT),19)
5;155;4345;3;P1_29_3;P1 29.3;NUM;Montant des subventions;P1 29.4;ALTA;incoerente;0EU / 1EU;RPAD ('EUR', 3)
5;;4348;22;P1_29_4;P1 29.4;ALPHA;Devise du montant des subventions;;FILLER;ok;R                     ;RPAD (' ', 22)
5;;4370;19;P1_29_6;P1 29.6;ALPHA;Devise du montant de l'avance preneur en créd;;FILLER;vazio;;RPAD(' ',19)
5;;4389;3;P1_21_20;P1 21.20;NUM;Montant des passages en pertes cumulées;;FILLER;vazio;;RPAD(' ',3)
5;;4392;1;P1_21_21;P1 21.21;ALPHA;Devise du montant des passages en pertes cumu;;FILLER;vazio;;RPAD(' ',1)
5;;4393;1;P1_31_30;P1 31.30;ALPHA;Motif déclaration JV;;FILLER;vazio;;RPAD(' ',1)
5;;4394;8;P1_31_31;P1 31.31;ALPHA;Mode de cotation du titre;;FILLER;vazio;;RPAD(' ',8)
5;;4402;8;P1_31_32;P1 31.32;DATE;Date d'émission du titre;;FILLER;vazio;;RPAD(' ',8)
5;;4410;1;P1_31_33;P1 31.33;DATE;Date de maturité du titre;;FILLER;vazio;;RPAD(' ',1)
5;;4411;8;P1_31_34;P1 31.34;ALPHA;Etat du titre;;FILLER;vazio;;RPAD(' ',8)
5;;4419;1;P1_31_35;P1 31.35;DATE;Date de l'état du titre;;FILLER;vazio;;RPAD(' ',1)
5;;4420;7;P1_31_36;P1 31.36;ALPHA;Indicateur prise ferme sur les titres;;FILLER;vazio;;RPAD(' ',7)
5;;4427;2;P1_16_24;P1 16.24;ALPHA;Méthode de titrisation;;FILLER;vazio;;RPAD(' ',2)
5;;4429;2;P1_16_25;P1 16.25;ALPHA;Echelon qualité de crédit de la tranche à dat;;FILLER;vazio;;RPAD(' ',2)
5;;4431;2;P1_16_26;P1 16.26;ALPHA;Type de cotation échelon de qualité de crédit;;FILLER;vazio;;RPAD(' ',2)
5;;4433;2;P1_16_27;P1 16.27;ALPHA;Echelon qualité de crédit de la tranche à dat;;FILLER;vazio;;RPAD(' ',2)
5;;4435;19;P1_16_28;P1 16.28;ALPHA;Type de cotation échelon de qualité de crédit;;FILLER;vazio;;RPAD(' ',19)
5;;4454;3;P1_16_29;P1 16.29;NUM;Montant escompte d'achats non remboursables;;FILLER;vazio;;RPAD(' ',3)
5;;4457;19;P1_16_30;P1 16.30;ALPHA;Devise du montant escompte d'achats non rembo;;FILLER;vazio;;RPAD(' ',19)
5;;4476;3;P1_16_31;P1 16.31;NUM;Montant de l'ajustement spécifique du risque ;;FILLER;vazio;;RPAD(' ',3)
5;;4479;19;P1_16_32;P1 16.32;ALPHA;Devise du montant de l'ajustement spécifique ;;FILLER;vazio;;RPAD(' ',19)
5;;4498;3;P1_16_33;P1 16.33;NUM;Valeur exposée au risque des positions déduit;;FILLER;vazio;;RPAD(' ',3)
5;;4501;19;P1_16_34;P1 16.34;ALPHA;Devise de la valeur exposée au risque des pos;;FILLER;vazio;;RPAD(' ',19)
5;;4520;3;P1_16_35;P1 16.35;NUM;Montant de l'ajustement des risques pondérés ;;FILLER;vazio;;RPAD(' ',3)
5;;4523;19;P1_16_36;P1 16.36;ALPHA;Devise du montant de l'ajustement des risques;;FILLER;vazio;;RPAD(' ',19)
5;;4542;3;P1_16_37;P1 16.37;NUM;Montant de RWA supplémentaire pour non-confor;;FILLER;vazio;;RPAD(' ',3)
5;;4545;19;P1_16_38;P1 16.38;ALPHA;Devise du montant de RWA supplémentaire pour ;;FILLER;vazio;;RPAD(' ',19)
5;;4564;3;P1_16_39;P1 16.39;NUM;Montant du gain RWA obtenu par le CAP sur la ;;FILLER;vazio;;RPAD(' ',3)
5;;4567;19;P1_16_40;P1 16.40;ALPHA;Devise du montant du gain RWA obtenu par le C;;FILLER;vazio;;RPAD(' ',19)
5;;4586;3;P1_16_41;P1 16.41;NUM;Montant du gain RWA obtenu par le CAP sur les;;FILLER;vazio;;RPAD(' ',3)
5;;4589;2;P1_16_42;P1 16.42;ALPHA;Devise du montant du gain RWA obtenu par le C;;FILLER;vazio;;RPAD(' ',2)
5;;4591;2;P1_28_3;P1 28.3;ALPHA;Nature du financement;;FILLER;vazio;;RPAD(' ',2)
5;;4593;2;P1_28_4;P1 28.4;ALPHA;Type d'origination opération à effet de levie;;FILLER;vazio;;RPAD(' ',2)
5;;4595;20;P1_28_5;P1 28.5;ALPHA;Type clause contrat covenant;;FILLER;vazio;;RPAD(' ',20)
5;;4615;10;P1_28_6;P1 28.6;ALPHA;Identifiant local du tiers sponsor financier;;FILLER;vazio;;RPAD(' ',10)
5;;4625;15;P1_28_7;P1 28.7;ALPHA;Identifiant central du tiers sponsor financie;;FILLER;vazio;;RPAD(' ',15)
5;;4640;19;P1_28_8;P1 28.8;NUM;Ratio de levier de l'opération à l'originatio;;FILLER;vazio;;RPAD(' ',19)
5;;4659;3;P1_28_9;P1 28.9;NUM;Montant de la part de la prise ferme du monta;;FILLER;vazio;;RPAD(' ',3)
5;;4662;19;P1_28_10;P1 28.10;ALPHA;Devise du montant de la part de la prise ferm;;FILLER;vazio;;RPAD(' ',19)
5;;4681;3;P1_28_11;P1 28.11;NUM;Montant de la part à syndiquer du montant du ;;FILLER;vazio;;RPAD(' ',3)
5;;4684;19;P1_28_12;P1 28.12;ALPHA;Devise du montant de la part à syndiquer du m;;FILLER;vazio;;RPAD(' ',19)
5;;4703;3;P1_28_13;P1 28.13;NUM;Montant de la part à syndiquer non cédé;;FILLER;vazio;;RPAD(' ',3)
5;156;4706;3;P1_28_14;P1 28.14;ALPHA;Devise du montant de la part à syndiquer non ;;BAIXA;ok; EU;'EUR'
5;157;4709;12;P1_50_1;P1 50.1;ALPHA;Devise de liasse de l'entité;;BAIXA;ok;RA5171100    / RA5231100   ;RPAD(NVL(C_ENR.PCEC_MNT_RISQUE, ' '), 12)
5;158;4721;19;P1_50_2;P1 50.2;ALPHA;PCCO - Montant du principal 1;;BAIXA;ok; +00000000000000000 /  +00000000000000150;RPAD(pack_utilitaire.f_format_montant_bis2(C_ENR.MNT_RISQUE),19)
5;;4740;12;P1_50_3;P1 50.3;NUM;Montant du principal 1;;FILLER;ok;0            / 1           ;RPAD(' ',12)
5;;4752;19;P1_50_4;P1 50.4;ALPHA;PCCO - Montant du principal 2;;FILLER;vazio;;RPAD(' ',19)
5;159;4771;12;P1_50_5;P1 50.5;NUM;Montant du principal 2;;BAIXA;incoerente; A5177100    /  A5237100   ;RPAD(NVL(C_ENR.PCEC_ICNE, ' '), 12)
5;160;4783;19;P1_50_8;P1 50.8;ALPHA;PCCO - Montant des Dettes et créances rattach;;BAIXA;ok; +00000000000000000 /  +00000000000000085;RPAD(pack_utilitaire.f_format_montant_bis2(C_ENR.MNT_ICNE),19)
5;;4802;12;P1_50_9;P1 50.9;NUM;Montant des Dettes et créances rattachées;;FILLER;ok;0            / 1           ;RPAD(' ',12)
5;;4814;19;P1_50_14;P1 50.14;ALPHA;PCCO - Montant Marge initiale - Fonds de défa;;FILLER;vazio;;RPAD(' ',19)
5;;4833;12;P1_50_15;P1 50.15;NUM;Montant Marge initiale - Fonds de défaut;;FILLER;vazio;;RPAD(' ',12)
5;;4845;19;P1_50_16;P1 50.16;ALPHA;PCCO - Montant Marge variable;;FILLER;vazio;;RPAD(' ',19)
5;;4864;12;P1_50_17;P1 50.17;NUM;Montant Marge variable;;FILLER;vazio;;RPAD(' ',12)
5;;4876;19;P1_50_18;P1 50.18;ALPHA;PCCO - Montant Impacts JV;;FILLER;vazio;;RPAD(' ',19)
5;161;4895;2;P1_50_19;P1 50.19;NUM;Montant Impacts JV;P1 21.22;ALTA;vazio;;RPAD(NVL(C_ENR.MOTIF_MRTR,' '),2)
5;162;4897;8;P1_21_22;P1 21.22;ALPHA;Motif du moratoire;P1 21.23;ALTA;vazio;;RPAD(NVL(TO_CHAR(C_ENR.DT_DEBUT_MRTR, 'YYYYMMDD'), ' '),8)
5;163;4905;6;P1_21_23;P1 21.23;DATE;Date de début du moratoire;P1 21.29;ALTA;vazio;;case when C_ENR.DUREE_MRTR is not null then '+'||LPAD(C_ENR.DUREE_MRTR
5;164;4911;2;P1_21_29;P1 21.29;NUM;Durée du moratoire;P1 21.25;ALTA;vazio;;RPAD(NVL(C_ENR.STATUT_MRTR,' '),2)
5;165;4913;1;P1_21_25;P1 21.25;ALPHA;Statut du moratoire;P1 21.26;BAIXA;vazio;;RPAD(NVL(C_ENR.IND_MRTR_LEGISLATIF,' '),1)
5;166;4914;1;P1_21_26;P1 21.26;ALPHA;Indicateur de moratoire législatif;P1 21.27;BAIXA;vazio;;RPAD(NVL(C_ENR.IND_MRTR_CONTRACTUEL,' '),1)
5;167;4915;2;P1_21_27;P1 21.27;ALPHA;Indicateur de moratoire contractuel;P1 21.28;ALTA;vazio;;RPAD(NVL(C_ENR.CHAMP_APPL_MRTR,' '),2)
5;168;4917;19;P1_21_28;P1 21.28;ALPHA;Champ d'application du moratoire;P1 21.30;ALTA;vazio;;case when C_ENR.MNT_MRTR is not null then RPAD(pack_utilitaire.f_forma
5;169;4936;3;P1_21_30;P1 21.30;NUM;Montant des échéances reportées;P1 21.31;ALTA;vazio;;case when C_ENR.MNT_MRTR is not null then RPAD(NVL(C_ENR.DEV_MRTR,' ')
5;;4939;15;P1_21_31;P1 21.31;ALPHA;Devise du montant des échéances reportées;P1 21.32;FILLER;vazio;;RPAD(' ',15)
5;;4954;3;P1_21_32;P1 21.32;ALPHA;Méthode de convention des taux sans risque (R;P1 21.33;FILLER;vazio;;RPAD(' ',3)
5;;4957;12;P1_21_33;P1 21.33;ALPHA;Durée de convention des taux sans risque (RFR;P1 15;FILLER;vazio;;RPAD(' ',12)
5;;4969;12;P1_15;P1 15;ALPHA;Numéro de compte local (PCI) de l'encours;P1 16;FILLER;vazio;;RPAD(' ',12)
5;;4981;12;P1_16;P1 16;ALPHA;Numéro de compte PCCA de l'encours en norme I;P1 14;FILLER;vazio;;RPAD(' ',12)
5;;4993;12;P1_14;P1 14;ALPHA;Numéro de compte PCCA de l'encours en NF;P1 50.20;FILLER;vazio;;RPAD(' ',12)
5;;5005;19;P1_50_20;P1 50.20;ALPHA;PCCO - Montant du principal 3;P1 50.21;FILLER;vazio;;RPAD(' ',19)
5;;5024;1;P1_50_21;P1 50.21;NUM;Montant du principal 3;P1 21.34;FILLER;vazio;;RPAD(' ',1)
5;;5025;1;P1_21_34;P1 21.34;ALPHA;Indicateur de créance titrisable;P1 21.35;FILLER;vazio;;RPAD(' ',1)
5;;5026;19;P1_21_35;P1 21.35;ALPHA;Indicateur de créance pour émission de covere;P1 21.36;FILLER;vazio;;RPAD(' ',19)
5;;5045;3;P1_21_36;P1 21.36;NUM;Montants liquidatifs estimés;P1 21.37;FILLER;vazio;;RPAD(' ',3)
5;;5048;10;P1_21_37;P1 21.37;ALPHA;Devise des montants liquidatifs estimés;P1 21.47;FILLER;vazio;;RPAD(' ',10)
5;;5058;7;P1_21_47;P1 21.47;NUM;Pondération Bâloise de l'engagement pour le c;P1 21.48;FILLER;vazio;;RPAD(' ',7)
5;;5065;19;P1_21_48;P1 21.48;ALPHA;Méthode de titrisation pour le calcul de l'Ou;P1 21.49;FILLER;vazio;;RPAD(' ',19)
5;;5084;3;P1_21_49;P1 21.49;NUM;Montant des ajustements de risques pondérés l;P1 21.50;FILLER;vazio;;RPAD(' ',3)
5;;5087;19;P1_21_50;P1 21.50;ALPHA;Devise du montant des ajustements de risques ;P1 21.51;FILLER;vazio;;RPAD(' ',19)
5;;5106;3;P1_21_51;P1 21.51;NUM;Montant de RWA supplémentaire pour non-confor;P1 21.52;FILLER;vazio;;RPAD(' ',3)
5;;5109;19;P1_21_52;P1 21.52;ALPHA;Devise du montant de RWA supplémentaire pour ;P1 21.53;FILLER;vazio;;RPAD(' ',19)
5;;5128;3;P1_21_53;P1 21.53;NUM;Montant du gain RWA obtenu par le CAP sur la ;P1 21.54;FILLER;vazio;;RPAD(' ',3)
5;170;5131;1;P1_21_54;P1 21.54;ALPHA;Devise du gain RWA obtenu par le CAP sur la p;P1 21.44;BAIXA;vazio;;RPAD(NVL(C_ENR.IND_EXPO_QUAL_ELEVEE,' '),1)
5;171;5132;1;P1_21_44;P1 21.44;ALPHA;Indicateur d'exposition de qualité élevée;P1 21.45;BAIXA;vazio;;RPAD(NVL(C_ENR.IND_PHASE_OPE_PROJ_FIN,' '),1)
5;172;5133;1;P1_21_45;P1 21.45;ALPHA;Indicateur de la phase opérationnelle du proj;P1 21.46;BAIXA;ok;N / Y;RPAD(NVL(C_ENR.IND_CONF_CRIT_OPE,' '),1)
5;173;5134;1;P1_21_46;P1 21.46;ALPHA;Indicateur de conformité des critères opérati;P1 21.38;BAIXA;ok;Y;RPAD(NVL(C_ENR.IND_IPRE,' '),1)
5;174;5135;1;P1_21_38;P1 21.38;ALPHA;Indicateur d'exposition garantie par un bien ;P1 21.39;BAIXA;ok;N / Y;RPAD(NVL(C_ENR.IND_EXPO_ADC,' '),1)
5;175;5136;1;P1_21_39;P1 21.39;ALPHA;Indicateur d'exposition sur acquisition, déve;P1 21.40;BAIXA;ok;N;RPAD(NVL(C_ENR.IND_REAL_COND_PONDERATION_PREFE,' '),1)
5;;5137;1;P1_21_40;P1 21.40;ALPHA;Réalisation des conditions de pondération pré;P1 21.41;FILLER;ok;1;RPAD(' ',1)
5;;5138;1;P1_21_41;P1 21.41;ALPHA;Indicateur de dépôt en espèces substantiel;P1 21.42;FILLER;vazio;;RPAD(' ',1)
5;176;5139;15;P1_21_42;P1 21.42;ALPHA;Indicateur d'apport en fonds propres substant;P1 21.43;ALTA;ok; +0000000000000 /  +0001200000000;RPAD(pack_utilitaire.F_FORMAT_TAUX_15(C_ENR.ETV_RATIO),15)
5;;5154;1;P1_21_43;P1 21.43;NUM;Ratio prudentiel d'Exposition/valeur (ETV);P1 21.56;FILLER;ok;0;RPAD(' ',1)
5;177;5155;1;P1_21_56;P1 21.56;ALPHA;Indicateur Intention de revente à court terme;P1 21.57;BAIXA;vazio;;RPAD(NVL(C_ENR.IND_INVEST_CAPITAL_RISQ,' '),1)
5;178;5156;1;P1_21_57;P1 21.57;ALPHA;Indicateur d'investissement en Capital Risque;P1 21.58;BAIXA;vazio;;RPAD(NVL(C_ENR.IND_INVEST_PROG_LEGISLATIF,' '),1)
5;;5157;1;P1_21_58;P1 21.58;ALPHA;Indicateur d'investissement dans un programme;P1 21.59;FILLER;vazio;;RPAD(' ',1)
5;;5158;15;P1_21_59;P1 21.59;ALPHA;Indicateur de participation stratégique depui;P1 21.60;FILLER;vazio;;RPAD(' ',15)
5;;5173;10;P1_21_60;P1 21.60;NUM;Taux historique de pondération de la particip;P1 21.61;FILLER;vazio;;RPAD(' ',10)
5;;5183;10;P1_21_61;P1 21.61;NUM;Perte en cas de défaut (LGD) de la part d'enc;P1 21.62;FILLER;vazio;;RPAD(' ',10)
5;;5193;19;P1_21_62;P1 21.62;NUM;Perte en cas de défaut (LGD) de la part d'enc;P1 21.63;FILLER;vazio;;RPAD(' ',19)
5;;5212;3;P1_21_63;P1 21.63;NUM;Montant d'encours pour la partie couverte par;P1 21.64;FILLER;vazio;;RPAD(' ',3)
5;;5215;5;P1_21_64;P1 21.64;ALPHA;Devise du montant d'encours pour la partie co;P1 21.65;FILLER;vazio;;RPAD(' ',5)
5;179;5220;1;P1_21_65;P1 21.65;ALPHA;Entité juridique de rattachement du contrat d;P1 21.66;BAIXA;vazio;;RPAD(NVL(C_ENR.IND_UCC,' '),1)
5;;5221;1;P1_21_66;P1 21.66;ALPHA;Indicateur d'engagement hors bilan annulable ;P1 21.67;FILLER;ok;N;RPAD(' ',1)
5;180;5222;1;P1_21_67;P1 21.67;ALPHA;Indicateur de l'application de l'approche par;P1 21.68;BAIXA;vazio;;RPAD(NVL(C_ENR.NIV_RISQUE_CRR3,' '),1)
5;181;5223;12;P1_21_68;P1 21.68;ALPHA;Niveau de risque CRR3;P1 21.55;ALTA;ok; NA011       /  NA021      ;RPAD(NVL(C_ENR.CD_NAT_OPE_ENG_CALC_FLOOR,' '),12)
5;;5235;1;P1_21_55;P1 21.55;ALPHA;NATure d'Opération de l'engagement pour le ca;P1 21.69;FILLER;vazio;;RPAD(' ',1)
5;;5236;20;P1_21_69;P1 21.69;ALPHA;Indicateur de calcul de l'ajustement de l'éva;P1 21.89;FILLER;vazio;;RPAD(' ',20)
5;;5256;10;P1_21_89;P1 21.89;ALPHA;Identifiant local du client de l'intermédiair;P1 21.90;FILLER;vazio;;RPAD(' ',10)
5;182;5266;1;P1_21_90;P1 21.90;ALPHA;Identifiant central du client de l'intermédia;P1 8.13;BAIXA;vazio;;RPAD(NVL(C_ENR.USAGE_BIEN_FINANCE,' '),1)
5;183;5267;40;P1_8_13;P1 8.13;ALPHA;Usage du bien immobilier financé;P1 21.71;ALTA;ok;0                                        / 2ARGENTON LES VALLEES                   ;RPAD(NVL(C_ENR.COMMUNE,' '),40)
5;184;5307;40;P1_21_71;P1 21.71;ALPHA;Lieu d'investissement du bien principal finan;P1 21.72;ALTA;ok; 10 RUE ANDRE CITROEN                    /  16 AV DU GENERAL DE GAULLE             ;RPAD(NVL(C_ENR.NUM_VOIE,' '),40)
5;185;5347;40;P1_21_72;P1 21.72;ALPHA;Lieu d'investissement du bien principal finan;P1 21.73;ALTA;ok; CABINET VETERINAIRE                     /  PA DE LA BAYONNE                       ;RPAD(NVL(C_ENR.EXTENSION,' '),40)
5;186;5387;40;P1_21_73;P1 21.73;ALPHA;Lieu d'investissement du bien principal finan;P1 21.74;ALTA;ok; 10 RUE ANDRE CITROEN                    /  16 AV DU GENERAL DE GAULLE             ;RPAD(NVL(C_ENR.TYPE_VOIE,' '),40)
5;187;5427;40;P1_21_74;P1 21.74;ALPHA;Lieu d'investissement du bien principal finan;P1 21.75;ALTA;ok; 10 RUE ANDRE CITROEN                    /  16 AV DU GENERAL DE GAULLE             ;RPAD(NVL(C_ENR.LIB_VOIE,' '),40)
5;188;5467;40;P1_21_75;P1 21.75;ALPHA;Lieu d'investissement du bien principal finan;P1 21.76;ALTA;vazio;;RPAD(NVL(C_ENR.LIEU_DIT,' '),40)
5;189;5507;11;P1_21_76;P1 21.76;ALPHA;Lieu d'investissement du bien principal finan;P1 21.77;ALTA;ok; +43.627931 /  +44.970199;RPAD(NVL(C_ENR.LATITUDE,' '),11)
5;190;5518;12;P1_21_77;P1 21.77;NUM;Lieu d'investissement du bien principal finan;P1 21.78;ALTA;incoerente;0+000.526142 / 4+000.220485;RPAD(NVL(C_ENR.LONGITUDE,' '),12)
5;;5530;1;P1_21_78;P1 21.78;NUM;Lieu d'investissement du bien principal finan;P1 21.94;FILLER;ok;0 / 1;RPAD(' ',1)
5;;5531;2;P1_21_94;P1 21.94;ALPHA;Indicateur d'actif liquide de haute qualité (;P1 21.95;FILLER;vazio;;RPAD(' ',2)
5;;5533;1;P1_21_95;P1 21.95;ALPHA;Niveau de l'actif liquide de haute qualité (H;P1 21.79;FILLER;vazio;;RPAD(' ',1)
5;;5534;3;P1_21_79;P1 21.79;ALPHA;Indicateur Titre de Participation;P1 21.80;FILLER;vazio;;RPAD(' ',3)
5;191;5537;10;P1_21_80;P1 21.80;ALPHA;Classification comptable de l'élément couvert;P1 21.81;ALTA;ok; +00000000 /  +00131562;RPAD(pack_utilitaire.F_FORMAT_TAUX(C_ENR.TX_DSCR),10)
5;192;5547;10;P1_21_81;P1 21.81;NUM;DSCR (ratio de couverture des charges d'empru;P1 21.82;ALTA;incoerente;0+00000000 / 7+10002261;RPAD(pack_utilitaire.F_FORMAT_TAUX(C_ENR.TX_DSCR_PREC),10)
5;;5557;15;P1_21_82;P1 21.82;NUM;DSCR (ratio de couverture des charges d'empru;P1 21.83;FILLER;ok;0              ;RPAD(' ',15)
5;;5572;15;P1_21_83;P1 21.83;NUM;Ratio de couverture des intérêts (ICR) revalo;P1 21.84;FILLER;vazio;;RPAD(' ',15)
5;;5587;15;P1_21_84;P1 21.84;NUM;Ratio prêts-coûts (LTC) à l'octroi;P1 21.85;FILLER;vazio;;RPAD(' ',15)
5;193;5602;1;P1_21_85;P1 21.85;NUM;Taux de précommercialisation / prélocation à ;P1 21.86;BAIXA;vazio;;RPAD(NVL(C_ENR.CD_TYPE_BIEN_COMM,' '),1)
5;194;5603;1;P1_21_86;P1 21.86;ALPHA;Type de bien commercial;P1 21.87;BAIXA;ok;2 / 3;RPAD(NVL(C_ENR.CD_EMPLACE_BIEN_COMM,' '),1)
5;195;5604;1;P1_21_87;P1 21.87;ALPHA;Emplacement du bien immobilier commercial;P1 21.88;BAIXA;ok;2;RPAD(NVL(C_ENR.IND_OPE_AVEC_RECOURS,' '),1)
5;;5605;19;P1_21_88;P1 21.88;ALPHA;Indicateur d'opération avec recours;P1 21.91;FILLER;ok;N                   / Y                  ;RPAD(' ',19)
5;;5624;3;P1_21_91;P1 21.91;NUM;Montant des variations cumulées de la juste v;P1 21.92;FILLER;vazio;;RPAD(' ',3)
5;;5627;5;P1_21_92;P1 21.92;ALPHA;Devise du montant des variations cumulées de ;P1 21.93;FILLER;vazio;;RPAD(' ',5)
5;;5632;20;P1_21_93;P1 21.93;ALPHA;Numéro du dernier billet financier apériodiqu;P1 31.51;FILLER;vazio;;RPAD(' ',20)
5;;5652;19;P1_31_51;P1 31.51;ALPHA;Identifiant du contrat maître en responsabili;P1 31.52;FILLER;vazio;;RPAD(' ',19)
5;;5671;3;P1_31_52;P1 31.52;NUM;Montant en responsabilité solidaire;P1 31.53;FILLER;vazio;;RPAD(' ',3)
5;196;5674;24;P1_31_53;P1 31.53;ALPHA;Devise du montant en responsabilité solidaire;;BAIXA;vazio;;LPAD(' ', 24)
6;1;0;8;P1_H_0_1;0.1 (P1);DATE;Date d'arrêté;;MEDIA;ok;20250630;RPAD(TO_CHAR(C_ENR.DT_ARRETE,'YYYYMMDD'),8,' ')
6;2;8;5;P1_H_0_2;0.2 (P1);ALPHA;Entité Porteuse de Risques;;MEDIA;ok;00357 / 00370;RPAD(TO_CHAR(C_ENR.CD_CONSO_CPT),5,' ')
6;3;13;12;P1_H_0_3;0.3 (P1);ALPHA;Application source;;MEDIA;ok;C_BTR       ;RPAD('C_DDR',12,' ')
6;4;25;1;P1_H_0_4;0.4 (P1);ALPHA;Fréquence de transmission;;MEDIA;ok;M;'M'
6;5;26;12;P1_H_0_5;0.5 (P1);ALPHA;Date et Heure de traitement;;MEDIA;ok;202608241214;:MASYSDATE
6;6;38;2;P1_H_0_6;0.6 (P1);ALPHA;Type d'enregistrement;;MEDIA;ok;P1;'P1'
6;;40;1;P1_H_0_7;0.7 (P1);ALPHA;Nature de flux (Zone réservée DRG);;FILLER;vazio;;RPAD(' ',1)
6;;41;2;P1_H_0_8;0.8 (P1);ALPHA;Centre de Responsabilité Comptable (Zone rése;;FILLER;vazio;;RPAD(' ',2)
6;;43;7;P1_H_0_9;0.9 (P1);ALPHA;Unité d'exploitation (Zone réservée CACIB);;FILLER;vazio;;RPAD(' ',7)
6;7;50;20;P1_H_1_1;1.1 (P1);ALPHA;Identifiant local du tiers en risque;;MEDIA;ok;EN1001720            / EN100438            ;RPAD(NVL(C_ENR.ID_TIERS_CALC,' '),20,' ')
6;;70;10;P1_H_1_2;1.2 (P1);ALPHA;Identifiant central du tiers en risque;;FILLER;vazio;;RPAD(' ', 10)
6;8;80;30;P1_H_1_4;1.4 (P1);ALPHA;Référence de l'Autorisation Mise En Place;;MEDIA;ok;F1-*0019                       / F1200622-M0                   ;RPAD(NVL(C_ENR.ID_AUTORISATION,' '),30,' ')
6;9;110;30;P1_H_1_6;1.6 (P1);ALPHA;Référence de la ligne de détail de l'Autorisa;;MEDIA;ok;F2-*0019                       / F2200622-M0                   ;RPAD(NVL(C_ENR.ID_LIGNE_DET,' '),30,' ')
6;;140;40;P1_H_1_8;1.8 (P1);ALPHA;Identifiant de la sûreté reçue;;FILLER;vazio;;RPAD(' ',40)
6;10;180;40;P1_H_1_11;1.11 (P1);ALPHA;Identifiant de l'engagement;;MEDIA;ok;200622VM0_C                              / 202878FN0_C                             ;RPAD(NVL(C_ENR.ID_ENGAGEMENT,' '),40,' ')
6;;220;40;P1_H_1_16;1.16 (P1);ALPHA;Référence de la provision sur tiers;;FILLER;vazio;;RPAD(' ',40)
6;;260;20;P1_H_1_99;1.99 (P1);ALPHA;Filler;;FILLER;vazio;;RPAD(' ',20)
6;11;280;7;P1_1_1;P1 1.1;ALPHA;Méthodologie Bâloise;;MEDIA;ok;STD    ;RPAD(NVL(C_ENR.CD_METHODO_BALE2,' '),7,' ')
6;12;287;2;P1_1_2;P1 1.2;ALPHA;Traitement moteur bâlois;;MEDIA;ok;07;RPAD(NVL(C_ENR.CODE_TRAIT_MOTEUR,' '),2,' ')
6;13;289;1;P1_4_34;P1 4.34;ALPHA;Traitement GRR;;MEDIA;ok;Y;RPAD(NVL(C_ENR.CODE_TRAIT_GRR,' '),1,' ')
6;14;290;6;P1_2_0;P1 2.0;ALPHA;Type de risque;;MEDIA;ok;TRE401 / TRE501;RPAD(NVL(C_ENR.CD_TYPE_RISQUE,' '),6,' ')
6;15;296;1;P1_2_4;P1 2.4;ALPHA;Portefeuille de booking Intention de Gestion;;MEDIA;ok;B;RPAD(NVL(C_ENR.CD_PORTEFEUILLE_BOOKING,' '),1,' ')
6;16;297;5;P1_2_6;P1 2.6;ALPHA;Ligne Métier;;MEDIA;ok;MLE00;RPAD(NVL(C_ENR.CD_LIGNE_METIER,' '),5,' ')
6;17;302;3;P1_2_18;P1 2.18;ALPHA;Portefeuille Bâle Opération;;MEDIA;ok;061 / 900;RPAD(NVL(C_ENR.CD_PORTEFEUILLE_BALE2,' '),3,' ')
6;18;305;12;P1_2_29;P1 2.29;ALPHA;NATure d'Opération de l'engagement;;MEDIA;ok;NA011        / NA021       ;RPAD(NVL(C_ENR.CD_NATURE_OPE,' '),12,' ')
6;19;317;8;P1_3_2;P1 3.2;DATE;Date de début de l'engagement;;MEDIA;ok;20081203 / 20120130;RPAD(TO_CHAR(C_ENR.DT_DEBUT_ENG,'YYYYMMDD'),8,' ')
6;20;325;8;P1_3_4;P1 3.4;DATE;Date de fin de l'engagement;;MEDIA;ok;20250630 / 20250714;RPAD(TO_CHAR(C_ENR.DT_FIN_ENG,'YYYYMMDD'),8,' ')
6;;333;1;P1_16_6;P1 16.6;NUM;Pondération Bâloise de l'engagement (%);;FILLER;vazio;;RPAD(' ',1)
6;;334;4;P1_16_6;P1 16.6;NUM;Pondération Bâloise de l'engagement (%);;FILLER;vazio;;RPAD(' ',4)
6;;338;5;P1_16_6;P1 16.6;NUM;Pondération Bâloise de l'engagement (%);;FILLER;vazio;;RPAD(' ',5)
6;;343;1;P1_18_1;P1 18.1;NUM;Loss Given Default (LGD);;FILLER;incoerente;+;RPAD(' ',1)
6;;344;4;P1_18_1;P1 18.1;NUM;Loss Given Default (LGD);;FILLER;ok;0000;RPAD(' ',4)
6;;348;5;P1_18_1;P1 18.1;NUM;Loss Given Default (LGD);;FILLER;ok;00000;RPAD(' ',5)
6;;353;1;P1_18_10;P1 18.10;NUM;Crédit Conversion Factor (CCF);;FILLER;incoerente;+;RPAD(' ',1)
6;;354;4;P1_18_10;P1 18.10;NUM;Crédit Conversion Factor (CCF);;FILLER;ok;0000;RPAD(' ',4)
6;;358;5;P1_18_10;P1 18.10;NUM;Crédit Conversion Factor (CCF);;FILLER;ok;00000;RPAD(' ',5)
6;;363;1;P1_18_5;P1 18.5;NUM;Montant de l'Exposition en cas de Défaut (EAD;;FILLER;incoerente;+;RPAD(' ',1)
6;;364;16;P1_18_5;P1 18.5;NUM;Montant de l'Exposition en cas de Défaut (EAD;;FILLER;ok;0000000000000000;RPAD(' ',16)
6;;380;2;P1_18_5;P1 18.5;NUM;Montant de l'Exposition en cas de Défaut (EAD;;FILLER;ok;00;RPAD(' ',2)
6;;382;3;P1_18_17;P1 18.17;ALPHA;Devise du montant de l'Exposition en cas de D;;FILLER;ok;EUR;RPAD(' ',3)
6;21;385;3;P1_18_18;P1 18.18;ALPHA;Devise d'origine du contrat;;MEDIA;ok;EUR;RPAD(NVL(C_ENR.CD_DEVISE_ORIGINE,' '),3,' ')
6;;388;50;P1_3_98;P1 3.98;ALPHA;Zone réservée locale;;FILLER;vazio;;RPAD(' ',50)
6;;438;2;P1_21_1;P1 21.1;ALPHA;Indicateur Type de Restructuration;;FILLER;vazio;;RPAD(' ',2)
6;;440;8;P1_21_2;P1 21.2;DATE;Date de Restructuration;;FILLER;ok;20170131 / 20200508;RPAD(' ',8)
6;22;448;1;P1_5_5;P1 5.5;ALPHA;Indicateur Arriéré de paiement;P1 5.5;ALTA;ok;N;NVL(C_ENR.CD_ARR_PAIEMENT,'N')
6;;449;1;P1_4_1;P1 4.1;ALPHA;Indicateur Impayé prudentiel;P1 4.1;FILLER;ok;N / Y;RPAD(' ',1)
6;23;450;1;P1_5_2;P1 5.2;ALPHA;Indicateur Engagement en défaut;P1 5.2;ALTA;ok;N / Y;RPAD(NVL(C_ENR.TOP_ENG_DOUTEUX,' '),1, ' ')
6;;451;8;P1_5_3;P1 5.3;DATE;Date de passage en engagement en défaut;P1 5.3;FILLER;ok;20240715 / 20241203;RPAD(' ',8)
6;;459;1;P1_4_2;P1 4.2;NUM;Montant du solde de compte;P1 4.2;FILLER;vazio;;RPAD(' ',1)
6;;460;16;P1_4_2;P1 4.2;NUM;Montant du solde de compte;;FILLER;vazio;;RPAD(' ',16)
6;;476;2;P1_4_2;P1 4.2;NUM;Montant du solde de compte;;FILLER;vazio;;RPAD(' ',2)
6;;478;3;P1_4_3;P1 4.3;ALPHA;Devise du montant du solde de compte;;FILLER;ok;EUR;RPAD(' ',3)
6;;481;1;P1_4_4;P1 4.4;NUM;Montant du découvert;;FILLER;vazio;;RPAD(' ',1)
6;;482;16;P1_4_4;P1 4.4;NUM;Montant du découvert;;FILLER;vazio;;RPAD(' ',16)
6;;498;2;P1_4_4;P1 4.4;NUM;Montant du découvert;;FILLER;vazio;;RPAD(' ',2)
6;;500;3;P1_4_5;P1 4.5;ALPHA;Devise du montant du découvert;P1 4.5;FILLER;vazio;;RPAD(' ',3)
6;;503;1;P1_4_9;P1 4.9;NUM;Montant du capital restant dû;P1 4.9;FILLER;incoerente;+;RPAD(' ',1)
6;;504;16;P1_4_9;P1 4.9;NUM;Montant du capital restant dû;;FILLER;ok;0000000000000000 / 0000000000000015;RPAD(' ',16)
6;;520;2;P1_4_9;P1 4.9;NUM;Montant du capital restant dû;;FILLER;ok;00 / 01;RPAD(' ',2)
6;;522;3;P1_4_13;P1 4.13;ALPHA;Devise du montant du capital restant dû;;FILLER;ok;EUR;RPAD(' ',3)
6;;525;1;P1_4_14;P1 4.14;NUM;Montant des loyers;P1 4.14;FILLER;incoerente;+;RPAD(' ',1)
6;;526;16;P1_4_14;P1 4.14;NUM;Montant des loyers;;FILLER;ok;0000000000000001 / 0000000000000058;RPAD(' ',16)
6;;542;2;P1_4_14;P1 4.14;NUM;Montant des loyers;;FILLER;ok;00 / 01;RPAD(' ',2)
6;;544;3;P1_4_15;P1 4.15;ALPHA;Devise d'origine des loyers;P1 4.15;FILLER;ok;EUR;RPAD(' ',3)
6;;547;1;P1_4_16;P1 4.16;NUM;Montant du nominal de l'engagement;;FILLER;vazio;;RPAD(' ',1)
6;;548;16;P1_4_16;P1 4.16;NUM;Montant du nominal de l'engagement;;FILLER;vazio;;RPAD(' ',16)
6;;564;2;P1_4_16;P1 4.16;NUM;Montant du nominal de l'engagement;;FILLER;vazio;;RPAD(' ',2)
6;;566;3;P1_4_17;P1 4.17;ALPHA;Devise du nominal de l'engagement;;FILLER;vazio;;RPAD(' ',3)
6;;569;12;P1_4_18;P1 4.18;ALPHA;Zone libre (Ex PCCO du montant demandé);P1 4.18;FILLER;ok;A5171100     / A5231100    ;RPAD(' ',12)
6;;581;1;P1_4_6;P1 4.6;NUM;Montant des intérêts restant dus;;FILLER;incoerente;+;RPAD(' ',1)
6;;582;16;P1_4_6;P1 4.6;NUM;Montant des intérêts restant dus;;FILLER;ok;0000000000000000;RPAD(' ',16)
6;;598;2;P1_4_6;P1 4.6;NUM;Montant des intérêts restant dus;;FILLER;ok;00;RPAD(' ',2)
6;;600;3;P1_4_7;P1 4.7;ALPHA;Devise du montant des intérêts restant dus;;FILLER;ok;EUR;RPAD(' ',3)
6;;603;12;P1_4_19;P1 4.19;ALPHA;Zone libre (Ex PCCO – des intérêts restant du;;FILLER;ok;A5177100     / A5237100    ;RPAD(' ',12)
6;;615;1;P1_4_20;P1 4.20;NUM;Taux facial du prêt fixe;;FILLER;vazio;;RPAD(' ',1)
6;;616;4;P1_4_20;P1 4.20;NUM;Taux facial du prêt fixe;;FILLER;vazio;;RPAD(' ',4)
6;;620;5;P1_4_20;P1 4.20;NUM;Taux facial du prêt fixe;;FILLER;vazio;;RPAD(' ',5)
6;;625;1;P1_4_21;P1 4.21;NUM;Montant de la décote sur actif déprécié à l'a;;FILLER;incoerente;+;RPAD(' ',1)
6;;626;16;P1_4_21;P1 4.21;NUM;Montant de la décote sur actif déprécié à l'a;;FILLER;ok;0000000000000000 / 0000000000000001;RPAD(' ',16)
6;;642;2;P1_4_21;P1 4.21;NUM;Montant de la décote sur actif déprécié à l'a;;FILLER;ok;00 / 45;RPAD(' ',2)
6;;644;3;P1_4_22;P1 4.22;ALPHA;Devise du montant de la décote sur actif dépr;;FILLER;ok;EUR;RPAD(' ',3)
6;;647;2;P1_4_23;P1 4.23;ALPHA;Circuit de distribution;;FILLER;ok;CL;RPAD(' ',2)
6;;649;1;P1_5_6;P1 5.6;ALPHA;Indicateur 'Prêt Revolving Roll-over';;FILLER;vazio;;RPAD(' ',1)
6;;650;20;P1_5_7;P1 5.7;ALPHA;Identifiant local du bénéficiaire final de l';;FILLER;vazio;;RPAD(' ',20)
6;;670;10;P1_5_8;P1 5.8;ALPHA;Identifiant central du bénéficiaire final de ;;FILLER;vazio;;RPAD(' ',10)
6;;680;2;P1_3_33;P1 3.33;ALPHA;Nature d'OPCVM Garanti;;FILLER;vazio;;RPAD(' ',2)
6;;682;1;P1_5_10;P1 5.10;ALPHA;Indicateur Accord de Fusion;;FILLER;vazio;;RPAD(' ',1)
6;;683;25;P1_5_11;P1 5.11;ALPHA;Référence de la lettre de Fusion;;FILLER;vazio;;RPAD(' ',25)
6;;708;2;P1_3_32;P1 3.32;ALPHA;Rôle du Tiers dans l'opération d'affacturage;;FILLER;vazio;;RPAD(' ',2)
6;;710;1;P1_3_46;P1 3.46;ALPHA;Usage du bien immobilier apporté en garantie;;FILLER;ok;0 / 2;RPAD(' ',1)
6;;711;1;P1_3_47;P1 3.47;ALPHA;Respect des conditions réglementaires;;FILLER;ok;Y;RPAD(' ',1)
6;;712;1;P1_3_40;P1 3.40;NUM;Valeur de marché du bien immobilier loué à la;;FILLER;incoerente;+;RPAD(' ',1)
6;;713;16;P1_3_40;P1 3.40;NUM;Valeur de marché du bien immobilier loué à la;;FILLER;ok;0000000000000001 / 0000000000285208;RPAD(' ',16)
6;;729;2;P1_3_40;P1 3.40;NUM;Valeur de marché du bien immobilier loué à la;;FILLER;ok;00 / 45;RPAD(' ',2)
6;;731;3;P1_3_41;P1 3.41;ALPHA;Devise de la valeur de marché du bien immobil;;FILLER;ok;EUR;RPAD(' ',3)
6;;734;1;P1_3_42;P1 3.42;NUM;Valeur hypothécaire du bien immobilier loué à;;FILLER;incoerente;+;RPAD(' ',1)
6;;735;16;P1_3_42;P1 3.42;NUM;Valeur hypothécaire du bien immobilier loué à;;FILLER;ok;0000000000000001 / 0000000000285208;RPAD(' ',16)
6;;751;2;P1_3_42;P1 3.42;NUM;Valeur hypothécaire du bien immobilier loué à;;FILLER;ok;00 / 45;RPAD(' ',2)
6;;753;3;P1_3_43;P1 3.43;ALPHA;Devise de la valeur hypothécaire du bien immo;;FILLER;ok;EUR;RPAD(' ',3)
6;;756;2;P1_3_44;P1 3.44;ALPHA;Zone libre (Ex Localisation du bien immobilie;;FILLER;ok;FR;RPAD(' ',2)
6;;758;1;P1_3_45;P1 3.45;ALPHA;Achat en fin de contrat du bien loué;;FILLER;ok;1 / 2;RPAD(' ',1)
6;;759;1;P1_5_19;P1 5.19;NUM;Valeur estimée en fin de période du bien loué;;FILLER;incoerente;+;RPAD(' ',1)
6;;760;16;P1_5_19;P1 5.19;NUM;Valeur estimée en fin de période du bien loué;;FILLER;ok;0000000000000000 / 0000000000000001;RPAD(' ',16)
6;;776;2;P1_5_19;P1 5.19;NUM;Valeur estimée en fin de période du bien loué;;FILLER;ok;00 / 01;RPAD(' ',2)
6;;778;3;P1_5_20;P1 5.20;ALPHA;Devise de la valeur estimée en fin de période;;FILLER;ok;EUR;RPAD(' ',3)
6;24;781;3;P1_19_5;P1 19.5;ALPHA;Classification comptable de référence des act;;MEDIA;ok;CAM;RPAD(NVL(C_ENR.CD_CPT_ACTIF_IAS,' '),3,' ')
6;25;784;12;P1_3_56;P1 3.56;ALPHA;Zone libre (Ex PCCO – Valeur du titre en norm;;MEDIA;vazio;;RPAD(NVL(C_ENR.PCCO_ACQUISITION,' '),12,' ')
6;26;796;19;P1_3_50;P1 3.50;NUM;Montant du coût d'acquisition;;MEDIA;vazio;;pack_utilitaire.f_format_montant_bis2(nvl((C_ENR.MNT_ACQUISITION),0))
6;27;815;3;P1_3_51;P1 3.51;ALPHA;Devise du montant du coût d'acquisition;;MEDIA;vazio;;RPAD(NVL(C_ENR.CD_DEVISE_ACQUISITION,'EUR'),3)
6;28;818;19;P1_3_52;P1 3.52;NUM;Montant du Mark-to-Market (MtM);;MEDIA;vazio;;pack_utilitaire.f_format_montant_bis2(nvl(C_ENR.MNT_MTM,0))
6;29;837;3;P1_3_53;P1 3.53;ALPHA;Devise du montant du Mark-to-Market (MtM);;MEDIA;vazio;;RPAD(NVL(C_ENR.CD_DEVISE_MTM,' '),3,' ')
6;30;840;19;P1_3_54;P1 3.54;NUM;Montant du coût amorti;;MEDIA;vazio;;pack_utilitaire.f_format_montant_bis2(nvl(C_ENR.MNT_COUT_AMORTI,0))
6;31;859;3;P1_3_55;P1 3.55;ALPHA;Devise du montant du coût amorti;;MEDIA;vazio;;RPAD(NVL(C_ENR.CD_DEV_COUT_AMORTI,'EUR'),3,' ')
6;;862;1;P1_3_57;P1 3.57;NUM;Montant des coupons restant dû;;FILLER;vazio;;RPAD(' ',1)
6;;863;16;P1_3_57;P1 3.57;NUM;Montant des coupons restant dû;;FILLER;vazio;;RPAD(' ',16)
6;;879;2;P1_3_57;P1 3.57;NUM;Montant des coupons restant dû;;FILLER;vazio;;RPAD(' ',2)
6;;881;3;P1_3_58;P1 3.58;ALPHA;Devise du montant des coupons restant dû;;FILLER;vazio;;RPAD(' ',3)
6;;884;1;P1_3_59;P1 3.59;NUM;Montant du solde du compte courant d'associé;;FILLER;vazio;;RPAD(' ',1)
6;;885;16;P1_3_59;P1 3.59;NUM;Montant du solde du compte courant d'associé;;FILLER;vazio;;RPAD(' ',16)
6;;901;2;P1_3_59;P1 3.59;NUM;Montant du solde du compte courant d'associé;;FILLER;vazio;;RPAD(' ',2)
6;;903;3;P1_3_60;P1 3.60;ALPHA;Devise du solde du compte courant d'associé;;FILLER;vazio;;RPAD(' ',3)
6;32;906;1;P1_3_61;P1 3.61;ALPHA;Traitement prudentiel des titres et créances ;;MEDIA;vazio;;RPAD(C_ENR.CD_IMP_PRUDENT, 1,' ')
6;;907;2;P1_3_99;P1 3.99;ALPHA;Filler;;FILLER;vazio;;RPAD(' ',2)
6;33;909;19;P1_3_8;P1 3.8;NUM;Montant nominal;;MEDIA;vazio;;pack_utilitaire.f_format_montant_bis2(nvl((C_ENR.MNT_NOMINAL),0))
6;34;928;3;P1_3_9;P1 3.9;ALPHA;Devise du montant nominal;;MEDIA;vazio;;RPAD(NVL(C_ENR.CD_DEVISE_NOMINAL,' '),3,' ')
6;35;931;12;P1_3_31;P1 3.31;ALPHA;Zone libre (Ex PCCO – Nominal);;MEDIA;vazio;;RPAD(NVL(C_ENR.PCCO_NOMINAL,' '),12,' ')
6;36;943;2;P1_12_1;P1 12.1;ALPHA;Nature du sous-Jacent;;MEDIA;vazio;;RPAD(C_ENR.NATURE_PROD_SS_JACENT, 2,' ')
6;;945;1;P1_3_7;P1 3.7;NUM;Sens de la transaction;;FILLER;vazio;;RPAD(' ',1)
6;;946;1;P1_3_70;P1 3.70;NUM;Montant du Mark-to-Market (MtM) net si accord;;FILLER;vazio;;RPAD(' ',1)
6;;947;16;P1_3_70;P1 3.70;NUM;Montant du Mark-to-Market (MtM) net si accord;;FILLER;vazio;;RPAD(' ',16)
6;;963;2;P1_3_70;P1 3.70;NUM;Montant du Mark-to-Market (MtM) net si accord;;FILLER;vazio;;RPAD(' ',2)
6;;965;3;P1_3_71;P1 3.71;ALPHA;Devise du montant du Mark-to-Market (MtM) net;;FILLER;vazio;;RPAD(' ',3)
6;;968;1;P1_3_74;P1 3.74;ALPHA;Eligibilité des actifs sous-jacents des CDS T;;FILLER;vazio;;RPAD(' ',1)
6;37;969;20;P1_2_99;P1 2.99;ALPHA;Code méthode IFRS9 - PD à l'origine;P1 2.99;ALTA;ok;LC_MIG_D+            / PME_MIG_C-          ;RPAD(NVL(C_ENR.CD_METH_IFRS9_PD_ORIG,' '), 20)
6;;989;1;P1_3_80;P1 3.80;NUM;Montant du Mark-to-Market (MtM) brut;;FILLER;vazio;;RPAD(' ',1)
6;;990;16;P1_3_80;P1 3.80;NUM;Montant du Mark-to-Market (MtM) brut;;FILLER;vazio;;RPAD(' ',16)
6;;1006;2;P1_3_80;P1 3.80;NUM;Montant du Mark-to-Market (MtM) brut;;FILLER;vazio;;RPAD(' ',2)
6;;1008;3;P1_3_81;P1 3.81;ALPHA;Devise du montant du Mark-to-Market (MtM) bru;;FILLER;vazio;;RPAD(' ',3)
6;;1011;12;P1_3_82;P1 3.82;ALPHA;Zone libre (Ex PCCO – MtM brut);;FILLER;vazio;;RPAD(' ',12)
6;;1023;1;P1_3_83;P1 3.83;ALPHA;Modèle de l'assiette interne du risque de var;;FILLER;vazio;;RPAD(' ',1)
6;;1024;1;P1_3_15;P1 3.15;ALPHA;Indicateur accord de collatéralisation;;FILLER;vazio;;RPAD(' ',1)
6;;1025;25;P1_13_10;P1 13.10;ALPHA;Référence du contrat de collatéralisation;;FILLER;vazio;;RPAD(' ',25)
6;;1050;1;P1_3_16;P1 3.16;ALPHA;Indicateur accord de netting prudentiel;;FILLER;vazio;;RPAD(' ',1)
6;;1051;25;P1_3_17;P1 3.17;ALPHA;Référence du contrat de netting prudentiel;;FILLER;vazio;;RPAD(' ',25)
6;;1076;3;P1_3_19;P1 3.19;ALPHA;Devise de règlement de l'accord de netting pr;;FILLER;vazio;;RPAD(' ',3)
6;;1079;1;P1_3_84;P1 3.84;NUM;Montant de l'assiette interne du risque de va;;FILLER;vazio;;RPAD(' ',1)
6;;1080;16;P1_3_84;P1 3.84;NUM;Montant de l'assiette interne du risque de va;;FILLER;vazio;;RPAD(' ',16)
6;;1096;2;P1_3_84;P1 3.84;NUM;Montant de l'assiette interne du risque de va;;FILLER;vazio;;RPAD(' ',2)
6;;1098;3;P1_3_85;P1 3.85;ALPHA;Devise de l'assiette interne du risque de var;;FILLER;vazio;;RPAD(' ',3)
6;;1101;1;P1_3_72;P1 3.72;NUM;Montant de l'assiette réglementaire;;FILLER;vazio;;RPAD(' ',1)
6;;1102;16;P1_3_72;P1 3.72;NUM;Montant de l'assiette réglementaire;;FILLER;vazio;;RPAD(' ',16)
6;;1118;2;P1_3_72;P1 3.72;NUM;Montant de l'assiette réglementaire;;FILLER;vazio;;RPAD(' ',2)
6;;1120;3;P1_3_73;P1 3.73;ALPHA;Devise du montant de l'assiette réglementaire;;FILLER;vazio;;RPAD(' ',3)
6;;1123;3;P1_7_0;P1 7.0;NUM;Périodicité de réévaluation;;FILLER;vazio;;RPAD(' ',3)
6;;1126;1;P1_7_1;P1 7.1;NUM;Montant Mark-to-Market (MtM) de la jambe prêt;;FILLER;vazio;;RPAD(' ',1)
6;;1127;16;P1_7_1;P1 7.1;NUM;Montant Mark-to-Market (MtM) de la jambe prêt;;FILLER;vazio;;RPAD(' ',16)
6;;1143;2;P1_7_1;P1 7.1;NUM;Montant Mark-to-Market (MtM) de la jambe prêt;;FILLER;vazio;;RPAD(' ',2)
6;;1145;3;P1_7_2;P1 7.2;ALPHA;Devise du montant Mark-to-Market (MtM) de la ;;FILLER;vazio;;RPAD(' ',3)
6;;1148;12;P1_7_6;P1 7.6;ALPHA;Zone libre (Ex PCCO du MtM de la jambe prêteu;;FILLER;vazio;;RPAD(' ',12)
6;;1160;2;P1_7_7;P1 7.7;ALPHA;Jambe prêteuse du repo : nature du sous-jacen;;FILLER;vazio;;RPAD(' ',2)
6;;1162;2;P1_7_8;P1 7.8;ALPHA;Jambe prêteuse du repo : localisation bourse ;;FILLER;vazio;;RPAD(' ',2)
6;;1164;2;P1_7_9;P1 7.9;ALPHA;Jambe prêteuse du repo : indice dont les titr;;FILLER;vazio;;RPAD(' ',2)
6;;1166;12;P1_7_10;P1 7.10;ALPHA;Jambe prêteuse du repo : référence des titres;;FILLER;vazio;;RPAD(' ',12)
6;;1178;1;P1_7_11;P1 7.11;ALPHA;Jambe prêteuse du repo : échelon de qualité d;;FILLER;vazio;;RPAD(' ',1)
6;;1179;8;P1_7_12;P1 7.12;DATE;Jambe prêteuse du repo : échéance du titre so;;FILLER;vazio;;RPAD(' ',8)
6;;1187;20;P1_7_13;P1 7.13;ALPHA;Jambe prêteuse du repo : identifiant local de;;FILLER;vazio;;RPAD(' ',20)
6;;1207;10;P1_7_14;P1 7.14;ALPHA;Jambe prêteuse du repo : identifiant central ;;FILLER;vazio;;RPAD(' ',10)
6;;1217;1;P1_7_3;P1 7.3;NUM;Montant Mark-to-Market (MtM) de la jambe empr;;FILLER;vazio;;RPAD(' ',1)
6;;1218;16;P1_7_3;P1 7.3;NUM;Montant Mark-to-Market (MtM) de la jambe empr;;FILLER;vazio;;RPAD(' ',16)
6;;1234;2;P1_7_3;P1 7.3;NUM;Montant Mark-to-Market (MtM) de la jambe empr;;FILLER;vazio;;RPAD(' ',2)
6;;1236;3;P1_12_5;P1 12.5;ALPHA;Devise du montant Mark-to-Market (MtM) de la ;;FILLER;vazio;;RPAD(' ',3)
6;;1239;12;P1_7_15;P1 7.15;ALPHA;Zone libre (Ex PCCO du MtM de la jambe emprun;;FILLER;vazio;;RPAD(' ',12)
6;;1251;2;P1_7_16;P1 7.16;ALPHA;Jambe emprunteuse du repo : nature du sous-ja;;FILLER;vazio;;RPAD(' ',2)
6;;1253;2;P1_7_17;P1 7.17;ALPHA;Jambe emprunteuse du repo : localisation bour;;FILLER;vazio;;RPAD(' ',2)
6;;1255;2;P1_7_18;P1 7.18;ALPHA;Jambe emprunteuse du repo : indice dont les t;;FILLER;vazio;;RPAD(' ',2)
6;;1257;12;P1_7_19;P1 7.19;ALPHA;Jambe emprunteuse du repo : référence des tit;;FILLER;vazio;;RPAD(' ',12)
6;;1269;1;P1_7_20;P1 7.20;ALPHA;Jambe emprunteuse du repo : Echelon de qualit;;FILLER;vazio;;RPAD(' ',1)
6;;1270;8;P1_7_21;P1 7.21;DATE;Jambe emprunteuse du repo : échéance du titre;;FILLER;vazio;;RPAD(' ',8)
6;;1278;20;P1_7_22;P1 7.22;ALPHA;Jambe emprunteuse du repo : identifiant local;;FILLER;vazio;;RPAD(' ',20)
6;;1298;10;P1_7_23;P1 7.23;ALPHA;Jambe emprunteuse du repo : identifiant centr;;FILLER;vazio;;RPAD(' ',10)
6;;1308;1;P1_7_24;P1 7.24;ALPHA;Indicateur de période de liquidation 20 jours;;FILLER;vazio;;RPAD(' ',1)
6;;1309;1;P1_7_25;P1 7.25;ALPHA;Indicateur de période de liquidation à double;;FILLER;vazio;;RPAD(' ',1)
6;;1310;3;P1_16_3;P1 16.3;ALPHA;Séniorité de la tranche dans le véhicule;;FILLER;vazio;;RPAD(' ',3)
6;;1313;5;P1_11_33;P1 11.33;ALPHA;Rating de la tranche;;FILLER;vazio;;RPAD(' ',5)
6;;1318;2;P1_11_12;P1 11.12;ALPHA;Source du rating de la tranche;;FILLER;vazio;;RPAD(' ',2)
6;;1320;1;P1_16_9;P1 16.9;ALPHA;Indicateur 'Granularité des parts';;FILLER;vazio;;RPAD(' ',1)
6;;1321;1;P1_16_12;P1 16.12;ALPHA;Code position de la banque dans le programme;;FILLER;vazio;;RPAD(' ',1)
6;;1322;1;P1_16_13;P1 16.13;ALPHA;Indicateur Clause de remboursement anticipé;;FILLER;vazio;;RPAD(' ',1)
6;;1323;7;P1_16_15;P1 16.15;ALPHA;Méthode de pondération titrisation;;FILLER;vazio;;RPAD(' ',7)
6;;1330;1;P1_16_16;P1 16.16;ALPHA;Nature de la titrisation;;FILLER;vazio;;RPAD(' ',1)
6;;1331;1;P1_16_17;P1 16.17;ALPHA;Re-titrisation;;FILLER;vazio;;RPAD(' ',1)
6;;1332;1;P1_16_18;P1 16.18;ALPHA;Type de titrisation;;FILLER;vazio;;RPAD(' ',1)
6;;1333;1;P1_16_19;P1 16.19;NUM;Pondération à l'origine;;FILLER;vazio;;RPAD(' ',1)
6;;1334;4;P1_16_19;P1 16.19;NUM;Pondération à l'origine;;FILLER;vazio;;RPAD(' ',4)
6;;1338;5;P1_16_19;P1 16.19;NUM;Pondération à l'origine;;FILLER;vazio;;RPAD(' ',5)
6;;1343;8;P1_16_20;P1 16.20;ALPHA;Indicateur titrisation STS;;FILLER;vazio;;RPAD(' ',8)
6;38;1351;1;P1_4_31;P1 4.31;ALPHA;Indicateur Produit à sous-jacent;P1 4.31;ALTA;ok;N;RPAD(C_ENR.IND_PROD_SS_JACENT, 1,' ')
6;;1352;1;P1_4_32;P1 4.32;ALPHA;Indicateur de granularité;;FILLER;vazio;;RPAD(' ',1)
6;;1353;8;P1_4_33;P1 4.33;DATE;Date d'acquisition de la dernière part;;FILLER;vazio;;RPAD(' ',8)
6;;1361;1;P1_11_13;P1 11.13;NUM;Point d'attachement;;FILLER;vazio;;RPAD(' ',1)
6;;1362;4;P1_11_13;P1 11.13;NUM;Point d'attachement;;FILLER;vazio;;RPAD(' ',4)
6;;1366;5;P1_11_13;P1 11.13;NUM;Point d'attachement;;FILLER;vazio;;RPAD(' ',5)
6;;1371;1;P1_11_14;P1 11.14;NUM;Point de détachement;;FILLER;vazio;;RPAD(' ',1)
6;;1372;4;P1_11_14;P1 11.14;NUM;Point de détachement;;FILLER;vazio;;RPAD(' ',4)
6;;1376;5;P1_11_14;P1 11.14;NUM;Point de détachement;;FILLER;vazio;;RPAD(' ',5)
6;;1381;8;P1_4_24;P1 4.24;DATE;Date de signature du contrat;;FILLER;vazio;;RPAD(' ',8)
6;;1389;1;P1_4_36;P1 4.36;ALPHA;Indicateur de transparence de la structure;;FILLER;vazio;;RPAD(' ',1)
6;;1390;1;P1_4_49;P1 4.49;ALPHA;Indicateur d'engagement de valeur minimale su;;FILLER;vazio;;RPAD(' ',1)
6;;1391;4;P1_4_99;P1 4.99;ALPHA;Filler;;FILLER;vazio;;RPAD(' ',4)
6;;1395;24;P1_4_45;P1 4.45;ALPHA;NATure d'Opération des intérêts dus / coupons;;FILLER;vazio;;RPAD(' ',24)
6;39;1419;2;P1_3_20;P1 3.20;NUM;Maturité résiduelle;;MEDIA;ok;00 / 01;LPAD(ABS(TRUNC(C_ENR.MATURITE_EFF)),2,'0')
6;40;1421;4;P1_3_20;P1 3.20;NUM;Maturité résiduelle;;MEDIA;ok;0000 / 0027;LPAD(ABS(MOD(C_ENR.MATURITE_EFF *10000,10000)),4,'0')
6;41;1425;1;P1_4_8;P1 4.8;ALPHA;Indicateur bilan hors bilan;;MEDIA;ok;B;RPAD(NVL(C_ENR.TOP_ENG,' '),1,' ')
6;;1426;3;P1_12_16;P1 12.16;ALPHA;Code séniorité;;FILLER;vazio;;RPAD(' ',3)
6;42;1429;2;P1_3_75;P1 3.75;ALPHA;Instrument financier;;MEDIA;vazio;;RPAD(NVL(C_ENR.INSTRUMENT_FINANCIER, ' '),2,' ')
6;43;1431;6;P1_4_42;P1 4.42;ALPHA;Type de produit bancaire;;MEDIA;ok;CRED03 / CRED10;RPAD(NVL(C_ENR.CD_TYPE_PROD_BANCAIRE,' '),6,' ')
6;44;1437;8;P1_3_3;P1 3.3;DATE;Date de valeur de prise d'effet du contrat;;MEDIA;ok;20250630;RPAD(nvl(TO_CHAR(C_ENR.DT_ARRETE, 'YYYYMMDD'),' '),8,' ')
6;;1445;16;P1_4_43;P1 4.43;ALPHA;Segment de notation du groupe de risque;;FILLER;ok;       20081203  /        20120130 ;RPAD(' ',16)
6;;1461;20;P1_3_62;P1 3.62;ALPHA;Identifiant local du tiers Garant des titres ;;FILLER;vazio;;RPAD(' ',20)
6;;1481;10;P1_3_63;P1 3.63;ALPHA;Identifiant central du tiers Garant des titre;;FILLER;vazio;;RPAD(' ',10)
6;;1491;30;P1_3_64;P1 3.64;ALPHA;Zone libre (Ex Indicateur titre déprécié);;FILLER;vazio;;RPAD(' ',30)
6;;1521;1;P1_4_25;P1 4.25;NUM;Montant du Add-on affacturage;;FILLER;vazio;;RPAD(' ',1)
6;;1522;16;P1_4_25;P1 4.25;NUM;Montant du Add-on affacturage;;FILLER;vazio;;RPAD(' ',16)
6;;1538;2;P1_4_25;P1 4.25;NUM;Montant du Add-on affacturage;;FILLER;vazio;;RPAD(' ',2)
6;;1540;3;P1_4_26;P1 4.26;ALPHA;Devise du montant du Add-on affacturage;;FILLER;vazio;;RPAD(' ',3)
6;;1543;1;P1_4_27;P1 4.27;NUM;Montant de la part de financement garanti par;;FILLER;vazio;;RPAD(' ',1)
6;;1544;16;P1_4_27;P1 4.27;NUM;Montant de la part de financement garanti par;;FILLER;vazio;;RPAD(' ',16)
6;;1560;2;P1_4_27;P1 4.27;NUM;Montant de la part de financement garanti par;;FILLER;vazio;;RPAD(' ',2)
6;;1562;3;P1_4_28;P1 4.28;ALPHA;Devise du montant de la part de financement g;;FILLER;vazio;;RPAD(' ',3)
6;;1565;30;P1_4_30;P1 4.30;NUM;Expected Loss Best Estimate (en %);;FILLER;vazio;;RPAD(' ',30)
6;;1595;1;P1_4_29;P1 4.29;ALPHA;Indicateur créance titrisée;;FILLER;ok;N;RPAD(' ',1)
6;;1596;50;P1_4_40;P1 4.40;ALPHA;Identifiant du Fonds Commun de Titrisation (S;;FILLER;vazio;;RPAD(' ',50)
6;;1646;10;P1_8_99;P1 8.99;ALPHA;Filler;;FILLER;vazio;;RPAD(' ',10)
6;;1656;1;P1_4_38;P1 4.38;ALPHA;Indicateur autonomie patrimoniale de l'actif ;;FILLER;vazio;;RPAD(' ',1)
6;;1657;1;P1_4_39;P1 4.39;ALPHA;Indicateur portabilité de l'actif en cas de d;;FILLER;vazio;;RPAD(' ',1)
6;;1658;1;P1_4_37;P1 4.37;ALPHA;Indicateur de ségrégation;;FILLER;vazio;;RPAD(' ',1)
6;;1659;1;P1_4_35;P1 4.35;ALPHA;Indicateur opinion juridique;;FILLER;vazio;;RPAD(' ',1)
6;;1660;1;P1_3_36;P1 3.36;ALPHA;Indicateur compensation centrale;;FILLER;vazio;;RPAD(' ',1)
6;;1661;30;P1_9_99;P1 9.99;ALPHA;Filler;;FILLER;vazio;;RPAD(' ',30)
6;;1691;12;P1_12_3;P1 12.3;ALPHA;Référence du titre sous-jacent;;FILLER;vazio;;RPAD(' ',12)
6;;1703;1;P1_12_19;P1 12.19;ALPHA;Echelon de qualité de crédit du titre sous-ja;;FILLER;vazio;;RPAD(' ',1)
6;;1704;8;P1_12_6;P1 12.6;DATE;Date d'échéance du titre sous-jacent;;FILLER;vazio;;RPAD(' ',8)
6;;1712;2;P1_15_1;P1 15.1;ALPHA;Indice boursier auquel appartient le titre so;;FILLER;vazio;;RPAD(' ',2)
6;;1714;2;P1_15_2;P1 15.2;ALPHA;Localisation bourse de cotation du titre sous;;FILLER;vazio;;RPAD(' ',2)
6;;1716;20;P1_12_17;P1 12.17;ALPHA;Identifiant local du tiers émetteur du titre ;;FILLER;vazio;;RPAD(' ',20)
6;;1736;10;P1_12_18;P1 12.18;ALPHA;Identifiant central du tiers émetteur du titr;;FILLER;vazio;;RPAD(' ',10)
6;;1746;24;P1_10_99;P1 10.99;ALPHA;Filler;;FILLER;vazio;;RPAD(' ',24)
6;;1770;30;P1_3_89;P1 3.89;ALPHA;Méthode réglementaire de calcul de l'expositi;;FILLER;vazio;;RPAD(' ',30)
6;;1800;1;P1_11_15;P1 11.15;ALPHA;Identifiant local de la chambre de compensati;;FILLER;vazio;;RPAD(' ',1)
6;;1801;16;P1_11_15;P1 11.15;ALPHA;Identifiant local de la chambre de compensati;;FILLER;vazio;;RPAD(' ',16)
6;;1817;2;P1_11_15;P1 11.15;ALPHA;Identifiant local de la chambre de compensati;;FILLER;vazio;;RPAD(' ',2)
6;;1819;3;P1_11_16;P1 11.16;ALPHA;Identifiant central de la chambre de compensa;;FILLER;vazio;;RPAD(' ',3)
6;;1822;1;P1_11_16;P1 11.16;ALPHA;Identifiant central de la chambre de compensa;;FILLER;vazio;;RPAD(' ',1)
6;;1823;30;P1_11_16;P1 11.16;ALPHA;Identifiant central de la chambre de compensa;;FILLER;vazio;;RPAD(' ',30)
6;;1853;3;P1_11_4;P1 11.4;ALPHA;Identifiant local du tiers couvert par le Dér;;FILLER;vazio;;RPAD(' ',3)
6;;1856;1;P1_11_5;P1 11.5;ALPHA;Identifiant central du tiers couvert par le D;;FILLER;vazio;;RPAD(' ',1)
6;;1857;1;P1_11_5;P1 11.5;ALPHA;Identifiant central du tiers couvert par le D;;FILLER;vazio;;RPAD(' ',1)
6;;1858;20;P1_11_5;P1 11.5;ALPHA;Identifiant central du tiers couvert par le D;;FILLER;vazio;;RPAD(' ',20)
6;;1878;10;P1_3_10;P1 3.10;NUM;Montant notionnel de la jambe achetée des dér;;FILLER;vazio;;RPAD(' ',10)
6;;1888;1;P1_3_10;P1 3.10;NUM;Montant notionnel de la jambe achetée des dér;;FILLER;vazio;;RPAD(' ',1)
6;;1889;4;P1_3_10;P1 3.10;NUM;Montant notionnel de la jambe achetée des dér;;FILLER;vazio;;RPAD(' ',4)
6;;1893;5;P1_3_11;P1 3.11;ALPHA;Devise du montant du notionnel de la jambe pa;;FILLER;vazio;;RPAD(' ',5)
6;;1898;1;P1_3_12;P1 3.12;NUM;Montant du notionnel de la jambe vendue des d;;FILLER;vazio;;RPAD(' ',1)
6;;1899;16;P1_3_12;P1 3.12;NUM;Montant du notionnel de la jambe vendue des d;;FILLER;vazio;;RPAD(' ',16)
6;;1915;2;P1_3_13;P1 3.13;ALPHA;Devise du montant du notionnel de la jambe ve;;FILLER;vazio;;RPAD(' ',2)
6;;1917;3;P1_3_13;P1 3.13;ALPHA;Devise du montant du notionnel de la jambe ve;;FILLER;vazio;;RPAD(' ',3)
6;;1920;1;P1_10_1;P1 10.1;ALPHA;Nature de l'Option;;FILLER;vazio;;RPAD(' ',1)
6;;1921;16;P1_10_1;P1 10.1;ALPHA;Nature de l'Option;;FILLER;vazio;;RPAD(' ',16)
6;;1937;2;P1_8_2;P1 8.2;ALPHA;Indice de référence du taux payé;;FILLER;vazio;;RPAD(' ',2)
6;;1939;3;P1_8_11;P1 8.11;ALPHA;Type du taux reçu du dérivé;;FILLER;vazio;;RPAD(' ',3)
6;;1942;2;P1_8_12;P1 8.12;ALPHA;Indice de référence du taux reçu;;FILLER;vazio;;RPAD(' ',2)
6;;1944;3;P1_8_12;P1 8.12;ALPHA;Indice de référence du taux reçu;;FILLER;vazio;;RPAD(' ',3)
6;;1947;1;P1_8_12;P1 8.12;ALPHA;Indice de référence du taux reçu;;FILLER;vazio;;RPAD(' ',1)
6;;1948;1;P1_8_12;P1 8.12;ALPHA;Indice de référence du taux reçu;;FILLER;vazio;;RPAD(' ',1)
6;;1949;14;P1_8_12;P1 8.12;ALPHA;Indice de référence du taux reçu;;FILLER;vazio;;RPAD(' ',14)
6;;1963;1;P1_20_1;P1 20.1;NUM;Quantité à recevoir;;FILLER;vazio;;RPAD(' ',1)
6;;1964;14;P1_20_1;P1 20.1;NUM;Quantité à recevoir;;FILLER;vazio;;RPAD(' ',14)
6;;1978;1;P1_20_3;P1 20.3;NUM;Quantité à livrer;;FILLER;vazio;;RPAD(' ',1)
6;;1979;16;P1_20_3;P1 20.3;NUM;Quantité à livrer;;FILLER;vazio;;RPAD(' ',16)
6;;1995;2;P1_20_4;P1 20.4;ALPHA;Unité de mesure de la quantité à livrer;;FILLER;vazio;;RPAD(' ',2)
6;;1997;3;P1_20_4;P1 20.4;ALPHA;Unité de mesure de la quantité à livrer;;FILLER;vazio;;RPAD(' ',3)
6;;2000;1;P1_10_4;P1 10.4;NUM;Prix d'exercice de l'option;;FILLER;vazio;;RPAD(' ',1)
6;;2001;16;P1_10_4;P1 10.4;NUM;Prix d'exercice de l'option;;FILLER;vazio;;RPAD(' ',16)
6;;2017;2;P1_10_4;P1 10.4;NUM;Prix d'exercice de l'option;;FILLER;vazio;;RPAD(' ',2)
6;;2019;3;P1_10_21;P1 10.21;ALPHA;Devise du prix d'exercice de l'option;;FILLER;vazio;;RPAD(' ',3)
6;;2022;102;P1_10_5;P1 10.5;NUM;Prix d'exercice en taux;;FILLER;vazio;;RPAD(' ',102)
6;;2124;36;P1_21_98;P1 21.98;ALPHA;Identifiant du deal Back-to-Back avec CACIB;;FILLER;ok;                                 114 /                                  154;RPAD(' ',36)
6;45;2160;2;P1_21_6;P1 21.6;ALPHA;Indicateur créance performante;;MEDIA;ok;NP / PE;RPAD(NVL(C_ENR.IND_CRE_PERF,'PE'),2,' ')
6;;2162;72;P1_21_7;P1 21.7;DATE;Date de première action de forbearance;;FILLER;incoerente;                                                                20250228 /                 20240831                2024083120260831                ;RPAD(' ',72)
6;46;2234;8;P1_21_16;P1 21.16;DATE;Date de début de l'état de performance de la ;;MEDIA;ok;20081203 / 20120130;RPAD(NVL(TO_CHAR(C_ENR.DT_PL_NPL,'YYYYMMDD'), ' '),8,' ')
6;47;2242;2;P1_21_17;P1 21.17;ALPHA;Zone libre (ex Motif de l'état de performance;;MEDIA;vazio;;RPAD(NVL(C_ENR.CD_MOTIF_PL_NPL,' '),2,' ')
6;;2244;2;P1_21_18;P1 21.18;NUM;Nombre de restructuration pour risque;;FILLER;vazio;;RPAD(' ',2)
6;;2246;2;P1_21_19;P1 21.19;ALPHA;Méthode de restructuration;;FILLER;vazio;;RPAD(' ',2)
6;;2248;2;P1_21_99;P1 21.99;ALPHA;Filler;;FILLER;vazio;;RPAD(' ',2)
6;48;2250;3;P1_22_56;P1 22.56;ALPHA;Indicateur produit échéancé;;MEDIA;ok;ECH;RPAD(NVL(C_ENR.IND_PROD_ECH,' '),3,' ')
6;;2253;1;P1_22_57;P1 22.57;ALPHA;Indicateur objet métier palier fourni;;FILLER;ok;N;RPAD(' ',1)
6;49;2254;40;P1_22_1;P1 22.1;ALPHA;Référence unique du contrat;;MEDIA;ok;200622VM0                                / 202878FN0                               ;RPAD(NVL(C_ENR.REF_UNIQ_CONT,' '),40,' ')
6;50;2294;40;P1_22_51;P1 22.51;ALPHA;Référence Unique de l'élément du contrat;;MEDIA;ok;200622VM0                                / 202878FN0                               ;RPAD(NVL(C_ENR.REF_UNIQ_CONT,' '),40,' ')
6;;2334;1;P1_22_2;P1 22.2;ALPHA;Indicateur niveau de risque;;FILLER;vazio;;RPAD(' ',1)
6;;2335;4;P1_22_3;P1 22.3;ALPHA;Famille de risque de l'opération couverte par;;FILLER;vazio;;RPAD(' ',4)
6;;2339;40;P1_22_4;P1 22.4;ALPHA;Zone libre (Ex Référence unique du contrat co;;FILLER;vazio;;RPAD(' ',40)
6;51;2379;2;P1_22_5;P1 22.5;ALPHA;Note finale retenue à l'origine;;MEDIA;ok;A  / A+;RPAD('ND',2)
6;;2381;10;P1_22_52;P1 22.52;ALPHA;Note externe à l'origine;;FILLER;vazio;;RPAD(' ',10)
6;;2391;2;P1_22_6;P1 22.6;ALPHA;Organisme de notation à l'origine;;FILLER;ok;I ;RPAD(' ',2)
6;;2393;2;P1_22_53;P1 22.53;ALPHA;Segment de notation à l'origine;;FILLER;ok;02 / 03;RPAD(' ',2)
6;;2395;46;P1_22_54;P1 22.54;ALPHA;Grille Modèle de notation à l'origine;;FILLER;ok;044102011071320130114FR                        / 044102011071320150930FR                       ;RPAD(' ',46)
6;;2441;3;P1_22_55;P1 22.55;ALPHA;Méthodologie de notation à l'origine;;FILLER;ok;999 / C1 ;RPAD(' ',3)
6;52;2444;2;P1_22_7;P1 22.7;ALPHA;Objet du financement;;MEDIA;ok;04 / 97;RPAD('97',2)
6;53;2446;19;P1_22_8;P1 22.8;NUM;Montant du contrat à l'origine;P1 22.8;ALTA;ok;+000000000000000000 / +000000000000040419;pack_utilitaire.F_FORMAT_MONTANT_BIS2(C_ENR.MNT_CONTRAT_ORIGINE)
6;54;2465;3;P1_22_9;P1 22.9;ALPHA;Devise du montant du contrat à l'origine;P1 22.9;ALTA;ok;EUR;RPAD(nvl(C_ENR.DEV_MNT_CONTRAT_ORIGINE, 'EUR'), 3)
6;55;2468;1;P1_22_12;P1 22.12;ALPHA;Indicateur échéancier fourni;;MEDIA;ok;N;RPAD(NVL(C_ENR.IND_ECH_FOUR,' '),1,' ')
6;;2469;166;P1_22_13;P1 22.13;NUM;Taux d'intérêt effectif (TIE) à l'origine;;FILLER;incoerente;+000000000F            LMM+000000000120130430        +000000000+000000000 000+000000000+000000000+000000000EXA-36020130430                   EUR+000000000000000000EUR / +000028000F            LMM+000028000120201022        +000000000+000000000 000+000028000+000000000+000000000EXB-EXB20201201+000000000023537650EUR+000000000001563461EUR;RPAD(' ',166)
6;56;2635;1;P1_22_36;P1 22.36;ALPHA;Option de remboursement anticipé;;MEDIA;ok;3;RPAD(NVL(C_ENR.IND_RMB_ANTICIPE,' '),1,' ')
6;;2636;177;P1_22_37;P1 22.37;DATE;Date du premier arriéré de paiement;P1 22.37;FILLER;incoerente;                                                                  +000000000000000000EUR                                                  2013123120361216+000000000000000000EURE /                                                                   +000000000000000000EUR                                                  2016063020321231+000000000000000000EURE;RPAD(' ', 177)
6;;2813;8;P1_22_63;P1 22.63;DATE;Date de début de l'engagement renouvelé;P1 22.63;FILLER;ok;20170131 / 20200508;RPAD(' ', 8)
6;;2821;30;P1_22_64;P1 22.64;ALPHA;Type de prêt habitat;P1 22.64;FILLER;ok;            FR20081203   00000 /             FR20120130   00000;RPAD(' ', 30)
6;57;2851;3;P1_22_71;P1 22.71;ALPHA;Motif du passage en engagement en défaut;;MEDIA;ok;060 / 200;CASE WHEN C_ENR.CD_MOTIF_SCO_LC0267 is NULL then RPAD(' ', 3) ELSE LPA
6;58;2854;2;P1_22_72;P1 22.72;ALPHA;Bucket IFRS9;;MEDIA;ok;B1 / B2;RPAD(NVL(C_ENR.BUCKET_IFRS9,' '),2,' ')
6;;2856;20;P1_22_73;P1 22.73;NUM;Probabilité de défaut à l'origine calculée en;;FILLER;vazio;;RPAD(' ',20)
6;59;2876;1;P1_23_1;P1 23.1;ALPHA;Eligibilité Outil Mutualisé de provisionnemen;;MEDIA;ok;2 / 4;RPAD(NVL(C_ENR.ELI_OUT_MUT_PROV,' '),1,' ')
6;60;2877;7;P1_23_2;P1 23.2;ALPHA;Centre de résultat;;MEDIA;ok;LEASING;RPAD(NVL(C_ENR.CENTRE_RES,' '),7,' ')
6;61;2884;20;P1_23_3;P1 23.3;ALPHA;Système de gestion source;;MEDIA;ok;KSP                  / LIX                 ;RPAD(NVL(C_ENR.SYS_GEST_SRC,' '),20)
6;62;2904;3;P1_23_4;P1 23.4;ALPHA;Classification comptable des actifs en norme ;;MEDIA;ok;CAM;RPAD(NVL(C_ENR.CLA_COMP_ACT_IFRS9,' '),3,' ')
6;63;2907;3;P1_23_5;P1 23.5;ALPHA;Classification comptable des actifs en norme ;;MEDIA;ok;PRC;RPAD(NVL(C_ENR.CLA_COMP_ACT_NATIONALE,' '),3,' ')
6;64;2910;1;P1_23_6;P1 23.6;ALPHA;Indicateur Actif déprécié dès l'origination;;MEDIA;ok;N;RPAD(NVL(C_ENR.IND_ACT_DEP_ORI,' '),1,' ')
6;65;2911;40;P1_23_7;P1 23.7;ALPHA;Zone libre d'appariement comptable;;MEDIA;ok;A5171100_040_00370_CRBA                  / A5231100_022_00370_CREN                 ;RPAD(NVL(C_ENR.ZONE_APP_COMP,' '),40,' ')
6;;2951;10;P1_23_12;P1 23.12;ALPHA;Zone OMP locale 1;;FILLER;vazio;;RPAD (' ', 10)
6;66;2961;12;P1_23_8;P1 23.8;ALPHA;Code méthode IFRS9 - PD;;MEDIA;vazio;;RPAD (nvl(C_ENR.CD_METH_IFRS9_PD,' '), 12)
6;67;2973;12;P1_23_9;P1 23.9;ALPHA;Code méthode IFRS9 - Loss Given Default (LGD);;MEDIA;ok;DEFAUTLGD    / LGCBI_GAR0  ;RPAD (nvl(C_ENR.CD_METH_IFRS9_LGD,' '), 12)
6;68;2985;12;P1_23_10;P1 23.10;ALPHA;Code méthode IFRS9 - CCF;;MEDIA;ok;CCCALL0010   / CCCALL0020  ;RPAD (nvl(C_ENR.CD_METH_IFRS9_CCF,' '), 12)
6;69;2997;12;P1_23_11;P1 23.11;ALPHA;Code méthode IFRS9 - Taux de remboursement an;;MEDIA;ok;RACBI0001    / RACBM0001   ;RPAD (nvl(C_ENR.CD_METH_IFRS9_TX,' '), 12)
6;;3009;2;P1_23_99;P1 23.99;ALPHA;Filler;;FILLER;vazio;;RPAD (' ', 2)
6;70;3011;1;P1_24_1;P1 24.1;ALPHA;Eligibilité Prudent Valuation;;MEDIA;ok;N;RPAD(NVL(C_ENR.ELIGIB_PRUDENT_VAL,' '),1,' ')
6;;3012;2;P1_24_2;P1 24.2;ALPHA;Motif d'exemption déclaré à l'ajustement à la;;FILLER;vazio;;RPAD(' ',2)
6;71;3014;1;P1_24_3;P1 24.3;ALPHA;Hiérarchie de la juste valeur;;MEDIA;vazio;;RPAD(NVL(C_ENR.HIERARCHIE_JUSTE_VALEUR,' '),1)
6;72;3015;1;P1_24_4;P1 24.4;ALPHA;Complexité du produit;;MEDIA;vazio;;RPAD(NVL(C_ENR.COMPLEXITE_PRODUIT,' '),1)
6;73;3016;1;P1_24_5;P1 24.5;ALPHA;Indicateur actif coté;;MEDIA;vazio;;RPAD(NVL(C_ENR.IND_ACTIF_COTE,' '),1)
6;74;3017;13;P1_24_6;P1 24.6;NUM;Quantité de titres ou de dérivés;;MEDIA;vazio;;pack_utilitaire.F_FORMAT_MONTANT_13_2(C_ENR.NB_TITRES)
6;;3030;50;P1_24_7;P1 24.7;ALPHA;Libellé du titre;P1 24.7;FILLER;vazio;;RPAD(' ',50)
6;;3080;1;P1_24_8;P1 24.8;ALPHA;Type d'identification des valeurs mobilières;P1 24.8;FILLER;vazio;;RPAD(' ',1)
6;;3081;1;P1_24_9;P1 24.9;ALPHA;Fréquence de valorisation;P1 24.9;FILLER;vazio;;RPAD(' ',1)
6;;3082;19;P1_24_10;P1 24.10;NUM;Montant actif net comptable du fonds;P1 24.10;FILLER;vazio;;RPAD(' ',19)
6;;3101;3;P1_24_11;P1 24.11;ALPHA;Devise du montant actif net comptable du fond;P1 24.11;FILLER;vazio;;RPAD(' ',3)
6;;3104;10;P1_24_12;P1 24.12;NUM;Ratio d'emprise;P1 24.12;FILLER;vazio;;RPAD(' ',10)
6;;3114;10;P1_24_13;P1 24.13;NUM;Cotation spread émetteur (%);P1 24.13;FILLER;vazio;;RPAD(' ',10)
6;;3124;19;P1_24_14;P1 24.14;NUM;Montant d'acquisition initial unitaire;P1 24.14;FILLER;vazio;;RPAD(' ',19)
6;;3143;3;P1_24_15;P1 24.15;ALPHA;Devise du montant d'acquisition initial unita;P1 24.15;FILLER;vazio;;RPAD(' ',3)
6;;3146;19;P1_24_16;P1 24.16;NUM;Montant du Mark-to-Market (MtM) Pied de coupo;P1 24.16;FILLER;vazio;;RPAD(' ',19)
6;;3165;3;P1_24_17;P1 24.17;ALPHA;Devise du montant du Mark-to-Market (MtM) Pie;P1 24.17;FILLER;vazio;;RPAD(' ',3)
6;;3168;19;P1_24_18;P1 24.18;NUM;Montant du Mark-to-Market (MtM) de la part no;P1 24.18;FILLER;vazio;;RPAD(' ',19)
6;;3187;3;P1_24_19;P1 24.19;ALPHA;Devise du montant du Mark-to-Market (MtM) de ;P1 24.19;FILLER;vazio;;RPAD(' ',3)
6;;3190;1;P1_24_20;P1 24.20;ALPHA;Indicateur back to back;P1 24.20;FILLER;vazio;;RPAD(' ',1)
6;;3191;40;P1_24_21;P1 24.21;ALPHA;Référence unique de l'opération associée en b;P1 24.21;FILLER;vazio;;RPAD(' ',40)
6;;3231;40;P1_24_22;P1 24.22;ALPHA;Référence unique de l'opération de dérivé en ;P1 24.22;FILLER;vazio;;RPAD(' ',40)
6;;3271;1;P1_24_23;P1 24.23;ALPHA;Intention de couverture;P1 24.23;FILLER;vazio;;RPAD(' ',1)
6;;3272;1;P1_24_24;P1 24.24;ALPHA;Type de relation de couverture;P1 24.24;FILLER;vazio;;RPAD(' ',1)
6;;3273;1;P1_24_25;P1 24.25;ALPHA;Jambe prêteuse : Indicateur actif coté;P1 24.25;FILLER;vazio;;RPAD(' ',1)
6;;3274;10;P1_24_26;P1 24.26;NUM;Jambe prêteuse : quantité de titres;P1 24.26;FILLER;vazio;;RPAD(' ',10)
6;;3284;50;P1_24_27;P1 24.27;ALPHA;Jambe prêteuse : libellé du titre;P1 24.27;FILLER;vazio;;RPAD(' ',50)
6;;3334;33;P1_24_28;P1 24.28;ALPHA;Jambe prêteuse : type d'identification des va;;FILLER;vazio;;RPAD(' ',33)
6;;3367;294;P1_24_31;P1 24.31;ALPHA;Jambe emprunteuse : Indicateur actif coté;;FILLER;vazio;;RPAD(' ',294)
6;75;3661;1;P1_26_1;P1 26.1;ALPHA;Indicateur mobilisation de l'actif;;MEDIA;ok;1 / 3;RPAD(NVL(C_ENR.IND_MOBIL_ACTIF,' '),1,' ')
6;76;3662;1;P1_22_11;P1 22.11;ALPHA;Indicateur éligibilité de l'actif à une mobil;P1 22.11;ALTA;ok;N / Y;RPAD(NVL(C_ENR.ELIG_MOB_BANQUE_CENTRALE, ' '), 1)
6;77;3663;3;P1_26_3;P1 26.3;ALPHA;Référence de mobilisation de l'actif;P1 26.3;ALTA;ok;1  ;RPAD(NVL(C_ENR.REF_MOB_ACTIF, ' '), 3)
6;78;3666;3;P1_26_4;P1 26.4;ALPHA;Code organisme de mobilisation;P1 26.4;ALTA;ok;404;RPAD(NVL(C_ENR.CD_ORGA_MOBIL, ' '), 3)
6;;3669;44;P1_26_99;P1 26.99;ALPHA;Zone réservée Asset Encumbrance;;FILLER;vazio;;RPAD(' ',44)
6;;3713;22;P1_27_1;P1 27.1;NUM;Montant cumulé des recouvrements depuis le dé;;FILLER;vazio;;RPAD(' ',22)
6;79;3735;1;P1_27_3;P1 27.3;ALPHA;Eligibilité Outil Central ANACREDIT;P1 27.3;ALTA;ok;1 / 2;RPAD(NVL(C_ENR.IND_ELIGI_OUTI_CTRAL_ANACRD, '2'), 1)
6;80;3736;2;P1_27_4;P1 27.4;ALPHA;Motif exclusion à la déclaration ANACREDIT;P1 27.4;ALTA;ok;02;RPAD(NVL(C_ENR.MOTIF_EXCLU_ANACREDIT, ' '), 2)
6;;3738;23;P1_27_99;P1 27.99;ALPHA;Filler;;FILLER;vazio;;RPAD(' ',23)
6;;3761;24;P1_28_1;P1 28.1;ALPHA;Indicateur opération effet de levier;;FILLER;ok;0                        / 0 +000000000000000000EUR;RPAD(' ',24)
6;;3785;190;P1_30_1;P1 30.1;ALPHA;Type de contrat cadre;;FILLER;vazio;;RPAD(' ',190)
6;;3975;6;P1_30_22;P1 30.22;ALPHA;Référence du contrat cadre;;FILLER;vazio;;RPAD(' ',6)
6;81;3981;1;P1_30_22;P1 30.22;ALPHA;Référence du contrat cadre;;MEDIA;ok;N;'N'
6;;3982;18;P1_30_23;P1 30.23;ALPHA;Indicateur accord de netting contractuel;;FILLER;vazio;;RPAD (' ', 18)
6;;4000;7;P1_30_24;P1 30.24;ALPHA;Référence du contrat de netting contractuel;;FILLER;vazio;;RPAD (' ', 7)
6;82;4007;1;P1_30_24;P1 30.24;ALPHA;Référence du contrat de netting contractuel;;MEDIA;vazio;;'N'
6;;4008;25;P1_30_25;P1 30.25;ALPHA;Indicateur accord de netting comptable;;FILLER;ok;N                        ;RPAD (' ', 25)
6;;4033;1;P1_30_26;P1 30.26;ALPHA;Référence du contrat de netting comptable;;FILLER;vazio;;RPAD (' ', 1)
6;;4034;5;P1_30_27;P1 30.27;ALPHA;Finalité de l'opération;;FILLER;vazio;;RPAD(' ',5)
6;83;4039;40;P1_31_1;P1 31.1;ALPHA;Code entité de la succursale à l'origine de l;;BAIXA;ok; 200622VM0                               /  202878FN0                              ;RPAD(NVL(C_ENR.REF_UNIQ_CONT, ' '), 40)
6;84;4079;40;P1_31_2;P1 31.2;ALPHA;Référence unique du contrat à l'origine;;BAIXA;ok; 200622VM0                               /  202878FN0                              ;RPAD(NVL(C_ENR.REF_UNIQ_ELEM_CONT, ' '), 40)
6;85;4119;19;P1_31_3;P1 31.3;ALPHA;Référence unique de l'élément de contrat à l';;BAIXA;ok; +00000000000000000 /  +00000000000004041;RPAD(pack_utilitaire.f_format_montant_bis2(C_ENR.MNT_ENG_DT_SIGN_CTRT)
6;86;4138;1;P1_31_4;P1 31.4;NUM;Montant en euros de l'engagement à la date de;;MEDIA;ok;0 / 1;RPAD(NVL(C_ENR.IND_RESPO_SOLIDAIRE, ' '), 1)
6;87;4139;1;P1_31_5;P1 31.5;ALPHA;Indicateur responsabilité solidaire;;MEDIA;ok;N;RPAD (NVL(C_ENR.IND_ISF,'2'), 1)
6;;4140;6;P1_31_6;P1 31.6;ALPHA;Indicateur dossier infrastructure éligible au;;FILLER;ok;1      / 2     ;RPAD(' ',6)
6;;4146;1;P1_31_7;P1 31.7;ALPHA;Rang dans la hiérarchie des créanciers;;FILLER;vazio;;RPAD(' ',1)
6;88;4147;15;P1_31_8;P1 31.8;ALPHA;Droit d'un pays tiers : reconnaissance de la ;;BAIXA;ok; 14100          /  24140         ;RPAD(NVL(C_ENR.CD_COMMUNE_BIEN_FINAN, ' '),15,' ')
6;89;4162;2;P1_31_9;P1 31.9;ALPHA;Lieu d'investissement du bien principal finan;;BAIXA;ok; F;RPAD(NVL(C_ENR.CD_PAYS_BIEN_FINAN, ' '),2,' ')
6;;4164;40;P1_31_10;P1 31.10;ALPHA;Lieu d'investissement du bien principal finan;;FILLER;ok;R                                       ;RPAD(' ', 40)
6;90;4204;1;P1_31_16;P1 31.16;ALPHA;Devise du montant de l'apport à l'octroi;P1 31.17;BAIXA;vazio;;RPAD('+',1)
6;91;4205;5;P1_31_17;P1 31.17;NUM;Durée initiale du prêt;P1 31.17;ALTA;ok;+0001 / +0002;RPAD('00000',5)
6;92;4210;1;P1_31_17;P1 31.17;NUM;Durée initiale du prêt;P1 31.18;BAIXA;ok;0 / 1;RPAD('+',1)
6;93;4211;5;P1_31_18;P1 31.18;NUM;Durée totale du prêt à date;P1 31.18;ALTA;ok;+0001 / +0002;RPAD('00000',5)
6;;4216;6;P1_31_18;P1 31.18;NUM;Durée totale du prêt à date;;FILLER;ok;0      / 1     ;RPAD(' ', 6)
6;;4222;1;P1_31_19;P1 31.19;NUM;Durée de la période d'anticipation à date d'a;;FILLER;vazio;;RPAD(' ', 1)
6;;4223;2;P1_31_20;P1 31.20;ALPHA;Méthode de valorisation du bien;;FILLER;ok; 0;RPAD(' ', 2)
6;94;4225;2;P1_31_21;P1 31.21;ALPHA;Type de sécurisation à l'octroi;P1 31.22;ALTA;ok;10 / 20;CASE WHEN C_ENR.CD_TYPE_RISQUE = 'TRE502' THEN '01' WHEN C_ENR.CD_TYPE
6;;4227;97;P1_31_22;P1 31.22;ALPHA;Type de sécurisation à date;;FILLER;ok;1                                                                                                 / 2                                                                                                ;RPAD(' ', 97)
6;95;4324;1;P1_31_29;P1 31.29;NUM;Taux de marge du crédit brut à l'octroi;;MEDIA;vazio;;RPAD(NVL(C_ENR.IND_GAR_SANS_LIMITE,' '),1)
6;;4325;1;P1_31_37;P1 31.37;ALPHA;Indicateur garantie sans limite;;FILLER;vazio;;RPAD(' ',1)
6;96;4326;19;P1_31_38;P1 31.38;ALPHA;Etendue de la garantie donnée;;BAIXA;ok; +00000000000000000 /  +00000000000022017;RPAD(pack_utilitaire.f_format_montant_bis2(C_ENR.MNT_SUBV_HT),19)
6;97;4345;3;P1_29_3;P1 29.3;NUM;Montant des subventions;P1 29.4;ALTA;incoerente;0EU / 1EU;RPAD ('EUR', 3)
6;;4348;22;P1_29_4;P1 29.4;ALPHA;Devise du montant des subventions;;FILLER;ok;R                     ;RPAD (' ', 22)
6;;4370;22;P1_29_6;P1 29.6;ALPHA;Devise du montant de l'avance preneur en créd;;FILLER;vazio;;RPAD(' ',22)
6;;4392;1;P1_21_21;P1 21.21;ALPHA;Devise du montant des passages en pertes cumu;;FILLER;vazio;;RPAD(' ',1)
6;;4393;1;P1_31_30;P1 31.30;ALPHA;Motif déclaration JV;;FILLER;vazio;;RPAD(' ',1)
6;;4394;8;P1_31_31;P1 31.31;ALPHA;Mode de cotation du titre;;FILLER;vazio;;RPAD(' ',8)
6;;4402;8;P1_31_32;P1 31.32;DATE;Date d'émission du titre;;FILLER;vazio;;RPAD(' ',8)
6;;4410;1;P1_31_33;P1 31.33;DATE;Date de maturité du titre;;FILLER;vazio;;RPAD(' ',1)
6;;4411;8;P1_31_34;P1 31.34;ALPHA;Etat du titre;;FILLER;vazio;;RPAD(' ',8)
6;;4419;1;P1_31_35;P1 31.35;DATE;Date de l'état du titre;;FILLER;vazio;;RPAD(' ',1)
6;;4420;169;P1_31_36;P1 31.36;ALPHA;Indicateur prise ferme sur les titres;;FILLER;vazio;;RPAD(' ',169)
6;;4589;2;P1_16_42;P1 16.42;ALPHA;Devise du montant du gain RWA obtenu par le C;;FILLER;vazio;;RPAD(' ',2)
6;;4591;2;P1_28_3;P1 28.3;ALPHA;Nature du financement;;FILLER;vazio;;RPAD(' ',2)
6;;4593;2;P1_28_4;P1 28.4;ALPHA;Type d'origination opération à effet de levie;;FILLER;vazio;;RPAD(' ',2)
6;;4595;20;P1_28_5;P1 28.5;ALPHA;Type clause contrat covenant;;FILLER;vazio;;RPAD(' ',20)
6;;4615;10;P1_28_6;P1 28.6;ALPHA;Identifiant local du tiers sponsor financier;;FILLER;vazio;;RPAD(' ',10)
6;;4625;15;P1_28_7;P1 28.7;ALPHA;Identifiant central du tiers sponsor financie;;FILLER;vazio;;RPAD(' ',15)
6;;4640;19;P1_28_8;P1 28.8;NUM;Ratio de levier de l'opération à l'originatio;;FILLER;vazio;;RPAD(' ',19)
6;;4659;3;P1_28_9;P1 28.9;NUM;Montant de la part de la prise ferme du monta;;FILLER;vazio;;RPAD(' ',3)
6;;4662;19;P1_28_10;P1 28.10;ALPHA;Devise du montant de la part de la prise ferm;;FILLER;vazio;;RPAD(' ',19)
6;;4681;3;P1_28_11;P1 28.11;NUM;Montant de la part à syndiquer du montant du ;;FILLER;vazio;;RPAD(' ',3)
6;;4684;19;P1_28_12;P1 28.12;ALPHA;Devise du montant de la part à syndiquer du m;;FILLER;vazio;;RPAD(' ',19)
6;;4703;3;P1_28_13;P1 28.13;NUM;Montant de la part à syndiquer non cédé;;FILLER;vazio;;RPAD(' ',3)
6;98;4706;3;P1_28_14;P1 28.14;ALPHA;Devise du montant de la part à syndiquer non ;;BAIXA;ok; EU;'EUR'
6;99;4709;12;P1_50_1;P1 50.1;ALPHA;Devise de liasse de l'entité;;BAIXA;ok;RA5171100    / RA5231100   ;RPAD(NVL(C_ENR.PCEC_MNT_RISQUE, ' '), 12)
6;100;4721;19;P1_50_2;P1 50.2;ALPHA;PCCO - Montant du principal 1;;BAIXA;ok; +00000000000000000 /  +00000000000000150;RPAD(pack_utilitaire.f_format_montant_bis2(C_ENR.MNT_RISQUE),19)
6;;4740;12;P1_50_3;P1 50.3;NUM;Montant du principal 1;;FILLER;ok;0            / 1           ;RPAD(' ',12)
6;;4752;19;P1_50_4;P1 50.4;ALPHA;PCCO - Montant du principal 2;;FILLER;vazio;;RPAD(' ',19)
6;101;4771;12;P1_50_5;P1 50.5;NUM;Montant du principal 2;;BAIXA;incoerente; A5177100    /  A5237100   ;RPAD(NVL(C_ENR.PCEC_ICNE, ' '), 12)
6;102;4783;19;P1_50_8;P1 50.8;ALPHA;PCCO - Montant des Dettes et créances rattach;;BAIXA;ok; +00000000000000000 /  +00000000000000085;RPAD(pack_utilitaire.f_format_montant_bis2(C_ENR.MNT_ICNE),19)
6;;4802;12;P1_50_9;P1 50.9;NUM;Montant des Dettes et créances rattachées;;FILLER;ok;0            / 1           ;RPAD(' ',12)
6;;4814;19;P1_50_14;P1 50.14;ALPHA;PCCO - Montant Marge initiale - Fonds de défa;;FILLER;vazio;;RPAD(' ',19)
6;;4833;12;P1_50_15;P1 50.15;NUM;Montant Marge initiale - Fonds de défaut;;FILLER;vazio;;RPAD(' ',12)
6;;4845;19;P1_50_16;P1 50.16;ALPHA;PCCO - Montant Marge variable;;FILLER;vazio;;RPAD(' ',19)
6;;4864;12;P1_50_17;P1 50.17;NUM;Montant Marge variable;;FILLER;vazio;;RPAD(' ',12)
6;;4876;19;P1_50_18;P1 50.18;ALPHA;PCCO - Montant Impacts JV;;FILLER;vazio;;RPAD(' ',19)
6;;4895;2;P1_50_19;P1 50.19;NUM;Montant Impacts JV;P1 21.22;FILLER;vazio;;RPAD(' ',2)
6;;4897;8;P1_21_22;P1 21.22;ALPHA;Motif du moratoire;P1 21.23;FILLER;vazio;;RPAD(' ',8)
6;;4905;6;P1_21_23;P1 21.23;DATE;Date de début du moratoire;P1 21.29;FILLER;vazio;;RPAD(' ',6)
6;;4911;2;P1_21_29;P1 21.29;NUM;Durée du moratoire;P1 21.25;FILLER;vazio;;RPAD(' ',2)
6;;4913;1;P1_21_25;P1 21.25;ALPHA;Statut du moratoire;P1 21.26;FILLER;vazio;;RPAD(' ',1)
6;;4914;1;P1_21_26;P1 21.26;ALPHA;Indicateur de moratoire législatif;P1 21.27;FILLER;vazio;;RPAD(' ',1)
6;;4915;2;P1_21_27;P1 21.27;ALPHA;Indicateur de moratoire contractuel;P1 21.28;FILLER;vazio;;RPAD(' ',2)
6;;4917;19;P1_21_28;P1 21.28;ALPHA;Champ d'application du moratoire;P1 21.30;FILLER;vazio;;RPAD(' ',19)
6;;4936;3;P1_21_30;P1 21.30;NUM;Montant des échéances reportées;P1 21.31;FILLER;vazio;;RPAD(' ',3)
6;;4939;15;P1_21_31;P1 21.31;ALPHA;Devise du montant des échéances reportées;P1 21.32;FILLER;vazio;;RPAD(' ',15)
6;;4954;3;P1_21_32;P1 21.32;ALPHA;Méthode de convention des taux sans risque (R;P1 21.33;FILLER;vazio;;RPAD(' ',3)
6;;4957;12;P1_21_33;P1 21.33;ALPHA;Durée de convention des taux sans risque (RFR;P1 15;FILLER;vazio;;RPAD(' ',12)
6;;4969;12;P1_15;P1 15;ALPHA;Numéro de compte local (PCI) de l'encours;P1 16;FILLER;vazio;;RPAD(' ',12)
6;;4981;12;P1_16;P1 16;ALPHA;Numéro de compte PCCA de l'encours en norme I;P1 14;FILLER;vazio;;RPAD(' ',12)
6;;4993;12;P1_14;P1 14;ALPHA;Numéro de compte PCCA de l'encours en NF;P1 50.20;FILLER;vazio;;RPAD(' ',12)
6;;5005;19;P1_50_20;P1 50.20;ALPHA;PCCO - Montant du principal 3;P1 50.21;FILLER;vazio;;RPAD(' ',19)
6;;5024;1;P1_50_21;P1 50.21;NUM;Montant du principal 3;P1 21.34;FILLER;vazio;;RPAD(' ',1)
6;;5025;1;P1_21_34;P1 21.34;ALPHA;Indicateur de créance titrisable;P1 21.35;FILLER;vazio;;RPAD(' ',1)
6;;5026;19;P1_21_35;P1 21.35;ALPHA;Indicateur de créance pour émission de covere;P1 21.36;FILLER;vazio;;RPAD(' ',19)
6;;5045;3;P1_21_36;P1 21.36;NUM;Montants liquidatifs estimés;P1 21.37;FILLER;vazio;;RPAD(' ',3)
6;;5048;10;P1_21_37;P1 21.37;ALPHA;Devise des montants liquidatifs estimés;P1 21.47;FILLER;vazio;;RPAD(' ',10)
6;;5058;7;P1_21_47;P1 21.47;NUM;Pondération Bâloise de l'engagement pour le c;P1 21.48;FILLER;vazio;;RPAD(' ',7)
6;;5065;19;P1_21_48;P1 21.48;ALPHA;Méthode de titrisation pour le calcul de l'Ou;P1 21.49;FILLER;vazio;;RPAD(' ',19)
6;;5084;3;P1_21_49;P1 21.49;NUM;Montant des ajustements de risques pondérés l;P1 21.50;FILLER;vazio;;RPAD(' ',3)
6;;5087;19;P1_21_50;P1 21.50;ALPHA;Devise du montant des ajustements de risques ;P1 21.51;FILLER;vazio;;RPAD(' ',19)
6;;5106;3;P1_21_51;P1 21.51;NUM;Montant de RWA supplémentaire pour non-confor;P1 21.52;FILLER;vazio;;RPAD(' ',3)
6;;5109;19;P1_21_52;P1 21.52;ALPHA;Devise du montant de RWA supplémentaire pour ;P1 21.53;FILLER;vazio;;RPAD(' ',19)
6;;5128;3;P1_21_53;P1 21.53;NUM;Montant du gain RWA obtenu par le CAP sur la ;P1 21.54;FILLER;vazio;;RPAD(' ',3)
6;;5131;1;P1_21_54;P1 21.54;ALPHA;Devise du gain RWA obtenu par le CAP sur la p;P1 21.44;FILLER;vazio;;RPAD(' ',1)
6;;5132;1;P1_21_44;P1 21.44;ALPHA;Indicateur d'exposition de qualité élevée;P1 21.45;FILLER;vazio;;RPAD(' ',1)
6;103;5133;1;P1_21_45;P1 21.45;ALPHA;Indicateur de la phase opérationnelle du proj;P1 21.46;BAIXA;ok;N / Y;RPAD(NVL(C_ENR.IND_CONF_CRIT_OPE,' '),1)
6;;5134;1;P1_21_46;P1 21.46;ALPHA;Indicateur de conformité des critères opérati;P1 21.38;FILLER;ok;Y;RPAD(' ',1)
6;;5135;1;P1_21_38;P1 21.38;ALPHA;Indicateur d'exposition garantie par un bien ;P1 21.39;FILLER;ok;N / Y;RPAD(' ',1)
6;;5136;1;P1_21_39;P1 21.39;ALPHA;Indicateur d'exposition sur acquisition, déve;P1 21.40;FILLER;ok;N;RPAD(' ',1)
6;;5137;1;P1_21_40;P1 21.40;ALPHA;Réalisation des conditions de pondération pré;P1 21.41;FILLER;ok;1;RPAD(' ',1)
6;;5138;1;P1_21_41;P1 21.41;ALPHA;Indicateur de dépôt en espèces substantiel;P1 21.42;FILLER;vazio;;RPAD(' ',1)
6;;5139;15;P1_21_42;P1 21.42;ALPHA;Indicateur d'apport en fonds propres substant;P1 21.43;FILLER;ok; +0000000000000 /  +0001200000000;RPAD(' ',15)
6;;5154;1;P1_21_43;P1 21.43;NUM;Ratio prudentiel d'Exposition/valeur (ETV);P1 21.56;FILLER;ok;0;RPAD(' ',1)
6;104;5155;1;P1_21_56;P1 21.56;ALPHA;Indicateur Intention de revente à court terme;P1 21.57;BAIXA;vazio;;RPAD(NVL(C_ENR.IND_INVEST_CAPITAL_RISQ,' '),1)
6;105;5156;1;P1_21_57;P1 21.57;ALPHA;Indicateur d'investissement en Capital Risque;P1 21.58;BAIXA;vazio;;RPAD(NVL(C_ENR.IND_INVEST_PROG_LEGISLATIF,' '),1)
6;106;5157;1;P1_21_58;P1 21.58;ALPHA;Indicateur d'investissement dans un programme;P1 21.59;BAIXA;vazio;;RPAD(NVL(C_ENR.IND_PARTICIP_STRATG_SUP_6A,' '),1)
6;107;5158;15;P1_21_59;P1 21.59;ALPHA;Indicateur de participation stratégique depui;P1 21.60;ALTA;vazio;;RPAD(pack_utilitaire.F_FORMAT_TAUX_15(C_ENR.TX_HIST_POND_PARTICIPATION
6;;5173;10;P1_21_60;P1 21.60;NUM;Taux historique de pondération de la particip;P1 21.61;FILLER;vazio;;RPAD(' ',10)
6;;5183;10;P1_21_61;P1 21.61;NUM;Perte en cas de défaut (LGD) de la part d'enc;P1 21.62;FILLER;vazio;;RPAD(' ',10)
6;;5193;19;P1_21_62;P1 21.62;NUM;Perte en cas de défaut (LGD) de la part d'enc;P1 21.63;FILLER;vazio;;RPAD(' ',19)
6;;5212;3;P1_21_63;P1 21.63;NUM;Montant d'encours pour la partie couverte par;P1 21.64;FILLER;vazio;;RPAD(' ',3)
6;;5215;5;P1_21_64;P1 21.64;ALPHA;Devise du montant d'encours pour la partie co;P1 21.65;FILLER;vazio;;RPAD(' ',5)
6;;5220;1;P1_21_65;P1 21.65;ALPHA;Entité juridique de rattachement du contrat d;P1 21.66;FILLER;vazio;;RPAD(' ',1)
6;;5221;1;P1_21_66;P1 21.66;ALPHA;Indicateur d'engagement hors bilan annulable ;P1 21.67;FILLER;ok;N;RPAD(' ',1)
6;108;5222;1;P1_21_67;P1 21.67;ALPHA;Indicateur de l'application de l'approche par;P1 21.68;BAIXA;vazio;;RPAD(NVL(C_ENR.NIV_RISQUE_CRR3,' '),1)
6;109;5223;12;P1_21_68;P1 21.68;ALPHA;Niveau de risque CRR3;P1 21.55;ALTA;ok; NA011       /  NA021      ;RPAD(NVL(C_ENR.CD_NAT_OPE_ENG_CALC_FLOOR,' '),12)
6;;5235;1;P1_21_55;P1 21.55;ALPHA;NATure d'Opération de l'engagement pour le ca;P1 21.69;FILLER;vazio;;RPAD(' ',1)
6;;5236;20;P1_21_69;P1 21.69;ALPHA;Indicateur de calcul de l'ajustement de l'éva;P1 21.89;FILLER;vazio;;RPAD(' ',20)
6;;5256;10;P1_21_89;P1 21.89;ALPHA;Identifiant local du client de l'intermédiair;P1 21.90;FILLER;vazio;;RPAD(' ',10)
6;110;5266;1;P1_21_90;P1 21.90;ALPHA;Identifiant central du client de l'intermédia;P1 8.13;BAIXA;vazio;;RPAD(NVL(C_ENR.USAGE_BIEN_FINANCE,' '),1)
6;;5267;40;P1_8_13;P1 8.13;ALPHA;Usage du bien immobilier financé;P1 21.71;FILLER;ok;0                                        / 2ARGENTON LES VALLEES                   ;RPAD(' ',40)
6;;5307;40;P1_21_71;P1 21.71;ALPHA;Lieu d'investissement du bien principal finan;P1 21.72;FILLER;ok; 10 RUE ANDRE CITROEN                    /  16 AV DU GENERAL DE GAULLE             ;RPAD(' ',40)
6;;5347;40;P1_21_72;P1 21.72;ALPHA;Lieu d'investissement du bien principal finan;P1 21.73;FILLER;ok; CABINET VETERINAIRE                     /  PA DE LA BAYONNE                       ;RPAD(' ',40)
6;;5387;40;P1_21_73;P1 21.73;ALPHA;Lieu d'investissement du bien principal finan;P1 21.74;FILLER;ok; 10 RUE ANDRE CITROEN                    /  16 AV DU GENERAL DE GAULLE             ;RPAD(' ',40)
6;;5427;40;P1_21_74;P1 21.74;ALPHA;Lieu d'investissement du bien principal finan;P1 21.75;FILLER;ok; 10 RUE ANDRE CITROEN                    /  16 AV DU GENERAL DE GAULLE             ;RPAD(' ',40)
6;;5467;40;P1_21_75;P1 21.75;ALPHA;Lieu d'investissement du bien principal finan;P1 21.76;FILLER;vazio;;RPAD(' ',40)
6;;5507;11;P1_21_76;P1 21.76;ALPHA;Lieu d'investissement du bien principal finan;P1 21.77;FILLER;ok; +43.627931 /  +44.970199;RPAD(' ',11)
6;;5518;12;P1_21_77;P1 21.77;NUM;Lieu d'investissement du bien principal finan;P1 21.78;FILLER;incoerente;0+000.526142 / 4+000.220485;RPAD(' ',12)
6;111;5530;1;P1_21_78;P1 21.78;NUM;Lieu d'investissement du bien principal finan;P1 21.94;BAIXA;ok;0 / 1;RPAD(NVL(C_ENR.IND_HQLA,' '),1)
6;;5531;2;P1_21_94;P1 21.94;ALPHA;Indicateur d'actif liquide de haute qualité (;P1 21.95;FILLER;vazio;;RPAD(' ',2)
6;112;5533;1;P1_21_95;P1 21.95;ALPHA;Niveau de l'actif liquide de haute qualité (H;P1 21.79;BAIXA;vazio;;RPAD(NVL(C_ENR.IND_TITRE_PARTICIP,' '),1)
6;;5534;3;P1_21_79;P1 21.79;ALPHA;Indicateur Titre de Participation;P1 21.80;FILLER;vazio;;RPAD(' ',3)
6;;5537;10;P1_21_80;P1 21.80;ALPHA;Classification comptable de l'élément couvert;P1 21.81;FILLER;ok; +00000000 /  +00131562;RPAD(' ',10)
6;;5547;10;P1_21_81;P1 21.81;NUM;DSCR (ratio de couverture des charges d'empru;P1 21.82;FILLER;incoerente;0+00000000 / 7+10002261;RPAD(' ',10)
6;;5557;15;P1_21_82;P1 21.82;NUM;DSCR (ratio de couverture des charges d'empru;P1 21.83;FILLER;ok;0              ;RPAD(' ',15)
6;;5572;15;P1_21_83;P1 21.83;NUM;Ratio de couverture des intérêts (ICR) revalo;P1 21.84;FILLER;vazio;;RPAD(' ',15)
6;;5587;15;P1_21_84;P1 21.84;NUM;Ratio prêts-coûts (LTC) à l'octroi;P1 21.85;FILLER;vazio;;RPAD(' ',15)
6;113;5602;1;P1_21_85;P1 21.85;NUM;Taux de précommercialisation / prélocation à ;P1 21.86;BAIXA;vazio;;RPAD(NVL(C_ENR.CD_TYPE_BIEN_COMM,' '),1)
6;114;5603;1;P1_21_86;P1 21.86;ALPHA;Type de bien commercial;P1 21.87;BAIXA;ok;2 / 3;RPAD(NVL(C_ENR.CD_EMPLACE_BIEN_COMM,' '),1)
6;115;5604;1;P1_21_87;P1 21.87;ALPHA;Emplacement du bien immobilier commercial;P1 21.88;BAIXA;ok;2;RPAD(NVL(C_ENR.IND_OPE_AVEC_RECOURS,' '),1)
6;;5605;19;P1_21_88;P1 21.88;ALPHA;Indicateur d'opération avec recours;P1 21.91;FILLER;ok;N                   / Y                  ;RPAD(' ',19)
6;;5624;3;P1_21_91;P1 21.91;NUM;Montant des variations cumulées de la juste v;P1 21.92;FILLER;vazio;;RPAD(' ',3)
6;;5627;5;P1_21_92;P1 21.92;ALPHA;Devise du montant des variations cumulées de ;P1 21.93;FILLER;vazio;;RPAD(' ',5)
6;;5632;20;P1_21_93;P1 21.93;ALPHA;Numéro du dernier billet financier apériodiqu;P1 31.51;FILLER;vazio;;RPAD(' ',20)
6;;5652;19;P1_31_51;P1 31.51;ALPHA;Identifiant du contrat maître en responsabili;P1 31.52;FILLER;vazio;;RPAD(' ',19)
6;;5671;3;P1_31_52;P1 31.52;NUM;Montant en responsabilité solidaire;P1 31.53;FILLER;vazio;;RPAD(' ',3)
6;116;5674;24;P1_31_53;P1 31.53;ALPHA;Devise du montant en responsabilité solidaire;;BAIXA;vazio;;LPAD(' ', 24)
7;1;0;8;P1_H_0_1;0.1 (P1);DATE;Date d'arrêté;;MEDIA;ok;20250630;RPAD(TO_CHAR(C_ENR.DT_ARRETE,'YYYYMMDD'),8,' ')
7;2;8;5;P1_H_0_2;0.2 (P1);ALPHA;Entité Porteuse de Risques;;MEDIA;ok;00357 / 00370;RPAD(NVL(C_ENR.CD_CONSO_CPT,' '),5,' ')
7;3;13;12;P1_H_0_3;0.3 (P1);ALPHA;Application source;;MEDIA;ok;C_BTR       ;RPAD('C_DDR',12,' ')
7;4;25;1;P1_H_0_4;0.4 (P1);ALPHA;Fréquence de transmission;;MEDIA;ok;M;'M'
7;5;26;12;P1_H_0_5;0.5 (P1);ALPHA;Date et Heure de traitement;;MEDIA;ok;202608241214;:MASYSDATE
7;6;38;2;P1_H_0_6;0.6 (P1);ALPHA;Type d'enregistrement;;MEDIA;ok;P1;'P1'
7;;40;1;P1_H_0_7;0.7 (P1);ALPHA;Nature de flux (Zone réservée DRG);;FILLER;vazio;;RPAD(' ',1)
7;;41;2;P1_H_0_8;0.8 (P1);ALPHA;Centre de Responsabilité Comptable (Zone rése;;FILLER;vazio;;RPAD(' ',2)
7;;43;7;P1_H_0_9;0.9 (P1);ALPHA;Unité d'exploitation (Zone réservée CACIB);;FILLER;vazio;;RPAD(' ',7)
7;7;50;20;P1_H_1_1;1.1 (P1);ALPHA;Identifiant local du tiers en risque;;MEDIA;ok;EN1001720            / EN100438            ;RPAD(NVL(C_ENR.ID_TIERS_CALC,' '),20,' ')
7;;70;10;P1_H_1_2;1.2 (P1);ALPHA;Identifiant central du tiers en risque;;FILLER;vazio;;RPAD(' ', 10)
7;8;80;30;P1_H_1_4;1.4 (P1);ALPHA;Référence de l'Autorisation Mise En Place;;MEDIA;ok;F1-*0019                       / F1200622-M0                   ;RPAD(NVL(C_ENR.ID_AUTORISATION,' '),30,' ')
7;9;110;30;P1_H_1_6;1.6 (P1);ALPHA;Référence de la ligne de détail de l'Autorisa;;MEDIA;ok;F2-*0019                       / F2200622-M0                   ;RPAD(NVL(C_ENR.ID_LIGNE_DET ,' '),30,' ')
7;;140;40;P1_H_1_8;1.8 (P1);ALPHA;Identifiant de la sûreté reçue;;FILLER;vazio;;RPAD(' ',40)
7;10;180;40;P1_H_1_11;1.11 (P1);ALPHA;Identifiant de l'engagement;;MEDIA;ok;200622VM0_C                              / 202878FN0_C                             ;RPAD(NVL(C_ENR.ID_ENGAGEMENT,' '),40,' ')
7;;220;40;P1_H_1_16;1.16 (P1);ALPHA;Référence de la provision sur tiers;;FILLER;vazio;;RPAD(' ',40)
7;;260;20;P1_H_1_99;1.99 (P1);ALPHA;Filler;;FILLER;vazio;;RPAD(' ',20)
7;11;280;7;P1_1_1;P1 1.1;ALPHA;Méthodologie Bâloise;;MEDIA;ok;STD    ;RPAD(NVL(C_ENR.CD_METHODO_BALE2,' '),7,' ')
7;12;287;2;P1_1_2;P1 1.2;ALPHA;Traitement moteur bâlois;;MEDIA;ok;07;RPAD(NVL(C_ENR.CODE_TRAIT_MOTEUR,' '),2,' ')
7;13;289;1;P1_4_34;P1 4.34;ALPHA;Traitement GRR;;MEDIA;ok;Y;RPAD(NVL(C_ENR.CODE_TRAIT_GRR,' '),1,' ')
7;14;290;6;P1_2_0;P1 2.0;ALPHA;Type de risque;;MEDIA;ok;TRE401 / TRE501;RPAD(NVL(C_ENR.CD_TYPE_RISQUE,' '),6,' ')
7;15;296;1;P1_2_4;P1 2.4;ALPHA;Portefeuille de booking Intention de Gestion;;MEDIA;ok;B;RPAD(NVL(C_ENR.CD_PORTEFEUILLE_BOOKING,' '),1,' ')
7;16;297;5;P1_2_6;P1 2.6;ALPHA;Ligne Métier;;MEDIA;ok;MLE00;RPAD(NVL(C_ENR.CD_LIGNE_METIER,' '),5,' ')
7;17;302;3;P1_2_18;P1 2.18;ALPHA;Portefeuille Bâle Opération;;MEDIA;ok;061 / 900;RPAD(NVL(C_ENR.CD_PORTEFEUILLE_BALE2,' '),3,' ')
7;18;305;12;P1_2_29;P1 2.29;ALPHA;NATure d'Opération de l'engagement;;MEDIA;ok;NA011        / NA021       ;RPAD(NVL(C_ENR.CD_NATURE_OPE,' '),12,' ')
7;19;317;8;P1_3_2;P1 3.2;DATE;Date de début de l'engagement;;MEDIA;ok;20081203 / 20120130;RPAD(TO_CHAR(C_ENR.DT_DEBUT_ENG,'YYYYMMDD'),8,' ')
7;20;325;8;P1_3_4;P1 3.4;DATE;Date de fin de l'engagement;;MEDIA;ok;20250630 / 20250714;RPAD(TO_CHAR(C_ENR.DT_FIN_ENG,'YYYYMMDD'),8,' ')
7;;333;1;P1_16_6;P1 16.6;NUM;Pondération Bâloise de l'engagement (%);;FILLER;vazio;;RPAD(' ',1)
7;;334;4;P1_16_6;P1 16.6;NUM;Pondération Bâloise de l'engagement (%);;FILLER;vazio;;RPAD(' ',4)
7;;338;5;P1_16_6;P1 16.6;NUM;Pondération Bâloise de l'engagement (%);;FILLER;vazio;;RPAD(' ',5)
7;;343;1;P1_18_1;P1 18.1;NUM;Loss Given Default (LGD);;FILLER;incoerente;+;RPAD(' ',1)
7;;344;4;P1_18_1;P1 18.1;NUM;Loss Given Default (LGD);;FILLER;ok;0000;RPAD(' ',4)
7;;348;5;P1_18_1;P1 18.1;NUM;Loss Given Default (LGD);;FILLER;ok;00000;RPAD(' ',5)
7;;353;1;P1_18_10;P1 18.10;NUM;Crédit Conversion Factor (CCF);;FILLER;incoerente;+;RPAD(' ',1)
7;;354;4;P1_18_10;P1 18.10;NUM;Crédit Conversion Factor (CCF);;FILLER;ok;0000;RPAD(' ',4)
7;;358;5;P1_18_10;P1 18.10;NUM;Crédit Conversion Factor (CCF);;FILLER;ok;00000;RPAD(' ',5)
7;;363;1;P1_18_5;P1 18.5;NUM;Montant de l'Exposition en cas de Défaut (EAD;;FILLER;incoerente;+;RPAD(' ',1)
7;;364;16;P1_18_5;P1 18.5;NUM;Montant de l'Exposition en cas de Défaut (EAD;;FILLER;ok;0000000000000000;RPAD(' ',16)
7;;380;2;P1_18_5;P1 18.5;NUM;Montant de l'Exposition en cas de Défaut (EAD;;FILLER;ok;00;RPAD(' ',2)
7;;382;3;P1_18_17;P1 18.17;ALPHA;Devise du montant de l'Exposition en cas de D;;FILLER;ok;EUR;RPAD(' ',3)
7;21;385;3;P1_18_18;P1 18.18;ALPHA;Devise d'origine du contrat;;MEDIA;ok;EUR;RPAD(NVL(C_ENR.CD_DEVISE_ORIGINE,' '),3,' ')
7;;388;50;P1_3_98;P1 3.98;ALPHA;Zone réservée locale;;FILLER;vazio;;RPAD(' ',50)
7;;438;2;P1_21_1;P1 21.1;ALPHA;Indicateur Type de Restructuration;;FILLER;vazio;;RPAD(' ',2)
7;;440;8;P1_21_2;P1 21.2;DATE;Date de Restructuration;;FILLER;ok;20170131 / 20200508;RPAD(' ',8)
7;22;448;1;P1_5_5;P1 5.5;ALPHA;Indicateur Arriéré de paiement;P1 5.5;ALTA;ok;N;NVL(C_ENR.CD_ARR_PAIEMENT,'N')
7;23;449;1;P1_4_1;P1 4.1;ALPHA;Indicateur Impayé prudentiel;P1 4.1;ALTA;ok;N / Y;RPAD(NVL(C_ENR.CD_IMP_PRUDENT,' '),1,' ')
7;24;450;1;P1_5_2;P1 5.2;ALPHA;Indicateur Engagement en défaut;P1 5.2;ALTA;ok;N / Y;NVL(C_ENR.TOP_ENG_DOUTEUX,'N')
7;;451;8;P1_5_3;P1 5.3;DATE;Date de passage en engagement en défaut;P1 5.3;FILLER;ok;20240715 / 20241203;RPAD(' ',8)
7;;459;1;P1_4_2;P1 4.2;NUM;Montant du solde de compte;;FILLER;vazio;;RPAD(' ',1)
7;;460;16;P1_4_2;P1 4.2;NUM;Montant du solde de compte;;FILLER;vazio;;RPAD(' ',16)
7;;476;2;P1_4_2;P1 4.2;NUM;Montant du solde de compte;P1 4.2;FILLER;vazio;;RPAD(' ',2)
7;;478;3;P1_4_3;P1 4.3;ALPHA;Devise du montant du solde de compte;;FILLER;ok;EUR;RPAD(' ',3)
7;;481;1;P1_4_4;P1 4.4;NUM;Montant du découvert;;FILLER;vazio;;RPAD(' ',1)
7;;482;16;P1_4_4;P1 4.4;NUM;Montant du découvert;;FILLER;vazio;;RPAD(' ',16)
7;;498;2;P1_4_4;P1 4.4;NUM;Montant du découvert;;FILLER;vazio;;RPAD(' ',2)
7;25;500;3;P1_4_5;P1 4.5;ALPHA;Devise du montant du découvert;;MEDIA;vazio;;RPAD(NVL(C_ENR.CD_DEVISE_MNT_DECOUVERT, ' '),3,' ')
7;;503;1;P1_4_9;P1 4.9;NUM;Montant du capital restant dû;P1 4.9;FILLER;incoerente;+;RPAD(' ',1)
7;;504;16;P1_4_9;P1 4.9;NUM;Montant du capital restant dû;;FILLER;ok;0000000000000000 / 0000000000000015;RPAD(' ',16)
7;;520;2;P1_4_9;P1 4.9;NUM;Montant du capital restant dû;;FILLER;ok;00 / 01;RPAD(' ',2)
7;;522;3;P1_4_13;P1 4.13;ALPHA;Devise du montant du capital restant dû;;FILLER;ok;EUR;RPAD(' ',3)
7;26;525;19;P1_4_14;P1 4.14;NUM;Montant des loyers;;MEDIA;ok;+000000000000000100 / +000000000000005814;pack_utilitaire.f_format_montant_bis3(C_ENR.MNT_LOYER)
7;27;544;3;P1_4_15;P1 4.15;ALPHA;Devise d'origine des loyers;;MEDIA;ok;EUR;RPAD(NVL(C_ENR.CD_DEVISE_CRD, ' '), 3,' ')
7;28;547;19;P1_4_16;P1 4.16;NUM;Montant du nominal de l'engagement;;MEDIA;vazio;;pack_utilitaire.f_format_montant_bis2(nvl((C_ENR.MNT_NOMINAL),0))
7;29;566;3;P1_4_17;P1 4.17;ALPHA;Devise du nominal de l'engagement;;MEDIA;vazio;;RPAD(NVL(C_ENR.CD_DEVISE_NOMINAL,' '),3,' ')
7;30;569;12;P1_4_18;P1 4.18;ALPHA;Zone libre (Ex PCCO du montant demandé);;MEDIA;ok;A5171100     / A5231100    ;RPAD(NVL(C_ENR.PCCO_NOMINAL,' '),12,' ')
7;31;581;19;P1_4_6;P1 4.6;NUM;Montant des intérêts restant dus;;MEDIA;ok;+000000000000000000;pack_utilitaire.f_format_montant_bis2(nvl((C_ENR.MNT_INT_RD),0))
7;32;600;3;P1_4_7;P1 4.7;ALPHA;Devise du montant des intérêts restant dus;;MEDIA;ok;EUR;RPAD(NVL(C_ENR.CD_DEVISE_INT_RD,' '),3,' ')
7;33;603;12;P1_4_19;P1 4.19;ALPHA;Zone libre (Ex PCCO – des intérêts restant du;;MEDIA;ok;A5177100     / A5237100    ;RPAD(NVL(C_ENR.PCCO_INT_RD,' '),12,' ')
7;;615;1;P1_4_20;P1 4.20;NUM;Taux facial du prêt fixe;;FILLER;vazio;;RPAD(' ',1)
7;;616;4;P1_4_20;P1 4.20;NUM;Taux facial du prêt fixe;;FILLER;vazio;;RPAD(' ',4)
7;;620;5;P1_4_20;P1 4.20;NUM;Taux facial du prêt fixe;;FILLER;vazio;;RPAD(' ',5)
7;;625;1;P1_4_21;P1 4.21;NUM;Montant de la décote sur actif déprécié à l'a;;FILLER;incoerente;+;RPAD(' ',1)
7;;626;16;P1_4_21;P1 4.21;NUM;Montant de la décote sur actif déprécié à l'a;;FILLER;ok;0000000000000000 / 0000000000000001;RPAD(' ',16)
7;;642;2;P1_4_21;P1 4.21;NUM;Montant de la décote sur actif déprécié à l'a;;FILLER;ok;00 / 45;RPAD(' ',2)
7;;644;3;P1_4_22;P1 4.22;ALPHA;Devise du montant de la décote sur actif dépr;;FILLER;ok;EUR;RPAD(' ',3)
7;;647;2;P1_4_23;P1 4.23;ALPHA;Circuit de distribution;;FILLER;ok;CL;RPAD(' ',2)
7;;649;1;P1_5_6;P1 5.6;ALPHA;Indicateur 'Prêt Revolving Roll-over';;FILLER;vazio;;RPAD(' ',1)
7;34;650;20;P1_5_7;P1 5.7;ALPHA;Identifiant local du bénéficiaire final de l';;MEDIA;vazio;;RPAD(NVL(C_ENR.ID_TIERS_CALC,' '),20,' ')
7;;670;10;P1_5_8;P1 5.8;ALPHA;Identifiant central du bénéficiaire final de ;;FILLER;vazio;;RPAD(' ',10)
7;;680;2;P1_3_33;P1 3.33;ALPHA;Nature d'OPCVM Garanti;;FILLER;vazio;;RPAD(' ',2)
7;;682;1;P1_5_10;P1 5.10;ALPHA;Indicateur Accord de Fusion;;FILLER;vazio;;RPAD(' ',1)
7;;683;25;P1_5_11;P1 5.11;ALPHA;Référence de la lettre de Fusion;;FILLER;vazio;;RPAD(' ',25)
7;;708;2;P1_3_32;P1 3.32;ALPHA;Rôle du Tiers dans l'opération d'affacturage;;FILLER;vazio;;RPAD(' ',2)
7;;710;1;P1_3_46;P1 3.46;ALPHA;Usage du bien immobilier apporté en garantie;;FILLER;ok;0 / 2;RPAD(' ',1)
7;;711;1;P1_3_47;P1 3.47;ALPHA;Respect des conditions réglementaires;;FILLER;ok;Y;RPAD(' ',1)
7;;712;69;P1_3_40;P1 3.40;NUM;Valeur de marché du bien immobilier loué à la;;FILLER;incoerente;                                              1+000000000000000015EUR /                                               1+000000000000000091EUR;RPAD(' ',69)
7;35;781;3;P1_19_5;P1 19.5;ALPHA;Classification comptable de référence des act;;MEDIA;ok;CAM;RPAD(NVL(C_ENR.CLA_COMP_REF_ACT,' '),3,' ')
7;;784;12;P1_3_56;P1 3.56;ALPHA;Zone libre (Ex PCCO – Valeur du titre en norm;;FILLER;vazio;;RPAD(' ',12)
7;;796;1;P1_3_50;P1 3.50;NUM;Montant du coût d'acquisition;;FILLER;vazio;;RPAD(' ',1)
7;;797;16;P1_3_50;P1 3.50;NUM;Montant du coût d'acquisition;;FILLER;vazio;;RPAD(' ',16)
7;;813;2;P1_3_50;P1 3.50;NUM;Montant du coût d'acquisition;;FILLER;vazio;;RPAD(' ',2)
7;;815;3;P1_3_51;P1 3.51;ALPHA;Devise du montant du coût d'acquisition;;FILLER;vazio;;RPAD(' ',3)
7;;818;1;P1_3_52;P1 3.52;NUM;Montant du Mark-to-Market (MtM);;FILLER;vazio;;RPAD(' ',1)
7;;819;16;P1_3_52;P1 3.52;NUM;Montant du Mark-to-Market (MtM);;FILLER;vazio;;RPAD(' ',16)
7;;835;2;P1_3_52;P1 3.52;NUM;Montant du Mark-to-Market (MtM);;FILLER;vazio;;RPAD(' ',2)
7;;837;3;P1_3_53;P1 3.53;ALPHA;Devise du montant du Mark-to-Market (MtM);;FILLER;vazio;;RPAD(' ',3)
7;;840;1;P1_3_54;P1 3.54;NUM;Montant du coût amorti;;FILLER;vazio;;RPAD(' ',1)
7;;841;16;P1_3_54;P1 3.54;NUM;Montant du coût amorti;;FILLER;vazio;;RPAD(' ',16)
7;;857;2;P1_3_54;P1 3.54;NUM;Montant du coût amorti;;FILLER;vazio;;RPAD(' ',2)
7;;859;3;P1_3_55;P1 3.55;ALPHA;Devise du montant du coût amorti;;FILLER;vazio;;RPAD(' ',3)
7;;862;1;P1_3_57;P1 3.57;NUM;Montant des coupons restant dû;;FILLER;vazio;;RPAD(' ',1)
7;;863;16;P1_3_57;P1 3.57;NUM;Montant des coupons restant dû;;FILLER;vazio;;RPAD(' ',16)
7;;879;2;P1_3_57;P1 3.57;NUM;Montant des coupons restant dû;;FILLER;vazio;;RPAD(' ',2)
7;;881;3;P1_3_58;P1 3.58;ALPHA;Devise du montant des coupons restant dû;;FILLER;vazio;;RPAD(' ',3)
7;;884;1;P1_3_59;P1 3.59;NUM;Montant du solde du compte courant d'associé;;FILLER;vazio;;RPAD(' ',1)
7;;885;16;P1_3_59;P1 3.59;NUM;Montant du solde du compte courant d'associé;;FILLER;vazio;;RPAD(' ',16)
7;;901;2;P1_3_59;P1 3.59;NUM;Montant du solde du compte courant d'associé;;FILLER;vazio;;RPAD(' ',2)
7;;903;3;P1_3_60;P1 3.60;ALPHA;Devise du solde du compte courant d'associé;;FILLER;vazio;;RPAD(' ',3)
7;;906;3;P1_3_61;P1 3.61;ALPHA;Traitement prudentiel des titres et créances ;;FILLER;vazio;;RPAD(' ',3)
7;;909;36;P1_3_8;P1 3.8;NUM;Montant nominal;;FILLER;vazio;;RPAD(' ',36)
7;;945;24;P1_3_7;P1 3.7;NUM;Sens de la transaction;P1 3.7;FILLER;vazio;;RPAD(' ',24)
7;36;969;20;P1_2_99;P1 2.99;ALPHA;Code méthode IFRS9 - PD à l'origine;P1 2.99;ALTA;ok;LC_MIG_D+            / PME_MIG_C-          ;RPAD(NVL(C_ENR.CD_METH_IFRS9_PD_ORIG,' '), 20)
7;;989;134;P1_3_80;P1 3.80;NUM;Montant du Mark-to-Market (MtM) brut;;FILLER;vazio;;RPAD(' ',134)
7;;1123;187;P1_7_0;P1 7.0;NUM;Périodicité de réévaluation;;FILLER;vazio;;RPAD(' ',187)
7;;1310;3;P1_16_3;P1 16.3;ALPHA;Séniorité de la tranche dans le véhicule;;FILLER;vazio;;RPAD(' ',3)
7;;1313;5;P1_11_33;P1 11.33;ALPHA;Rating de la tranche;;FILLER;vazio;;RPAD(' ',5)
7;;1318;2;P1_11_12;P1 11.12;ALPHA;Source du rating de la tranche;;FILLER;vazio;;RPAD(' ',2)
7;;1320;1;P1_16_9;P1 16.9;ALPHA;Indicateur 'Granularité des parts';;FILLER;vazio;;RPAD(' ',1)
7;;1321;1;P1_16_12;P1 16.12;ALPHA;Code position de la banque dans le programme;;FILLER;vazio;;RPAD(' ',1)
7;;1322;1;P1_16_13;P1 16.13;ALPHA;Indicateur Clause de remboursement anticipé;;FILLER;vazio;;RPAD(' ',1)
7;;1323;7;P1_16_15;P1 16.15;ALPHA;Méthode de pondération titrisation;;FILLER;vazio;;RPAD(' ',7)
7;;1330;1;P1_16_16;P1 16.16;ALPHA;Nature de la titrisation;;FILLER;vazio;;RPAD(' ',1)
7;;1331;1;P1_16_17;P1 16.17;ALPHA;Re-titrisation;;FILLER;vazio;;RPAD(' ',1)
7;;1332;1;P1_16_18;P1 16.18;ALPHA;Type de titrisation;;FILLER;vazio;;RPAD(' ',1)
7;;1333;10;P1_16_19;P1 16.19;NUM;Pondération à l'origine;;FILLER;vazio;;RPAD(' ',10)
7;;1343;1;P1_16_20;P1 16.20;ALPHA;Indicateur titrisation STS;;FILLER;vazio;;RPAD(' ',1)
7;;1344;1;P1_16_21;P1 16.21;ALPHA;Eligibilité au traitement différentiel;;FILLER;vazio;;RPAD(' ',1)
7;;1345;1;P1_16_22;P1 16.22;ALPHA;Position sénior en titrisation des PME;;FILLER;vazio;;RPAD(' ',1)
7;;1346;2;P1_16_23;P1 16.23;ALPHA;Motif titrisation ERBA;;FILLER;vazio;;RPAD(' ',2)
7;;1348;3;P1_16_99;P1 16.99;ALPHA;Filler;;FILLER;vazio;;RPAD(' ',3)
7;37;1351;1;P1_4_31;P1 4.31;ALPHA;Indicateur Produit à sous-jacent;P1 4.31;ALTA;ok;N;RPAD(NVL(C_ENR.IND_PROD_SS_JACENT,' '),1,' ')
7;;1352;1;P1_4_32;P1 4.32;ALPHA;Indicateur de granularité;;FILLER;vazio;;RPAD(' ',1)
7;;1353;8;P1_4_33;P1 4.33;DATE;Date d'acquisition de la dernière part;;FILLER;vazio;;RPAD(' ',8)
7;;1361;1;P1_11_13;P1 11.13;NUM;Point d'attachement;;FILLER;vazio;;RPAD(' ',1)
7;;1362;4;P1_11_13;P1 11.13;NUM;Point d'attachement;;FILLER;vazio;;RPAD(' ',4)
7;;1366;5;P1_11_13;P1 11.13;NUM;Point d'attachement;;FILLER;vazio;;RPAD(' ',5)
7;;1371;1;P1_11_14;P1 11.14;NUM;Point de détachement;;FILLER;vazio;;RPAD(' ',1)
7;;1372;4;P1_11_14;P1 11.14;NUM;Point de détachement;;FILLER;vazio;;RPAD(' ',4)
7;;1376;5;P1_11_14;P1 11.14;NUM;Point de détachement;;FILLER;vazio;;RPAD(' ',5)
7;;1381;8;P1_4_24;P1 4.24;DATE;Date de signature du contrat;;FILLER;vazio;;RPAD(' ',8)
7;;1389;1;P1_4_36;P1 4.36;ALPHA;Indicateur de transparence de la structure;;FILLER;vazio;;RPAD(' ',1)
7;;1390;1;P1_4_49;P1 4.49;ALPHA;Indicateur d'engagement de valeur minimale su;;FILLER;vazio;;RPAD(' ',1)
7;;1391;4;P1_4_99;P1 4.99;ALPHA;Filler;;FILLER;vazio;;RPAD(' ',4)
7;;1395;24;P1_4_45;P1 4.45;ALPHA;NATure d'Opération des intérêts dus / coupons;;FILLER;vazio;;RPAD(' ',24)
7;38;1419;2;P1_3_20;P1 3.20;NUM;Maturité résiduelle;;MEDIA;ok;00 / 01;LPAD(ABS(TRUNC(NVL(C_ENR.MATURITE_EFF,0))),2,'0')
7;39;1421;4;P1_3_20;P1 3.20;NUM;Maturité résiduelle;;MEDIA;ok;0000 / 0027;LPAD(ABS(MOD(NVL(C_ENR.MATURITE_EFF,0) *10000,10000)),4,'0')
7;40;1425;1;P1_4_8;P1 4.8;ALPHA;Indicateur bilan hors bilan;;MEDIA;ok;B;RPAD(NVL(C_ENR.TOP_ENG,' '),1,' ')
7;;1426;3;P1_12_16;P1 12.16;ALPHA;Code séniorité;;FILLER;vazio;;RPAD(' ',3)
7;;1429;2;P1_3_75;P1 3.75;ALPHA;Instrument financier;;FILLER;vazio;;RPAD(' ',2)
7;41;1431;6;P1_4_42;P1 4.42;ALPHA;Type de produit bancaire;;MEDIA;ok;CRED03 / CRED10;RPAD(NVL(C_ENR.CD_TYPE_PROD_BANCAIRE,' '),6,' ')
7;42;1437;8;P1_3_3;P1 3.3;DATE;Date de valeur de prise d'effet du contrat;;MEDIA;ok;20250630;RPAD(nvl(TO_CHAR(C_ENR.DT_ARRETE, 'YYYYMMDD'),' '),8,' ')
7;;1445;16;P1_4_43;P1 4.43;ALPHA;Segment de notation du groupe de risque;;FILLER;ok;       20081203  /        20120130 ;RPAD(' ',16)
7;;1461;783;P1_3_62;P1 3.62;ALPHA;Identifiant local du tiers Garant des titres ;;FILLER;ok;                                                                                                                                                                                                                                                                                                                                                                                                                                                                                                                                                                                                                                                                                                                        114PE                20240831                2024083120260831                20240831   /                                                                                                                                                                                                                                                                                                                                                                                                                                                                                                                                                                                                                                                                                                                         154PE                                                                2025022820230131  ;RPAD(' ',783)
7;;2244;2;P1_21_18;P1 21.18;NUM;Nombre de restructuration pour risque;;FILLER;vazio;;RPAD(' ',2)
7;;2246;2;P1_21_19;P1 21.19;ALPHA;Méthode de restructuration;;FILLER;vazio;;RPAD(' ',2)
7;;2248;2;P1_21_99;P1 21.99;ALPHA;Filler;;FILLER;vazio;;RPAD(' ',2)
7;43;2250;3;P1_22_56;P1 22.56;ALPHA;Indicateur produit échéancé;;MEDIA;ok;ECH;RPAD(NVL(C_ENR.IND_PROD_ECH,' '),3,' ')
7;44;2253;1;P1_22_57;P1 22.57;ALPHA;Indicateur objet métier palier fourni;P1 22.57;ALTA;ok;N;RPAD(NVL(C_ENR.IND_OBJ_MET_PAL,' '),1,' ')
7;45;2254;40;P1_22_1;P1 22.1;ALPHA;Référence unique du contrat;;MEDIA;ok;200622VM0                                / 202878FN0                               ;RPAD(NVL(C_ENR.REF_UNIQ_CONT, ' '),40,' ')
7;46;2294;40;P1_22_51;P1 22.51;ALPHA;Référence Unique de l'élément du contrat;;MEDIA;ok;200622VM0                                / 202878FN0                               ;RPAD(NVL(C_ENR.REF_UNIQ_ELEM_CONT,' '),40,' ')
7;;2334;45;P1_22_2;P1 22.2;ALPHA;Indicateur niveau de risque;;FILLER;vazio;;RPAD(' ',45)
7;47;2379;2;P1_22_5;P1 22.5;ALPHA;Note finale retenue à l'origine;;MEDIA;ok;A  / A+;RPAD('ND',2)
7;48;2381;10;P1_22_52;P1 22.52;ALPHA;Note externe à l'origine;;MEDIA;vazio;;RPAD(NVL(C_ENR.NOTE_EXT_ORI ,' '),10,' ')
7;49;2391;2;P1_22_6;P1 22.6;ALPHA;Organisme de notation à l'origine;;MEDIA;ok;I ;RPAD(nvl(C_ENR.ORGA_NOTATION_ORIG,' '),2,' ')
7;50;2393;2;P1_22_53;P1 22.53;ALPHA;Segment de notation à l'origine;;MEDIA;ok;02 / 03;RPAD(NVL(C_ENR.SEG_NOT_ORI,' '),2,' ')
7;51;2395;46;P1_22_54;P1 22.54;ALPHA;Grille Modèle de notation à l'origine;;MEDIA;ok;044102011071320130114FR                        / 044102011071320150930FR                       ;CASE WHEN C_ENR.GRI_MOD_NOT_ORI IS NULL THEN RPAD(' ',46) ELSE RPAD(nv
7;52;2441;3;P1_22_55;P1 22.55;ALPHA;Méthodologie de notation à l'origine;;MEDIA;ok;999 / C1 ;RPAD(upper(NVL(C_ENR.METH_NOT_ORI,' ')),3,' ')
7;53;2444;2;P1_22_7;P1 22.7;ALPHA;Objet du financement;;MEDIA;ok;04 / 97;RPAD('97',2)
7;54;2446;19;P1_22_8;P1 22.8;NUM;Montant du contrat à l'origine;P1 22.8;ALTA;ok;+000000000000000000 / +000000000000040419;pack_utilitaire.F_FORMAT_MONTANT_BIS2(C_ENR.MNT_CONTRAT_ORIGINE)
7;55;2465;3;P1_22_9;P1 22.9;ALPHA;Devise du montant du contrat à l'origine;P1 22.9;ALTA;ok;EUR;RPAD(nvl(C_ENR.DEV_MNT_CONTRAT_ORIGINE, 'EUR'), 3)
7;56;2468;1;P1_22_12;P1 22.12;ALPHA;Indicateur échéancier fourni;;MEDIA;ok;N;RPAD(NVL(C_ENR.IND_ECH_FOUR ,' '),1,' ')
7;;2469;166;P1_22_13;P1 22.13;NUM;Taux d'intérêt effectif (TIE) à l'origine;;FILLER;incoerente;+000000000F            LMM+000000000120130430        +000000000+000000000 000+000000000+000000000+000000000EXA-36020130430                   EUR+000000000000000000EUR / +000028000F            LMM+000028000120201022        +000000000+000000000 000+000028000+000000000+000000000EXB-EXB20201201+000000000023537650EUR+000000000001563461EUR;RPAD(' ',166)
7;57;2635;1;P1_22_36;P1 22.36;ALPHA;Option de remboursement anticipé;;MEDIA;ok;3;RPAD(NVL(C_ENR.IND_RMB_ANTICIPE,' '),1,' ')
7;;2636;177;P1_22_37;P1 22.37;DATE;Date du premier arriéré de paiement;P1 22.37;FILLER;incoerente;                                                                  +000000000000000000EUR                                                  2013123120361216+000000000000000000EURE /                                                                   +000000000000000000EUR                                                  2016063020321231+000000000000000000EURE;RPAD(' ', 177)
7;;2813;8;P1_22_63;P1 22.63;DATE;Date de début de l'engagement renouvelé;P1 22.63;FILLER;ok;20170131 / 20200508;RPAD(' ', 8)
7;;2821;12;P1_22_64;P1 22.64;ALPHA;Type de prêt habitat;P1 22.64;FILLER;vazio;;RPAD(' ', 12)
7;58;2833;2;P1_22_66;P1 22.66;ALPHA;Pays de juridiction du contrat;;MEDIA;ok;FR;RPAD(NVL(C_ENR.CD_PAYS_JURIDICTION,' '),2,' ')
7;59;2835;8;P1_22_67;P1 22.67;DATE;Date de signature du contrat initial;;MEDIA;ok;20081203 / 20120130;RPAD(NVL(TO_CHAR(C_ENR.DT_SIGNATURE,'YYYYMMDD'), ' '),8,' ')
7;60;2843;2;P1_22_68;P1 22.68;ALPHA;Evénement déclencheur de la garantie;;MEDIA;vazio;;RPAD(NVL(C_ENR.EVT_DECL_GAR,' '),2,' ')
7;;2845;1;P1_22_69;P1 22.69;ALPHA;Indicateur Différé carte de paiement;P1 22.69;FILLER;vazio;;RPAD(' ', 1)
7;61;2846;5;P1_22_70;P1 22.70;ALPHA;Nombre de jours de retard de paiement;;MEDIA;ok;00000;LPAD(NVL(to_char(C_ENR.NB_JOURS_RETARD), ' '),5,'0')
7;62;2851;3;P1_22_71;P1 22.71;ALPHA;Motif du passage en engagement en défaut;;MEDIA;ok;060 / 200;CASE WHEN C_ENR.CD_MOTIF_SCO_LC0267 is NULL then RPAD(' ', 3) ELSE LPA
7;63;2854;2;P1_22_72;P1 22.72;ALPHA;Bucket IFRS9;;MEDIA;ok;B1 / B2;RPAD(NVL(C_ENR.BUCKET_IFRS9,' '),2,' ')
7;;2856;20;P1_22_73;P1 22.73;NUM;Probabilité de défaut à l'origine calculée en;;FILLER;vazio;;RPAD(' ', 20)
7;64;2876;1;P1_23_1;P1 23.1;ALPHA;Eligibilité Outil Mutualisé de provisionnemen;;MEDIA;ok;2 / 4;RPAD(NVL(C_ENR.ELI_OUT_MUT_PROV,' '),1,' ')
7;65;2877;7;P1_23_2;P1 23.2;ALPHA;Centre de résultat;;MEDIA;ok;LEASING;RPAD(NVL(C_ENR.CENTRE_RES ,' '),7,' ')
7;66;2884;20;P1_23_3;P1 23.3;ALPHA;Système de gestion source;;MEDIA;ok;KSP                  / LIX                 ;RPAD(NVL(C_ENR.SYS_GEST_SRC,' '),20,' ')
7;67;2904;3;P1_23_4;P1 23.4;ALPHA;Classification comptable des actifs en norme ;;MEDIA;ok;CAM;RPAD(NVL(C_ENR.CLA_COMP_ACT_IFRS9 ,' '),3,' ')
7;68;2907;3;P1_23_5;P1 23.5;ALPHA;Classification comptable des actifs en norme ;;MEDIA;ok;PRC;RPAD(NVL(C_ENR.CLA_COMP_ACT_NATIONALE,' '),3,' ')
7;69;2910;1;P1_23_6;P1 23.6;ALPHA;Indicateur Actif déprécié dès l'origination;;MEDIA;ok;N;RPAD(NVL(C_ENR.IND_ACT_DEP_ORI ,' '),1,' ')
7;70;2911;40;P1_23_7;P1 23.7;ALPHA;Zone libre d'appariement comptable;;MEDIA;ok;A5171100_040_00370_CRBA                  / A5231100_022_00370_CREN                 ;RPAD(NVL(C_ENR.ZONE_APP_COMP ,' '),40,' ')
7;;2951;10;P1_23_12;P1 23.12;ALPHA;Zone OMP locale 1;;FILLER;vazio;;RPAD (' ', 10)
7;71;2961;12;P1_23_8;P1 23.8;ALPHA;Code méthode IFRS9 - PD;;MEDIA;vazio;;RPAD (nvl(C_ENR.CD_METH_IFRS9_PD,' '), 12)
7;72;2973;12;P1_23_9;P1 23.9;ALPHA;Code méthode IFRS9 - Loss Given Default (LGD);;MEDIA;ok;DEFAUTLGD    / LGCBI_GAR0  ;RPAD (nvl(C_ENR.CD_METH_IFRS9_LGD,' '), 12)
7;73;2985;12;P1_23_10;P1 23.10;ALPHA;Code méthode IFRS9 - CCF;;MEDIA;ok;CCCALL0010   / CCCALL0020  ;RPAD (nvl(C_ENR.CD_METH_IFRS9_CCF,' '), 12)
7;74;2997;12;P1_23_11;P1 23.11;ALPHA;Code méthode IFRS9 - Taux de remboursement an;;MEDIA;ok;RACBI0001    / RACBM0001   ;RPAD (nvl(C_ENR.CD_METH_IFRS9_TX,' '), 12)
7;;3009;2;P1_23_99;P1 23.99;ALPHA;Filler;;FILLER;vazio;;RPAD (' ', 2)
7;75;3011;1;P1_24_1;P1 24.1;ALPHA;Eligibilité Prudent Valuation;;MEDIA;ok;N;RPAD(NVL(C_ENR.ELIGIB_PRUDENT_VAL,' '),1,' ')
7;;3012;649;P1_24_2;P1 24.2;ALPHA;Motif d'exemption déclaré à l'ajustement à la;;FILLER;vazio;;RPAD (' ', 649)
7;76;3661;1;P1_26_1;P1 26.1;ALPHA;Indicateur mobilisation de l'actif;;MEDIA;ok;1 / 3;RPAD(NVL(C_ENR.IND_MOBIL_ACTIF,' '),1,' ')
7;77;3662;1;P1_22_11;P1 22.11;ALPHA;Indicateur éligibilité de l'actif à une mobil;;MEDIA;ok;N / Y;RPAD(NVL(C_ENR.ELIG_MOB_BANQUE_CENTRALE, ' '), 1)
7;78;3663;3;P1_26_3;P1 26.3;ALPHA;Référence de mobilisation de l'actif;;MEDIA;ok;1  ;RPAD(NVL(C_ENR.REF_MOB_ACTIF, ' '), 3)
7;79;3666;3;P1_26_4;P1 26.4;ALPHA;Code organisme de mobilisation;;MEDIA;ok;404;RPAD(NVL(C_ENR.CD_ORGA_MOBIL, ' '), 3)
7;;3669;44;P1_26_99;P1 26.99;ALPHA;Zone réservée Asset Encumbrance;;FILLER;vazio;;RPAD(' ',44)
7;;3713;19;P1_27_1;P1 27.1;NUM;Montant cumulé des recouvrements depuis le dé;;FILLER;vazio;;RPAD(' ', 19 )
7;;3732;3;P1_27_2;P1 27.2;ALPHA;Devise du montant cumulé des recouvrements de;;FILLER;vazio;;RPAD (' ', 3)
7;80;3735;1;P1_27_3;P1 27.3;ALPHA;Eligibilité Outil Central ANACREDIT;;MEDIA;ok;1 / 2;RPAD(NVL(C_ENR.IND_ELIGI_OUTI_CTRAL_ANACRD, '2'), 1)
7;81;3736;2;P1_27_4;P1 27.4;ALPHA;Motif exclusion à la déclaration ANACREDIT;;MEDIA;ok;02;RPAD(NVL(C_ENR.MOTIF_EXCLU_ANACREDIT, ' '), 2)
7;;3738;23;P1_27_99;P1 27.99;ALPHA;Filler;;FILLER;vazio;;RPAD(' ',23)
7;;3761;1;P1_28_1;P1 28.1;ALPHA;Indicateur opération effet de levier;;FILLER;ok;0;RPAD(' ', 1 )
7;;3762;1;P1_28_2;P1 28.2;ALPHA;Indicateur sponsor financier majoritaire au c;;FILLER;vazio;;RPAD (' ', 1)
7;;3763;22;P1_29_1;P1 29.1;NUM;Montant de l'indemnité de résiliation;;FILLER;incoerente;+000000000000000000EUR;RPAD(' ', 22 )
7;;3785;190;P1_30_1;P1 30.1;ALPHA;Type de contrat cadre;;FILLER;vazio;;RPAD(' ',190)
7;;3975;6;P1_30_22;P1 30.22;ALPHA;Référence du contrat cadre;;FILLER;vazio;;RPAD(' ',6)
7;82;3981;1;P1_30_22;P1 30.22;ALPHA;Référence du contrat cadre;;MEDIA;ok;N;'N'
7;;3982;18;P1_30_23;P1 30.23;ALPHA;Indicateur accord de netting contractuel;;FILLER;vazio;;RPAD (' ', 18)
7;;4000;7;P1_30_24;P1 30.24;ALPHA;Référence du contrat de netting contractuel;;FILLER;vazio;;RPAD (' ', 7)
7;83;4007;1;P1_30_24;P1 30.24;ALPHA;Référence du contrat de netting contractuel;;MEDIA;vazio;;'N'
7;;4008;25;P1_30_25;P1 30.25;ALPHA;Indicateur accord de netting comptable;;FILLER;ok;N                        ;RPAD (' ', 25)
7;;4033;1;P1_30_26;P1 30.26;ALPHA;Référence du contrat de netting comptable;;FILLER;vazio;;RPAD (' ', 1)
7;;4034;5;P1_30_27;P1 30.27;ALPHA;Finalité de l'opération;;FILLER;vazio;;RPAD(' ', 5 )
7;84;4039;40;P1_31_1;P1 31.1;ALPHA;Code entité de la succursale à l'origine de l;;BAIXA;ok; 200622VM0                               /  202878FN0                              ;RPAD(NVL(C_ENR.REF_UNIQ_CONT, ' '),40,' ')
7;85;4079;40;P1_31_2;P1 31.2;ALPHA;Référence unique du contrat à l'origine;;BAIXA;ok; 200622VM0                               /  202878FN0                              ;RPAD(NVL(C_ENR.REF_UNIQ_ELEM_CONT,' '),40,' ')
7;86;4119;19;P1_31_3;P1 31.3;ALPHA;Référence unique de l'élément de contrat à l';;BAIXA;ok; +00000000000000000 /  +00000000000004041;RPAD(pack_utilitaire.f_format_montant_bis2(C_ENR.MNT_ENG_DT_SIGN_CTRT)
7;87;4138;1;P1_31_4;P1 31.4;NUM;Montant en euros de l'engagement à la date de;;MEDIA;ok;0 / 1;RPAD(NVL(C_ENR.IND_RESPO_SOLIDAIRE, ' '), 1,' ')
7;88;4139;1;P1_31_5;P1 31.5;ALPHA;Indicateur responsabilité solidaire;;MEDIA;ok;N;RPAD (NVL(C_ENR.IND_ISF,'2'), 1)
7;;4140;6;P1_31_6;P1 31.6;ALPHA;Indicateur dossier infrastructure éligible au;;FILLER;ok;1      / 2     ;RPAD (' ', 6)
7;;4146;1;P1_31_7;P1 31.7;ALPHA;Rang dans la hiérarchie des créanciers;;FILLER;vazio;;RPAD (' ', 1)
7;89;4147;15;P1_31_8;P1 31.8;ALPHA;Droit d'un pays tiers : reconnaissance de la ;;BAIXA;ok; 14100          /  24140         ;RPAD(NVL(C_ENR.CD_COMMUNE_BIEN_FINAN, ' '),15,' ')
7;90;4162;2;P1_31_9;P1 31.9;ALPHA;Lieu d'investissement du bien principal finan;;BAIXA;ok; F;RPAD(NVL(C_ENR.CD_PAYS_BIEN_FINAN, ' '),2,' ')
7;;4164;40;P1_31_10;P1 31.10;ALPHA;Lieu d'investissement du bien principal finan;;FILLER;ok;R                                       ;RPAD(' ', 40)
7;91;4204;1;P1_31_16;P1 31.16;ALPHA;Devise du montant de l'apport à l'octroi;P1 31.17;BAIXA;vazio;;RPAD('+',1)
7;92;4205;5;P1_31_17;P1 31.17;NUM;Durée initiale du prêt;P1 31.17;ALTA;ok;+0001 / +0002;RPAD('00000',5)
7;93;4210;1;P1_31_17;P1 31.17;NUM;Durée initiale du prêt;P1 31.18;BAIXA;ok;0 / 1;RPAD('+',1)
7;94;4211;5;P1_31_18;P1 31.18;NUM;Durée totale du prêt à date;P1 31.18;ALTA;ok;+0001 / +0002;RPAD('00000',5)
7;;4216;6;P1_31_18;P1 31.18;NUM;Durée totale du prêt à date;;FILLER;ok;0      / 1     ;RPAD(' ', 6)
7;;4222;1;P1_31_19;P1 31.19;NUM;Durée de la période d'anticipation à date d'a;;FILLER;vazio;;RPAD(' ', 1)
7;;4223;2;P1_31_20;P1 31.20;ALPHA;Méthode de valorisation du bien;;FILLER;ok; 0;RPAD(' ', 2)
7;95;4225;2;P1_31_21;P1 31.21;ALPHA;Type de sécurisation à l'octroi;P1 31.22;ALTA;ok;10 / 20;CASE WHEN C_ENR.CD_TYPE_RISQUE = 'TRE502' THEN '01' WHEN C_ENR.CD_TYPE
7;;4227;97;P1_31_22;P1 31.22;ALPHA;Type de sécurisation à date;;FILLER;ok;1                                                                                                 / 2                                                                                                ;RPAD(' ', 97)
7;96;4324;1;P1_31_29;P1 31.29;NUM;Taux de marge du crédit brut à l'octroi;;MEDIA;vazio;;RPAD(NVL(C_ENR.IND_GAR_SANS_LIMITE,' '),1)
7;;4325;1;P1_31_37;P1 31.37;ALPHA;Indicateur garantie sans limite;;FILLER;vazio;;RPAD(' ',1)
7;97;4326;19;P1_31_38;P1 31.38;ALPHA;Etendue de la garantie donnée;;BAIXA;ok; +00000000000000000 /  +00000000000022017;RPAD(pack_utilitaire.f_format_montant_bis2(C_ENR.MNT_SUBV_HT),19)
7;98;4345;3;P1_29_3;P1 29.3;NUM;Montant des subventions;P1 29.4;ALTA;incoerente;0EU / 1EU;RPAD ('EUR', 3)
7;;4348;22;P1_29_4;P1 29.4;ALPHA;Devise du montant des subventions;;FILLER;ok;R                     ;RPAD (' ', 22)
7;;4370;22;P1_29_6;P1 29.6;ALPHA;Devise du montant de l'avance preneur en créd;;FILLER;vazio;;RPAD(' ', 22 )
7;;4392;28;P1_21_21;P1 21.21;ALPHA;Devise du montant des passages en pertes cumu;;FILLER;vazio;;RPAD(' ', 28 )
7;;4420;7;P1_31_36;P1 31.36;ALPHA;Indicateur prise ferme sur les titres;;FILLER;vazio;;RPAD(' ', 7 )
7;;4427;2;P1_16_24;P1 16.24;ALPHA;Méthode de titrisation;;FILLER;vazio;;RPAD(' ', 2 )
7;;4429;2;P1_16_25;P1 16.25;ALPHA;Echelon qualité de crédit de la tranche à dat;;FILLER;vazio;;RPAD(' ', 2 )
7;;4431;2;P1_16_26;P1 16.26;ALPHA;Type de cotation échelon de qualité de crédit;;FILLER;vazio;;RPAD(' ', 2 )
7;;4433;2;P1_16_27;P1 16.27;ALPHA;Echelon qualité de crédit de la tranche à dat;;FILLER;vazio;;RPAD(' ', 2 )
7;;4435;19;P1_16_28;P1 16.28;ALPHA;Type de cotation échelon de qualité de crédit;;FILLER;vazio;;RPAD(' ', 19 )
7;;4454;3;P1_16_29;P1 16.29;NUM;Montant escompte d'achats non remboursables;;FILLER;vazio;;RPAD (' ', 3)
7;;4457;19;P1_16_30;P1 16.30;ALPHA;Devise du montant escompte d'achats non rembo;;FILLER;vazio;;RPAD(' ', 19 )
7;;4476;3;P1_16_31;P1 16.31;NUM;Montant de l'ajustement spécifique du risque ;;FILLER;vazio;;RPAD (' ', 3)
7;;4479;19;P1_16_32;P1 16.32;ALPHA;Devise du montant de l'ajustement spécifique ;;FILLER;vazio;;RPAD(' ', 19 )
7;;4498;3;P1_16_33;P1 16.33;NUM;Valeur exposée au risque des positions déduit;;FILLER;vazio;;RPAD (' ', 3)
7;;4501;19;P1_16_34;P1 16.34;ALPHA;Devise de la valeur exposée au risque des pos;;FILLER;vazio;;RPAD(' ', 19 )
7;;4520;3;P1_16_35;P1 16.35;NUM;Montant de l'ajustement des risques pondérés ;;FILLER;vazio;;RPAD (' ', 3)
7;;4523;19;P1_16_36;P1 16.36;ALPHA;Devise du montant de l'ajustement des risques;;FILLER;vazio;;RPAD(' ', 19 )
7;;4542;3;P1_16_37;P1 16.37;NUM;Montant de RWA supplémentaire pour non-confor;;FILLER;vazio;;RPAD (' ', 3)
7;;4545;19;P1_16_38;P1 16.38;ALPHA;Devise du montant de RWA supplémentaire pour ;;FILLER;vazio;;RPAD(' ', 19 )
7;;4564;3;P1_16_39;P1 16.39;NUM;Montant du gain RWA obtenu par le CAP sur la ;;FILLER;vazio;;RPAD (' ', 3)
7;;4567;19;P1_16_40;P1 16.40;ALPHA;Devise du montant du gain RWA obtenu par le C;;FILLER;vazio;;RPAD(' ', 19 )
7;;4586;3;P1_16_41;P1 16.41;NUM;Montant du gain RWA obtenu par le CAP sur les;;FILLER;vazio;;RPAD (' ', 3)
7;;4589;2;P1_16_42;P1 16.42;ALPHA;Devise du montant du gain RWA obtenu par le C;;FILLER;vazio;;RPAD(' ', 2 )
7;;4591;2;P1_28_3;P1 28.3;ALPHA;Nature du financement;;FILLER;vazio;;RPAD(' ', 2 )
7;;4593;2;P1_28_4;P1 28.4;ALPHA;Type d'origination opération à effet de levie;;FILLER;vazio;;RPAD(' ', 2 )
7;;4595;20;P1_28_5;P1 28.5;ALPHA;Type clause contrat covenant;;FILLER;vazio;;RPAD(' ', 20 )
7;;4615;10;P1_28_6;P1 28.6;ALPHA;Identifiant local du tiers sponsor financier;;FILLER;vazio;;RPAD(' ', 10 )
7;;4625;15;P1_28_7;P1 28.7;ALPHA;Identifiant central du tiers sponsor financie;;FILLER;vazio;;RPAD(' ', 15 )
7;;4640;19;P1_28_8;P1 28.8;NUM;Ratio de levier de l'opération à l'originatio;;FILLER;vazio;;RPAD (' ', 19)
7;;4659;3;P1_28_9;P1 28.9;NUM;Montant de la part de la prise ferme du monta;;FILLER;vazio;;RPAD (' ', 3)
7;;4662;19;P1_28_10;P1 28.10;ALPHA;Devise du montant de la part de la prise ferm;;FILLER;vazio;;RPAD(' ', 19 )
7;;4681;3;P1_28_11;P1 28.11;NUM;Montant de la part à syndiquer du montant du ;;FILLER;vazio;;RPAD (' ', 3)
7;;4684;19;P1_28_12;P1 28.12;ALPHA;Devise du montant de la part à syndiquer du m;;FILLER;vazio;;RPAD(' ', 19 )
7;;4703;3;P1_28_13;P1 28.13;NUM;Montant de la part à syndiquer non cédé;;FILLER;vazio;;RPAD (' ', 3)
7;99;4706;3;P1_28_14;P1 28.14;ALPHA;Devise du montant de la part à syndiquer non ;;BAIXA;ok; EU;'EUR'
7;100;4709;12;P1_50_1;P1 50.1;ALPHA;Devise de liasse de l'entité;;BAIXA;ok;RA5171100    / RA5231100   ;RPAD(NVL(C_ENR.PCEC_MNT_RISQUE, ' '), 12)
7;101;4721;19;P1_50_2;P1 50.2;ALPHA;PCCO - Montant du principal 1;;BAIXA;ok; +00000000000000000 /  +00000000000000150;RPAD(pack_utilitaire.f_format_montant_bis2(C_ENR.MNT_RISQUE),19)
7;;4740;12;P1_50_3;P1 50.3;NUM;Montant du principal 1;;FILLER;ok;0            / 1           ;RPAD(' ',12)
7;;4752;19;P1_50_4;P1 50.4;ALPHA;PCCO - Montant du principal 2;;FILLER;vazio;;RPAD(' ',19)
7;102;4771;12;P1_50_5;P1 50.5;NUM;Montant du principal 2;;BAIXA;incoerente; A5177100    /  A5237100   ;RPAD(NVL(C_ENR.PCEC_ICNE, ' '), 12)
7;103;4783;19;P1_50_8;P1 50.8;ALPHA;PCCO - Montant des Dettes et créances rattach;;BAIXA;ok; +00000000000000000 /  +00000000000000085;RPAD(pack_utilitaire.f_format_montant_bis2(C_ENR.MNT_ICNE),19)
7;;4802;12;P1_50_9;P1 50.9;NUM;Montant des Dettes et créances rattachées;;FILLER;ok;0            / 1           ;RPAD(' ',12)
7;;4814;19;P1_50_14;P1 50.14;ALPHA;PCCO - Montant Marge initiale - Fonds de défa;;FILLER;vazio;;RPAD(' ',19)
7;;4833;12;P1_50_15;P1 50.15;NUM;Montant Marge initiale - Fonds de défaut;;FILLER;vazio;;RPAD(' ',12)
7;;4845;19;P1_50_16;P1 50.16;ALPHA;PCCO - Montant Marge variable;;FILLER;vazio;;RPAD(' ',19)
7;;4864;12;P1_50_17;P1 50.17;NUM;Montant Marge variable;;FILLER;vazio;;RPAD(' ',12)
7;;4876;19;P1_50_18;P1 50.18;ALPHA;PCCO - Montant Impacts JV;;FILLER;vazio;;RPAD(' ',19)
7;;4895;2;P1_50_19;P1 50.19;NUM;Montant Impacts JV;P1 21.22;FILLER;vazio;;RPAD(' ',2)
7;;4897;8;P1_21_22;P1 21.22;ALPHA;Motif du moratoire;P1 21.23;FILLER;vazio;;RPAD(' ',8)
7;;4905;6;P1_21_23;P1 21.23;DATE;Date de début du moratoire;P1 21.29;FILLER;vazio;;RPAD(' ',6)
7;;4911;2;P1_21_29;P1 21.29;NUM;Durée du moratoire;P1 21.25;FILLER;vazio;;RPAD(' ',2)
7;;4913;1;P1_21_25;P1 21.25;ALPHA;Statut du moratoire;P1 21.26;FILLER;vazio;;RPAD(' ',1)
7;;4914;1;P1_21_26;P1 21.26;ALPHA;Indicateur de moratoire législatif;P1 21.27;FILLER;vazio;;RPAD(' ',1)
7;;4915;2;P1_21_27;P1 21.27;ALPHA;Indicateur de moratoire contractuel;P1 21.28;FILLER;vazio;;RPAD(' ',2)
7;;4917;19;P1_21_28;P1 21.28;ALPHA;Champ d'application du moratoire;P1 21.30;FILLER;vazio;;RPAD(' ',19)
7;;4936;3;P1_21_30;P1 21.30;NUM;Montant des échéances reportées;P1 21.31;FILLER;vazio;;RPAD(' ',3)
7;;4939;15;P1_21_31;P1 21.31;ALPHA;Devise du montant des échéances reportées;P1 21.32;FILLER;vazio;;RPAD(' ',15)
7;;4954;3;P1_21_32;P1 21.32;ALPHA;Méthode de convention des taux sans risque (R;P1 21.33;FILLER;vazio;;RPAD(' ',3)
7;;4957;12;P1_21_33;P1 21.33;ALPHA;Durée de convention des taux sans risque (RFR;P1 15;FILLER;vazio;;RPAD(' ',12)
7;;4969;12;P1_15;P1 15;ALPHA;Numéro de compte local (PCI) de l'encours;P1 16;FILLER;vazio;;RPAD(' ',12)
7;;4981;12;P1_16;P1 16;ALPHA;Numéro de compte PCCA de l'encours en norme I;P1 14;FILLER;vazio;;RPAD(' ',12)
7;;4993;12;P1_14;P1 14;ALPHA;Numéro de compte PCCA de l'encours en NF;P1 50.20;FILLER;vazio;;RPAD(' ',12)
7;;5005;19;P1_50_20;P1 50.20;ALPHA;PCCO - Montant du principal 3;P1 50.21;FILLER;vazio;;RPAD(' ',19)
7;;5024;1;P1_50_21;P1 50.21;NUM;Montant du principal 3;P1 21.34;FILLER;vazio;;RPAD(' ',1)
7;;5025;1;P1_21_34;P1 21.34;ALPHA;Indicateur de créance titrisable;P1 21.35;FILLER;vazio;;RPAD(' ',1)
7;;5026;19;P1_21_35;P1 21.35;ALPHA;Indicateur de créance pour émission de covere;P1 21.36;FILLER;vazio;;RPAD(' ',19)
7;;5045;3;P1_21_36;P1 21.36;NUM;Montants liquidatifs estimés;P1 21.37;FILLER;vazio;;RPAD(' ',3)
7;;5048;10;P1_21_37;P1 21.37;ALPHA;Devise des montants liquidatifs estimés;P1 21.47;FILLER;vazio;;RPAD(' ',10)
7;;5058;7;P1_21_47;P1 21.47;NUM;Pondération Bâloise de l'engagement pour le c;P1 21.48;FILLER;vazio;;RPAD(' ',7)
7;;5065;19;P1_21_48;P1 21.48;ALPHA;Méthode de titrisation pour le calcul de l'Ou;P1 21.49;FILLER;vazio;;RPAD(' ',19)
7;;5084;3;P1_21_49;P1 21.49;NUM;Montant des ajustements de risques pondérés l;P1 21.50;FILLER;vazio;;RPAD(' ',3)
7;;5087;19;P1_21_50;P1 21.50;ALPHA;Devise du montant des ajustements de risques ;P1 21.51;FILLER;vazio;;RPAD(' ',19)
7;;5106;3;P1_21_51;P1 21.51;NUM;Montant de RWA supplémentaire pour non-confor;P1 21.52;FILLER;vazio;;RPAD(' ',3)
7;;5109;19;P1_21_52;P1 21.52;ALPHA;Devise du montant de RWA supplémentaire pour ;P1 21.53;FILLER;vazio;;RPAD(' ',19)
7;;5128;3;P1_21_53;P1 21.53;NUM;Montant du gain RWA obtenu par le CAP sur la ;P1 21.54;FILLER;vazio;;RPAD(' ',3)
7;;5131;1;P1_21_54;P1 21.54;ALPHA;Devise du gain RWA obtenu par le CAP sur la p;P1 21.44;FILLER;vazio;;RPAD(' ',1)
7;;5132;1;P1_21_44;P1 21.44;ALPHA;Indicateur d'exposition de qualité élevée;P1 21.45;FILLER;vazio;;RPAD(' ',1)
7;104;5133;1;P1_21_45;P1 21.45;ALPHA;Indicateur de la phase opérationnelle du proj;P1 21.46;BAIXA;ok;N / Y;RPAD(NVL(C_ENR.IND_CONF_CRIT_OPE,' '),1)
7;105;5134;1;P1_21_46;P1 21.46;ALPHA;Indicateur de conformité des critères opérati;P1 21.38;BAIXA;ok;Y;RPAD(NVL(C_ENR.IND_IPRE,' '),1)
7;106;5135;1;P1_21_38;P1 21.38;ALPHA;Indicateur d'exposition garantie par un bien ;P1 21.39;BAIXA;ok;N / Y;RPAD(NVL(C_ENR.IND_EXPO_ADC,' '),1)
7;107;5136;1;P1_21_39;P1 21.39;ALPHA;Indicateur d'exposition sur acquisition, déve;P1 21.40;BAIXA;ok;N;RPAD(NVL(C_ENR.IND_REAL_COND_PONDERATION_PREFE,' '),1)
7;;5137;1;P1_21_40;P1 21.40;ALPHA;Réalisation des conditions de pondération pré;P1 21.41;FILLER;ok;1;RPAD(' ',1)
7;;5138;1;P1_21_41;P1 21.41;ALPHA;Indicateur de dépôt en espèces substantiel;P1 21.42;FILLER;vazio;;RPAD(' ',1)
7;;5139;15;P1_21_42;P1 21.42;ALPHA;Indicateur d'apport en fonds propres substant;P1 21.43;FILLER;ok; +0000000000000 /  +0001200000000;RPAD(' ',15)
7;;5154;1;P1_21_43;P1 21.43;NUM;Ratio prudentiel d'Exposition/valeur (ETV);P1 21.56;FILLER;ok;0;RPAD(' ',1)
7;;5155;1;P1_21_56;P1 21.56;ALPHA;Indicateur Intention de revente à court terme;P1 21.57;FILLER;vazio;;RPAD(' ',1)
7;;5156;1;P1_21_57;P1 21.57;ALPHA;Indicateur d'investissement en Capital Risque;P1 21.58;FILLER;vazio;;RPAD(' ',1)
7;;5157;1;P1_21_58;P1 21.58;ALPHA;Indicateur d'investissement dans un programme;P1 21.59;FILLER;vazio;;RPAD(' ',1)
7;;5158;15;P1_21_59;P1 21.59;ALPHA;Indicateur de participation stratégique depui;P1 21.60;FILLER;vazio;;RPAD(' ',15)
7;;5173;10;P1_21_60;P1 21.60;NUM;Taux historique de pondération de la particip;P1 21.61;FILLER;vazio;;RPAD(' ',10)
7;;5183;10;P1_21_61;P1 21.61;NUM;Perte en cas de défaut (LGD) de la part d'enc;P1 21.62;FILLER;vazio;;RPAD(' ',10)
7;;5193;19;P1_21_62;P1 21.62;NUM;Perte en cas de défaut (LGD) de la part d'enc;P1 21.63;FILLER;vazio;;RPAD(' ',19)
7;;5212;3;P1_21_63;P1 21.63;NUM;Montant d'encours pour la partie couverte par;P1 21.64;FILLER;vazio;;RPAD(' ',3)
7;;5215;5;P1_21_64;P1 21.64;ALPHA;Devise du montant d'encours pour la partie co;P1 21.65;FILLER;vazio;;RPAD(' ',5)
7;108;5220;1;P1_21_65;P1 21.65;ALPHA;Entité juridique de rattachement du contrat d;P1 21.66;BAIXA;vazio;;RPAD(NVL(C_ENR.IND_UCC,' '),1)
7;;5221;1;P1_21_66;P1 21.66;ALPHA;Indicateur d'engagement hors bilan annulable ;P1 21.67;FILLER;ok;N;RPAD(' ',1)
7;109;5222;1;P1_21_67;P1 21.67;ALPHA;Indicateur de l'application de l'approche par;P1 21.68;BAIXA;vazio;;RPAD(NVL(C_ENR.NIV_RISQUE_CRR3,' '),1)
7;110;5223;12;P1_21_68;P1 21.68;ALPHA;Niveau de risque CRR3;P1 21.55;ALTA;ok; NA011       /  NA021      ;RPAD(NVL(C_ENR.CD_NAT_OPE_ENG_CALC_FLOOR,' '),12)
7;;5235;1;P1_21_55;P1 21.55;ALPHA;NATure d'Opération de l'engagement pour le ca;P1 21.69;FILLER;vazio;;RPAD(' ',1)
7;;5236;20;P1_21_69;P1 21.69;ALPHA;Indicateur de calcul de l'ajustement de l'éva;P1 21.89;FILLER;vazio;;RPAD(' ',20)
7;;5256;10;P1_21_89;P1 21.89;ALPHA;Identifiant local du client de l'intermédiair;P1 21.90;FILLER;vazio;;RPAD(' ',10)
7;111;5266;1;P1_21_90;P1 21.90;ALPHA;Identifiant central du client de l'intermédia;P1 8.13;BAIXA;vazio;;RPAD(NVL(C_ENR.USAGE_BIEN_FINANCE,' '),1)
7;;5267;40;P1_8_13;P1 8.13;ALPHA;Usage du bien immobilier financé;P1 21.71;FILLER;ok;0                                        / 2ARGENTON LES VALLEES                   ;RPAD(' ',40)
7;;5307;40;P1_21_71;P1 21.71;ALPHA;Lieu d'investissement du bien principal finan;P1 21.72;FILLER;ok; 10 RUE ANDRE CITROEN                    /  16 AV DU GENERAL DE GAULLE             ;RPAD(' ',40)
7;;5347;40;P1_21_72;P1 21.72;ALPHA;Lieu d'investissement du bien principal finan;P1 21.73;FILLER;ok; CABINET VETERINAIRE                     /  PA DE LA BAYONNE                       ;RPAD(' ',40)
7;;5387;40;P1_21_73;P1 21.73;ALPHA;Lieu d'investissement du bien principal finan;P1 21.74;FILLER;ok; 10 RUE ANDRE CITROEN                    /  16 AV DU GENERAL DE GAULLE             ;RPAD(' ',40)
7;;5427;40;P1_21_74;P1 21.74;ALPHA;Lieu d'investissement du bien principal finan;P1 21.75;FILLER;ok; 10 RUE ANDRE CITROEN                    /  16 AV DU GENERAL DE GAULLE             ;RPAD(' ',40)
7;;5467;40;P1_21_75;P1 21.75;ALPHA;Lieu d'investissement du bien principal finan;P1 21.76;FILLER;vazio;;RPAD(' ',40)
7;;5507;11;P1_21_76;P1 21.76;ALPHA;Lieu d'investissement du bien principal finan;P1 21.77;FILLER;ok; +43.627931 /  +44.970199;RPAD(' ',11)
7;;5518;12;P1_21_77;P1 21.77;NUM;Lieu d'investissement du bien principal finan;P1 21.78;FILLER;incoerente;0+000.526142 / 4+000.220485;RPAD(' ',12)
7;;5530;1;P1_21_78;P1 21.78;NUM;Lieu d'investissement du bien principal finan;P1 21.94;FILLER;ok;0 / 1;RPAD(' ',1)
7;;5531;2;P1_21_94;P1 21.94;ALPHA;Indicateur d'actif liquide de haute qualité (;P1 21.95;FILLER;vazio;;RPAD(' ',2)
7;;5533;1;P1_21_95;P1 21.95;ALPHA;Niveau de l'actif liquide de haute qualité (H;P1 21.79;FILLER;vazio;;RPAD(' ',1)
7;;5534;3;P1_21_79;P1 21.79;ALPHA;Indicateur Titre de Participation;P1 21.80;FILLER;vazio;;RPAD(' ',3)
7;;5537;10;P1_21_80;P1 21.80;ALPHA;Classification comptable de l'élément couvert;P1 21.81;FILLER;ok; +00000000 /  +00131562;RPAD(' ',10)
7;;5547;10;P1_21_81;P1 21.81;NUM;DSCR (ratio de couverture des charges d'empru;P1 21.82;FILLER;incoerente;0+00000000 / 7+10002261;RPAD(' ',10)
7;;5557;15;P1_21_82;P1 21.82;NUM;DSCR (ratio de couverture des charges d'empru;P1 21.83;FILLER;ok;0              ;RPAD(' ',15)
7;;5572;15;P1_21_83;P1 21.83;NUM;Ratio de couverture des intérêts (ICR) revalo;P1 21.84;FILLER;vazio;;RPAD(' ',15)
7;;5587;15;P1_21_84;P1 21.84;NUM;Ratio prêts-coûts (LTC) à l'octroi;P1 21.85;FILLER;vazio;;RPAD(' ',15)
7;112;5602;1;P1_21_85;P1 21.85;NUM;Taux de précommercialisation / prélocation à ;P1 21.86;BAIXA;vazio;;RPAD(NVL(C_ENR.CD_TYPE_BIEN_COMM,' '),1)
7;113;5603;1;P1_21_86;P1 21.86;ALPHA;Type de bien commercial;P1 21.87;BAIXA;ok;2 / 3;RPAD(NVL(C_ENR.CD_EMPLACE_BIEN_COMM,' '),1)
7;114;5604;1;P1_21_87;P1 21.87;ALPHA;Emplacement du bien immobilier commercial;P1 21.88;BAIXA;ok;2;RPAD(NVL(C_ENR.IND_OPE_AVEC_RECOURS,' '),1)
7;;5605;19;P1_21_88;P1 21.88;ALPHA;Indicateur d'opération avec recours;P1 21.91;FILLER;ok;N                   / Y                  ;RPAD(' ',19)
7;;5624;3;P1_21_91;P1 21.91;NUM;Montant des variations cumulées de la juste v;P1 21.92;FILLER;vazio;;RPAD(' ',3)
7;;5627;5;P1_21_92;P1 21.92;ALPHA;Devise du montant des variations cumulées de ;P1 21.93;FILLER;vazio;;RPAD(' ',5)
7;;5632;20;P1_21_93;P1 21.93;ALPHA;Numéro du dernier billet financier apériodiqu;P1 31.51;FILLER;vazio;;RPAD(' ',20)
7;;5652;19;P1_31_51;P1 31.51;ALPHA;Identifiant du contrat maître en responsabili;P1 31.52;FILLER;vazio;;RPAD(' ',19)
7;;5671;3;P1_31_52;P1 31.52;NUM;Montant en responsabilité solidaire;P1 31.53;FILLER;vazio;;RPAD(' ',3)
7;115;5674;24;P1_31_53;P1 31.53;ALPHA;Devise du montant en responsabilité solidaire;;BAIXA;vazio;;LPAD(' ', 24)
8;1;0;8;P1_H_0_1;0.1 (P1);DATE;Date d'arrêté;;MEDIA;ok;20250630;RPAD(TO_CHAR(C_ENR.DT_ARRETE,'YYYYMMDD'),8,' ')
8;2;8;5;P1_H_0_2;0.2 (P1);ALPHA;Entité Porteuse de Risques;;MEDIA;ok;00357 / 00370;RPAD(NVL(C_ENR.CD_CONSO_CPT,' '),5,' ')
8;3;13;12;P1_H_0_3;0.3 (P1);ALPHA;Application source;;MEDIA;ok;C_BTR       ;RPAD('C_DDR',12,' ')
8;4;25;1;P1_H_0_4;0.4 (P1);ALPHA;Fréquence de transmission;;MEDIA;ok;M;'M'
8;5;26;12;P1_H_0_5;0.5 (P1);ALPHA;Date et Heure de traitement;;MEDIA;ok;202608241214;:MASYSDATE
8;6;38;2;P1_H_0_6;0.6 (P1);ALPHA;Type d'enregistrement;;MEDIA;ok;P1;'P1'
8;;40;1;P1_H_0_7;0.7 (P1);ALPHA;Nature de flux (Zone réservée DRG);;FILLER;vazio;;RPAD(' ',1)
8;;41;2;P1_H_0_8;0.8 (P1);ALPHA;Centre de Responsabilité Comptable (Zone rése;;FILLER;vazio;;RPAD(' ',2)
8;;43;7;P1_H_0_9;0.9 (P1);ALPHA;Unité d'exploitation (Zone réservée CACIB);;FILLER;vazio;;RPAD(' ',7)
8;7;50;20;P1_H_1_1;1.1 (P1);ALPHA;Identifiant local du tiers en risque;;MEDIA;ok;EN1001720            / EN100438            ;RPAD(NVL(C_ENR.ID_TIERS_CALC,' '),20,' ')
8;;70;10;P1_H_1_2;1.2 (P1);ALPHA;Identifiant central du tiers en risque;;FILLER;vazio;;RPAD(' ', 10)
8;8;80;30;P1_H_1_4;1.4 (P1);ALPHA;Référence de l'Autorisation Mise En Place;;MEDIA;ok;F1-*0019                       / F1200622-M0                   ;RPAD(NVL(C_ENR.ID_AUTORISATION,' '),30,' ')
8;9;110;30;P1_H_1_6;1.6 (P1);ALPHA;Référence de la ligne de détail de l'Autorisa;;MEDIA;ok;F2-*0019                       / F2200622-M0                   ;RPAD(NVL(C_ENR.ID_LIGNE_DET ,' '),30,' ')
8;;140;40;P1_H_1_8;1.8 (P1);ALPHA;Identifiant de la sûreté reçue;;FILLER;vazio;;RPAD(' ',40)
8;10;180;40;P1_H_1_11;1.11 (P1);ALPHA;Identifiant de l'engagement;;MEDIA;ok;200622VM0_C                              / 202878FN0_C                             ;RPAD(NVL(C_ENR.ID_ENGAGEMENT,' '),40,' ')
8;;220;40;P1_H_1_16;1.16 (P1);ALPHA;Référence de la provision sur tiers;;FILLER;vazio;;RPAD(' ',40)
8;;260;20;P1_H_1_99;1.99 (P1);ALPHA;Filler;;FILLER;vazio;;RPAD(' ',20)
8;11;280;7;P1_1_1;P1 1.1;ALPHA;Méthodologie Bâloise;;MEDIA;ok;STD    ;RPAD(NVL(C_ENR.CD_METHODO_BALE2,' '),7,' ')
8;12;287;2;P1_1_2;P1 1.2;ALPHA;Traitement moteur bâlois;;MEDIA;ok;07;RPAD(NVL(C_ENR.CODE_TRAIT_MOTEUR,' '),2,' ')
8;13;289;1;P1_4_34;P1 4.34;ALPHA;Traitement GRR;;MEDIA;ok;Y;RPAD(NVL(C_ENR.CODE_TRAIT_GRR,' '),1,' ')
8;14;290;6;P1_2_0;P1 2.0;ALPHA;Type de risque;;MEDIA;ok;TRE401 / TRE501;RPAD(NVL(C_ENR.CD_TYPE_RISQUE,' '),6,' ')
8;15;296;1;P1_2_4;P1 2.4;ALPHA;Portefeuille de booking Intention de Gestion;;MEDIA;ok;B;RPAD(NVL(C_ENR.CD_PORTEFEUILLE_BOOKING,' '),1,' ')
8;16;297;5;P1_2_6;P1 2.6;ALPHA;Ligne Métier;;MEDIA;ok;MLE00;RPAD(NVL(C_ENR.CD_LIGNE_METIER,' '),5,' ')
8;17;302;3;P1_2_18;P1 2.18;ALPHA;Portefeuille Bâle Opération;;MEDIA;ok;061 / 900;RPAD(NVL(C_ENR.CD_PORTEFEUILLE_BALE2,' '),3,' ')
8;18;305;12;P1_2_29;P1 2.29;ALPHA;NATure d'Opération de l'engagement;;MEDIA;ok;NA011        / NA021       ;RPAD(NVL(C_ENR.CD_NATURE_OPE,' '),12,' ')
8;19;317;8;P1_3_2;P1 3.2;DATE;Date de début de l'engagement;;MEDIA;ok;20081203 / 20120130;RPAD(TO_CHAR(C_ENR.DT_DEBUT_ENG,'YYYYMMDD'),8,' ')
8;20;325;8;P1_3_4;P1 3.4;DATE;Date de fin de l'engagement;;MEDIA;ok;20250630 / 20250714;RPAD(TO_CHAR(C_ENR.DT_FIN_ENG,'YYYYMMDD'),8,' ')
8;;333;1;P1_16_6;P1 16.6;NUM;Pondération Bâloise de l'engagement (%);;FILLER;vazio;;RPAD(' ',1)
8;;334;4;P1_16_6;P1 16.6;NUM;Pondération Bâloise de l'engagement (%);;FILLER;vazio;;RPAD(' ',4)
8;;338;5;P1_16_6;P1 16.6;NUM;Pondération Bâloise de l'engagement (%);;FILLER;vazio;;RPAD(' ',5)
8;;343;1;P1_18_1;P1 18.1;NUM;Loss Given Default (LGD);;FILLER;incoerente;+;RPAD(' ',1)
8;;344;4;P1_18_1;P1 18.1;NUM;Loss Given Default (LGD);;FILLER;ok;0000;RPAD(' ',4)
8;;348;5;P1_18_1;P1 18.1;NUM;Loss Given Default (LGD);;FILLER;ok;00000;RPAD(' ',5)
8;;353;1;P1_18_10;P1 18.10;NUM;Crédit Conversion Factor (CCF);;FILLER;incoerente;+;RPAD(' ',1)
8;;354;4;P1_18_10;P1 18.10;NUM;Crédit Conversion Factor (CCF);;FILLER;ok;0000;RPAD(' ',4)
8;;358;5;P1_18_10;P1 18.10;NUM;Crédit Conversion Factor (CCF);;FILLER;ok;00000;RPAD(' ',5)
8;;363;1;P1_18_5;P1 18.5;NUM;Montant de l'Exposition en cas de Défaut (EAD;;FILLER;incoerente;+;RPAD(' ',1)
8;;364;16;P1_18_5;P1 18.5;NUM;Montant de l'Exposition en cas de Défaut (EAD;;FILLER;ok;0000000000000000;RPAD(' ',16)
8;;380;2;P1_18_5;P1 18.5;NUM;Montant de l'Exposition en cas de Défaut (EAD;;FILLER;ok;00;RPAD(' ',2)
8;;382;3;P1_18_17;P1 18.17;ALPHA;Devise du montant de l'Exposition en cas de D;;FILLER;ok;EUR;RPAD(' ',3)
8;21;385;3;P1_18_18;P1 18.18;ALPHA;Devise d'origine du contrat;;MEDIA;ok;EUR;RPAD(NVL(C_ENR.CD_DEVISE_ORIGINE, ' '),3,' ')
8;;388;50;P1_3_98;P1 3.98;ALPHA;Zone réservée locale;;FILLER;vazio;;RPAD(' ',50)
8;;438;2;P1_21_1;P1 21.1;ALPHA;Indicateur Type de Restructuration;;FILLER;vazio;;RPAD(' ',2)
8;;440;8;P1_21_2;P1 21.2;DATE;Date de Restructuration;;FILLER;ok;20170131 / 20200508;RPAD(' ',8)
8;22;448;1;P1_5_5;P1 5.5;ALPHA;Indicateur Arriéré de paiement;P1 5.5;ALTA;ok;N;NVL(C_ENR.CD_ARR_PAIEMENT,'N')
8;;449;1;P1_4_1;P1 4.1;ALPHA;Indicateur Impayé prudentiel;;FILLER;ok;N / Y;RPAD(' ',1)
8;23;450;1;P1_5_2;P1 5.2;ALPHA;Indicateur Engagement en défaut;P1 5.2;ALTA;ok;N / Y;RPAD(NVL(C_ENR.TOP_ENG_DOUTEUX,' '),1, ' ')
8;;451;8;P1_5_3;P1 5.3;DATE;Date de passage en engagement en défaut;;FILLER;ok;20240715 / 20241203;RPAD(' ',8)
8;;459;1;P1_4_2;P1 4.2;NUM;Montant du solde de compte;;FILLER;vazio;;RPAD(' ',1)
8;;460;16;P1_4_2;P1 4.2;NUM;Montant du solde de compte;;FILLER;vazio;;RPAD(' ',16)
8;;476;2;P1_4_2;P1 4.2;NUM;Montant du solde de compte;P1 4.2;FILLER;vazio;;RPAD(' ',2)
8;;478;3;P1_4_3;P1 4.3;ALPHA;Devise du montant du solde de compte;P1 4.3;FILLER;ok;EUR;RPAD(' ',3)
8;;481;1;P1_4_4;P1 4.4;NUM;Montant du découvert;P1 4.4;FILLER;vazio;;RPAD(' ',1)
8;;482;16;P1_4_4;P1 4.4;NUM;Montant du découvert;;FILLER;vazio;;RPAD(' ',16)
8;;498;2;P1_4_4;P1 4.4;NUM;Montant du découvert;;FILLER;vazio;;RPAD(' ',2)
8;24;500;3;P1_4_5;P1 4.5;ALPHA;Devise du montant du découvert;;MEDIA;vazio;;RPAD(NVL(C_ENR.CD_DEVISE_MNT_DECOUVERT, ' '),3,' ')
8;;503;1;P1_4_9;P1 4.9;NUM;Montant du capital restant dû;P1 4.9;FILLER;incoerente;+;RPAD(' ',1)
8;;504;16;P1_4_9;P1 4.9;NUM;Montant du capital restant dû;;FILLER;ok;0000000000000000 / 0000000000000015;RPAD(' ',16)
8;;520;2;P1_4_9;P1 4.9;NUM;Montant du capital restant dû;;FILLER;ok;00 / 01;RPAD(' ',2)
8;;522;3;P1_4_13;P1 4.13;ALPHA;Devise du montant du capital restant dû;P1 4.13;FILLER;ok;EUR;RPAD(' ',3)
8;25;525;19;P1_4_14;P1 4.14;NUM;Montant des loyers;;MEDIA;ok;+000000000000000100 / +000000000000005814;pack_utilitaire.f_format_montant_bis3(C_ENR.MNT_LOYER)
8;26;544;3;P1_4_15;P1 4.15;ALPHA;Devise d'origine des loyers;;MEDIA;ok;EUR;RPAD(NVL(C_ENR.CD_DEVISE_CRD, ' '), 3,' ')
8;;547;1;P1_4_16;P1 4.16;NUM;Montant du nominal de l'engagement;;FILLER;vazio;;RPAD(' ',1)
8;;548;16;P1_4_16;P1 4.16;NUM;Montant du nominal de l'engagement;;FILLER;vazio;;RPAD(' ',16)
8;;564;2;P1_4_16;P1 4.16;NUM;Montant du nominal de l'engagement;;FILLER;vazio;;RPAD(' ',2)
8;;566;3;P1_4_17;P1 4.17;ALPHA;Devise du nominal de l'engagement;;FILLER;vazio;;RPAD(' ',3)
8;;569;12;P1_4_18;P1 4.18;ALPHA;Zone libre (Ex PCCO du montant demandé);P1 4.18;FILLER;ok;A5171100     / A5231100    ;RPAD(' ',12)
8;;581;1;P1_4_6;P1 4.6;NUM;Montant des intérêts restant dus;;FILLER;incoerente;+;RPAD(' ',1)
8;;582;16;P1_4_6;P1 4.6;NUM;Montant des intérêts restant dus;;FILLER;ok;0000000000000000;RPAD(' ',16)
8;;598;2;P1_4_6;P1 4.6;NUM;Montant des intérêts restant dus;;FILLER;ok;00;RPAD(' ',2)
8;;600;3;P1_4_7;P1 4.7;ALPHA;Devise du montant des intérêts restant dus;;FILLER;ok;EUR;RPAD(' ',3)
8;;603;12;P1_4_19;P1 4.19;ALPHA;Zone libre (Ex PCCO – des intérêts restant du;;FILLER;ok;A5177100     / A5237100    ;RPAD(' ',12)
8;;615;1;P1_4_20;P1 4.20;NUM;Taux facial du prêt fixe;;FILLER;vazio;;RPAD(' ',1)
8;;616;4;P1_4_20;P1 4.20;NUM;Taux facial du prêt fixe;;FILLER;vazio;;RPAD(' ',4)
8;;620;5;P1_4_20;P1 4.20;NUM;Taux facial du prêt fixe;;FILLER;vazio;;RPAD(' ',5)
8;;625;1;P1_4_21;P1 4.21;NUM;Montant de la décote sur actif déprécié à l'a;;FILLER;incoerente;+;RPAD(' ',1)
8;;626;16;P1_4_21;P1 4.21;NUM;Montant de la décote sur actif déprécié à l'a;;FILLER;ok;0000000000000000 / 0000000000000001;RPAD(' ',16)
8;;642;2;P1_4_21;P1 4.21;NUM;Montant de la décote sur actif déprécié à l'a;;FILLER;ok;00 / 45;RPAD(' ',2)
8;;644;3;P1_4_22;P1 4.22;ALPHA;Devise du montant de la décote sur actif dépr;;FILLER;ok;EUR;RPAD(' ',3)
8;;647;2;P1_4_23;P1 4.23;ALPHA;Circuit de distribution;;FILLER;ok;CL;RPAD(' ',2)
8;;649;1;P1_5_6;P1 5.6;ALPHA;Indicateur 'Prêt Revolving Roll-over';;FILLER;vazio;;RPAD(' ',1)
8;;650;20;P1_5_7;P1 5.7;ALPHA;Identifiant local du bénéficiaire final de l';;FILLER;vazio;;RPAD(' ',20)
8;;670;10;P1_5_8;P1 5.8;ALPHA;Identifiant central du bénéficiaire final de ;;FILLER;vazio;;RPAD(' ',10)
8;;680;2;P1_3_33;P1 3.33;ALPHA;Nature d'OPCVM Garanti;;FILLER;vazio;;RPAD(' ',2)
8;;682;1;P1_5_10;P1 5.10;ALPHA;Indicateur Accord de Fusion;;FILLER;vazio;;RPAD(' ',1)
8;;683;25;P1_5_11;P1 5.11;ALPHA;Référence de la lettre de Fusion;;FILLER;vazio;;RPAD(' ',25)
8;;708;2;P1_3_32;P1 3.32;ALPHA;Rôle du Tiers dans l'opération d'affacturage;;FILLER;vazio;;RPAD(' ',2)
8;;710;1;P1_3_46;P1 3.46;ALPHA;Usage du bien immobilier apporté en garantie;;FILLER;ok;0 / 2;RPAD(' ',1)
8;;711;1;P1_3_47;P1 3.47;ALPHA;Respect des conditions réglementaires;;FILLER;ok;Y;RPAD(' ',1)
8;;712;1;P1_3_40;P1 3.40;NUM;Valeur de marché du bien immobilier loué à la;;FILLER;incoerente;+;RPAD(' ',1)
8;;713;16;P1_3_40;P1 3.40;NUM;Valeur de marché du bien immobilier loué à la;;FILLER;ok;0000000000000001 / 0000000000285208;RPAD(' ',16)
8;;729;2;P1_3_40;P1 3.40;NUM;Valeur de marché du bien immobilier loué à la;;FILLER;ok;00 / 45;RPAD(' ',2)
8;;731;3;P1_3_41;P1 3.41;ALPHA;Devise de la valeur de marché du bien immobil;;FILLER;ok;EUR;RPAD(' ',3)
8;;734;1;P1_3_42;P1 3.42;NUM;Valeur hypothécaire du bien immobilier loué à;;FILLER;incoerente;+;RPAD(' ',1)
8;;735;16;P1_3_42;P1 3.42;NUM;Valeur hypothécaire du bien immobilier loué à;;FILLER;ok;0000000000000001 / 0000000000285208;RPAD(' ',16)
8;;751;2;P1_3_42;P1 3.42;NUM;Valeur hypothécaire du bien immobilier loué à;;FILLER;ok;00 / 45;RPAD(' ',2)
8;;753;3;P1_3_43;P1 3.43;ALPHA;Devise de la valeur hypothécaire du bien immo;;FILLER;ok;EUR;RPAD(' ',3)
8;;756;2;P1_3_44;P1 3.44;ALPHA;Zone libre (Ex Localisation du bien immobilie;;FILLER;ok;FR;RPAD(' ',2)
8;;758;1;P1_3_45;P1 3.45;ALPHA;Achat en fin de contrat du bien loué;;FILLER;ok;1 / 2;RPAD(' ',1)
8;;759;1;P1_5_19;P1 5.19;NUM;Valeur estimée en fin de période du bien loué;;FILLER;incoerente;+;RPAD(' ',1)
8;;760;16;P1_5_19;P1 5.19;NUM;Valeur estimée en fin de période du bien loué;;FILLER;ok;0000000000000000 / 0000000000000001;RPAD(' ',16)
8;;776;2;P1_5_19;P1 5.19;NUM;Valeur estimée en fin de période du bien loué;;FILLER;ok;00 / 01;RPAD(' ',2)
8;;778;3;P1_5_20;P1 5.20;ALPHA;Devise de la valeur estimée en fin de période;;FILLER;ok;EUR;RPAD(' ',3)
8;27;781;3;P1_19_5;P1 19.5;ALPHA;Classification comptable de référence des act;;MEDIA;ok;CAM;RPAD(nvl(C_ENR.cla_comp_ref_act,' '),3)
8;;784;12;P1_3_56;P1 3.56;ALPHA;Zone libre (Ex PCCO – Valeur du titre en norm;;FILLER;vazio;;RPAD(' ',12)
8;;796;1;P1_3_50;P1 3.50;NUM;Montant du coût d'acquisition;;FILLER;vazio;;RPAD(' ',1)
8;;797;16;P1_3_50;P1 3.50;NUM;Montant du coût d'acquisition;;FILLER;vazio;;RPAD(' ',16)
8;;813;2;P1_3_50;P1 3.50;NUM;Montant du coût d'acquisition;;FILLER;vazio;;RPAD(' ',2)
8;;815;3;P1_3_51;P1 3.51;ALPHA;Devise du montant du coût d'acquisition;;FILLER;vazio;;RPAD(' ',3)
8;;818;1;P1_3_52;P1 3.52;NUM;Montant du Mark-to-Market (MtM);;FILLER;vazio;;RPAD(' ',1)
8;;819;16;P1_3_52;P1 3.52;NUM;Montant du Mark-to-Market (MtM);;FILLER;vazio;;RPAD(' ',16)
8;;835;2;P1_3_52;P1 3.52;NUM;Montant du Mark-to-Market (MtM);;FILLER;vazio;;RPAD(' ',2)
8;;837;3;P1_3_53;P1 3.53;ALPHA;Devise du montant du Mark-to-Market (MtM);;FILLER;vazio;;RPAD(' ',3)
8;;840;1;P1_3_54;P1 3.54;NUM;Montant du coût amorti;;FILLER;vazio;;RPAD(' ',1)
8;;841;16;P1_3_54;P1 3.54;NUM;Montant du coût amorti;;FILLER;vazio;;RPAD(' ',16)
8;;857;2;P1_3_54;P1 3.54;NUM;Montant du coût amorti;;FILLER;vazio;;RPAD(' ',2)
8;;859;3;P1_3_55;P1 3.55;ALPHA;Devise du montant du coût amorti;;FILLER;vazio;;RPAD(' ',3)
8;;862;1;P1_3_57;P1 3.57;NUM;Montant des coupons restant dû;;FILLER;vazio;;RPAD(' ',1)
8;;863;16;P1_3_57;P1 3.57;NUM;Montant des coupons restant dû;;FILLER;vazio;;RPAD(' ',16)
8;;879;2;P1_3_57;P1 3.57;NUM;Montant des coupons restant dû;;FILLER;vazio;;RPAD(' ',2)
8;;881;3;P1_3_58;P1 3.58;ALPHA;Devise du montant des coupons restant dû;;FILLER;vazio;;RPAD(' ',3)
8;;884;1;P1_3_59;P1 3.59;NUM;Montant du solde du compte courant d'associé;;FILLER;vazio;;RPAD(' ',1)
8;;885;16;P1_3_59;P1 3.59;NUM;Montant du solde du compte courant d'associé;;FILLER;vazio;;RPAD(' ',16)
8;;901;2;P1_3_59;P1 3.59;NUM;Montant du solde du compte courant d'associé;;FILLER;vazio;;RPAD(' ',2)
8;;903;3;P1_3_60;P1 3.60;ALPHA;Devise du solde du compte courant d'associé;;FILLER;vazio;;RPAD(' ',3)
8;;906;1;P1_3_61;P1 3.61;ALPHA;Traitement prudentiel des titres et créances ;;FILLER;vazio;;RPAD(' ',1)
8;;907;2;P1_3_99;P1 3.99;ALPHA;Filler;;FILLER;vazio;;RPAD(' ',2)
8;28;909;19;P1_3_8;P1 3.8;NUM;Montant nominal;;MEDIA;vazio;;pack_utilitaire.f_format_montant_bis2(nvl((C_ENR.MNT_NOMINAL),0))
8;29;928;3;P1_3_9;P1 3.9;ALPHA;Devise du montant nominal;;MEDIA;vazio;;RPAD(NVL(C_ENR.CD_DEVISE_NOMINAL,' '),3,' ')
8;30;931;12;P1_3_31;P1 3.31;ALPHA;Zone libre (Ex PCCO – Nominal);;MEDIA;vazio;;RPAD(NVL(C_ENR.PCCO_NOMINAL,' '),12,' ')
8;31;943;2;P1_12_1;P1 12.1;ALPHA;Nature du sous-Jacent;;MEDIA;vazio;;RPAD(C_ENR.NATURE_PROD_SS_JACENT, 2,' ')
8;32;945;1;P1_3_7;P1 3.7;NUM;Sens de la transaction;;MEDIA;vazio;;RPAD(NVL(C_ENR.SENS_TRANSACTION, ' '),1,' ')
8;;946;1;P1_3_70;P1 3.70;NUM;Montant du Mark-to-Market (MtM) net si accord;;FILLER;vazio;;RPAD(' ',1)
8;;947;16;P1_3_70;P1 3.70;NUM;Montant du Mark-to-Market (MtM) net si accord;;FILLER;vazio;;RPAD(' ',16)
8;;963;2;P1_3_70;P1 3.70;NUM;Montant du Mark-to-Market (MtM) net si accord;;FILLER;vazio;;RPAD(' ',2)
8;;965;3;P1_3_71;P1 3.71;ALPHA;Devise du montant du Mark-to-Market (MtM) net;;FILLER;vazio;;RPAD(' ',3)
8;;968;1;P1_3_74;P1 3.74;ALPHA;Eligibilité des actifs sous-jacents des CDS T;;FILLER;vazio;;RPAD(' ',1)
8;33;969;20;P1_2_99;P1 2.99;ALPHA;Code méthode IFRS9 - PD à l'origine;P1 2.99;ALTA;ok;LC_MIG_D+            / PME_MIG_C-          ;RPAD(NVL(C_ENR.CD_METH_IFRS9_PD_ORIG,' '), 20)
8;34;989;19;P1_3_80;P1 3.80;NUM;Montant du Mark-to-Market (MtM) brut;;MEDIA;vazio;;pack_utilitaire.f_format_montant_bis2(nvl((C_ENR.MNT_MTM),0))
8;35;1008;3;P1_3_81;P1 3.81;ALPHA;Devise du montant du Mark-to-Market (MtM) bru;;MEDIA;vazio;;RPAD(NVL(C_ENR.CD_DEVISE_MTM,' '),3,' ')
8;36;1011;12;P1_3_82;P1 3.82;ALPHA;Zone libre (Ex PCCO – MtM brut);;MEDIA;vazio;;RPAD(NVL(C_ENR.PCCO_MTM,' '),12,' ')
8;37;1023;1;P1_3_83;P1 3.83;ALPHA;Modèle de l'assiette interne du risque de var;;MEDIA;vazio;;RPAD(NVL(C_ENR.MODELE_ASSIETE_RISQUE, ' '),1,' ')
8;38;1024;1;P1_3_15;P1 3.15;ALPHA;Indicateur accord de collatéralisation;;MEDIA;vazio;;RPAD(NVL(C_ENR.IND_ACCORD_COLLATERISATION, ' '),1,' ')
8;39;1025;25;P1_13_10;P1 13.10;ALPHA;Référence du contrat de collatéralisation;;MEDIA;vazio;;RPAD(NVL(C_ENR.REF_ACCORD_COLLATERISATION, ' '),25,' ')
8;40;1050;1;P1_3_16;P1 3.16;ALPHA;Indicateur accord de netting prudentiel;;MEDIA;vazio;;RPAD(NVL(C_ENR.IND_ACCORD_NETTING, ' '),1,' ')
8;41;1051;25;P1_3_17;P1 3.17;ALPHA;Référence du contrat de netting prudentiel;;MEDIA;vazio;;RPAD(NVL(C_ENR.REF_CONTRAT_NETTING, ' '),25,' ')
8;42;1076;3;P1_3_19;P1 3.19;ALPHA;Devise de règlement de l'accord de netting pr;;MEDIA;vazio;;RPAD(NVL(C_ENR.DEV_CONTRAT_NETTING, ' '),3,' ')
8;43;1079;19;P1_3_84;P1 3.84;NUM;Montant de l'assiette interne du risque de va;;MEDIA;vazio;;pack_utilitaire.f_format_montant_bis2(nvl((C_ENR.MT_ASSIETE_INTERNE),0
8;44;1098;3;P1_3_85;P1 3.85;ALPHA;Devise de l'assiette interne du risque de var;;MEDIA;vazio;;RPAD(NVL(C_ENR.DEV_ASSIETE_INTERNE, ' '),3,' ')
8;45;1101;19;P1_3_72;P1 3.72;NUM;Montant de l'assiette réglementaire;;MEDIA;vazio;;pack_utilitaire.f_format_montant_bis2(nvl((C_ENR.MT_ASSIETE_REGLEMENTA
8;46;1120;3;P1_3_73;P1 3.73;ALPHA;Devise du montant de l'assiette réglementaire;;MEDIA;vazio;;RPAD(NVL(C_ENR.DEV_ASSIETE_REGLEMENTAIRE, ' '),3,' ')
8;;1123;3;P1_7_0;P1 7.0;NUM;Périodicité de réévaluation;;FILLER;vazio;;RPAD(' ',3)
8;;1126;1;P1_7_1;P1 7.1;NUM;Montant Mark-to-Market (MtM) de la jambe prêt;;FILLER;vazio;;RPAD(' ',1)
8;;1127;16;P1_7_1;P1 7.1;NUM;Montant Mark-to-Market (MtM) de la jambe prêt;;FILLER;vazio;;RPAD(' ',16)
8;;1143;2;P1_7_1;P1 7.1;NUM;Montant Mark-to-Market (MtM) de la jambe prêt;;FILLER;vazio;;RPAD(' ',2)
8;;1145;3;P1_7_2;P1 7.2;ALPHA;Devise du montant Mark-to-Market (MtM) de la ;;FILLER;vazio;;RPAD(' ',3)
8;;1148;12;P1_7_6;P1 7.6;ALPHA;Zone libre (Ex PCCO du MtM de la jambe prêteu;;FILLER;vazio;;RPAD(' ',12)
8;;1160;2;P1_7_7;P1 7.7;ALPHA;Jambe prêteuse du repo : nature du sous-jacen;;FILLER;vazio;;RPAD(' ',2)
8;;1162;2;P1_7_8;P1 7.8;ALPHA;Jambe prêteuse du repo : localisation bourse ;;FILLER;vazio;;RPAD(' ',2)
8;;1164;2;P1_7_9;P1 7.9;ALPHA;Jambe prêteuse du repo : indice dont les titr;;FILLER;vazio;;RPAD(' ',2)
8;;1166;12;P1_7_10;P1 7.10;ALPHA;Jambe prêteuse du repo : référence des titres;;FILLER;vazio;;RPAD(' ',12)
8;;1178;1;P1_7_11;P1 7.11;ALPHA;Jambe prêteuse du repo : échelon de qualité d;;FILLER;vazio;;RPAD(' ',1)
8;;1179;8;P1_7_12;P1 7.12;DATE;Jambe prêteuse du repo : échéance du titre so;;FILLER;vazio;;RPAD(' ',8)
8;;1187;20;P1_7_13;P1 7.13;ALPHA;Jambe prêteuse du repo : identifiant local de;;FILLER;vazio;;RPAD(' ',20)
8;;1207;10;P1_7_14;P1 7.14;ALPHA;Jambe prêteuse du repo : identifiant central ;;FILLER;vazio;;RPAD(' ',10)
8;;1217;1;P1_7_3;P1 7.3;NUM;Montant Mark-to-Market (MtM) de la jambe empr;;FILLER;vazio;;RPAD(' ',1)
8;;1218;16;P1_7_3;P1 7.3;NUM;Montant Mark-to-Market (MtM) de la jambe empr;;FILLER;vazio;;RPAD(' ',16)
8;;1234;2;P1_7_3;P1 7.3;NUM;Montant Mark-to-Market (MtM) de la jambe empr;;FILLER;vazio;;RPAD(' ',2)
8;;1236;3;P1_12_5;P1 12.5;ALPHA;Devise du montant Mark-to-Market (MtM) de la ;;FILLER;vazio;;RPAD(' ',3)
8;;1239;12;P1_7_15;P1 7.15;ALPHA;Zone libre (Ex PCCO du MtM de la jambe emprun;;FILLER;vazio;;RPAD(' ',12)
8;;1251;2;P1_7_16;P1 7.16;ALPHA;Jambe emprunteuse du repo : nature du sous-ja;;FILLER;vazio;;RPAD(' ',2)
8;;1253;2;P1_7_17;P1 7.17;ALPHA;Jambe emprunteuse du repo : localisation bour;;FILLER;vazio;;RPAD(' ',2)
8;;1255;2;P1_7_18;P1 7.18;ALPHA;Jambe emprunteuse du repo : indice dont les t;;FILLER;vazio;;RPAD(' ',2)
8;;1257;12;P1_7_19;P1 7.19;ALPHA;Jambe emprunteuse du repo : référence des tit;;FILLER;vazio;;RPAD(' ',12)
8;;1269;1;P1_7_20;P1 7.20;ALPHA;Jambe emprunteuse du repo : Echelon de qualit;;FILLER;vazio;;RPAD(' ',1)
8;;1270;8;P1_7_21;P1 7.21;DATE;Jambe emprunteuse du repo : échéance du titre;;FILLER;vazio;;RPAD(' ',8)
8;;1278;20;P1_7_22;P1 7.22;ALPHA;Jambe emprunteuse du repo : identifiant local;;FILLER;vazio;;RPAD(' ',20)
8;;1298;10;P1_7_23;P1 7.23;ALPHA;Jambe emprunteuse du repo : identifiant centr;;FILLER;vazio;;RPAD(' ',10)
8;;1308;1;P1_7_24;P1 7.24;ALPHA;Indicateur de période de liquidation 20 jours;;FILLER;vazio;;RPAD(' ',1)
8;;1309;1;P1_7_25;P1 7.25;ALPHA;Indicateur de période de liquidation à double;;FILLER;vazio;;RPAD(' ',1)
8;;1310;3;P1_16_3;P1 16.3;ALPHA;Séniorité de la tranche dans le véhicule;;FILLER;vazio;;RPAD(' ',3)
8;;1313;5;P1_11_33;P1 11.33;ALPHA;Rating de la tranche;;FILLER;vazio;;RPAD(' ',5)
8;;1318;2;P1_11_12;P1 11.12;ALPHA;Source du rating de la tranche;;FILLER;vazio;;RPAD(' ',2)
8;;1320;1;P1_16_9;P1 16.9;ALPHA;Indicateur 'Granularité des parts';;FILLER;vazio;;RPAD(' ',1)
8;;1321;1;P1_16_12;P1 16.12;ALPHA;Code position de la banque dans le programme;;FILLER;vazio;;RPAD(' ',1)
8;;1322;1;P1_16_13;P1 16.13;ALPHA;Indicateur Clause de remboursement anticipé;;FILLER;vazio;;RPAD(' ',1)
8;;1323;7;P1_16_15;P1 16.15;ALPHA;Méthode de pondération titrisation;;FILLER;vazio;;RPAD(' ',7)
8;;1330;1;P1_16_16;P1 16.16;ALPHA;Nature de la titrisation;;FILLER;vazio;;RPAD(' ',1)
8;;1331;1;P1_16_17;P1 16.17;ALPHA;Re-titrisation;;FILLER;vazio;;RPAD(' ',1)
8;;1332;1;P1_16_18;P1 16.18;ALPHA;Type de titrisation;;FILLER;vazio;;RPAD(' ',1)
8;;1333;1;P1_16_19;P1 16.19;NUM;Pondération à l'origine;;FILLER;vazio;;RPAD(' ',1)
8;;1334;4;P1_16_19;P1 16.19;NUM;Pondération à l'origine;;FILLER;vazio;;RPAD(' ',4)
8;;1338;5;P1_16_19;P1 16.19;NUM;Pondération à l'origine;;FILLER;vazio;;RPAD(' ',5)
8;;1343;8;P1_16_20;P1 16.20;ALPHA;Indicateur titrisation STS;;FILLER;vazio;;RPAD(' ',8)
8;;1351;1;P1_4_31;P1 4.31;ALPHA;Indicateur Produit à sous-jacent;;FILLER;ok;N;RPAD(' ',1)
8;;1352;1;P1_4_32;P1 4.32;ALPHA;Indicateur de granularité;;FILLER;vazio;;RPAD(' ',1)
8;;1353;8;P1_4_33;P1 4.33;DATE;Date d'acquisition de la dernière part;;FILLER;vazio;;RPAD(' ',8)
8;;1361;1;P1_11_13;P1 11.13;NUM;Point d'attachement;;FILLER;vazio;;RPAD(' ',1)
8;;1362;4;P1_11_13;P1 11.13;NUM;Point d'attachement;;FILLER;vazio;;RPAD(' ',4)
8;;1366;5;P1_11_13;P1 11.13;NUM;Point d'attachement;;FILLER;vazio;;RPAD(' ',5)
8;;1371;1;P1_11_14;P1 11.14;NUM;Point de détachement;;FILLER;vazio;;RPAD(' ',1)
8;;1372;4;P1_11_14;P1 11.14;NUM;Point de détachement;;FILLER;vazio;;RPAD(' ',4)
8;;1376;5;P1_11_14;P1 11.14;NUM;Point de détachement;;FILLER;vazio;;RPAD(' ',5)
8;;1381;8;P1_4_24;P1 4.24;DATE;Date de signature du contrat;;FILLER;vazio;;RPAD(' ',8)
8;;1389;1;P1_4_36;P1 4.36;ALPHA;Indicateur de transparence de la structure;;FILLER;vazio;;RPAD(' ',1)
8;;1390;1;P1_4_49;P1 4.49;ALPHA;Indicateur d'engagement de valeur minimale su;;FILLER;vazio;;RPAD(' ',1)
8;;1391;4;P1_4_99;P1 4.99;ALPHA;Filler;;FILLER;vazio;;RPAD(' ',4)
8;;1395;24;P1_4_45;P1 4.45;ALPHA;NATure d'Opération des intérêts dus / coupons;;FILLER;vazio;;RPAD(' ',24)
8;47;1419;2;P1_3_20;P1 3.20;NUM;Maturité résiduelle;;MEDIA;ok;00 / 01;LPAD(ABS(TRUNC(NVL(C_ENR.MATURITE_EFF,0))),2,'0')
8;48;1421;4;P1_3_20;P1 3.20;NUM;Maturité résiduelle;;MEDIA;ok;0000 / 0027;LPAD(ABS(MOD(NVL(C_ENR.MATURITE_EFF,0) *10000,10000)),4,'0')
8;49;1425;1;P1_4_8;P1 4.8;ALPHA;Indicateur bilan hors bilan;;MEDIA;ok;B;RPAD(NVL(C_ENR.TOP_ENG, ' '),1,' ')
8;;1426;3;P1_12_16;P1 12.16;ALPHA;Code séniorité;;FILLER;vazio;;RPAD(' ',3)
8;50;1429;2;P1_3_75;P1 3.75;ALPHA;Instrument financier;P1 3.75;ALTA;vazio;;RPAD(NVL(C_ENR.INSTRUMENT_FINANCIER, ' '),2,' ')
8;51;1431;6;P1_4_42;P1 4.42;ALPHA;Type de produit bancaire;P1 4.42;ALTA;ok;CRED03 / CRED10;RPAD(NVL(C_ENR.CD_TYPE_PROD_BANCAIRE,' '),6,' ')
8;52;1437;8;P1_3_3;P1 3.3;DATE;Date de valeur de prise d'effet du contrat;;MEDIA;ok;20250630;RPAD(nvl(TO_CHAR(C_ENR.DT_ARRETE, 'YYYYMMDD'),' '),8,' ')
8;;1445;16;P1_4_43;P1 4.43;ALPHA;Segment de notation du groupe de risque;;FILLER;ok;       20081203  /        20120130 ;RPAD(' ',16)
8;;1461;20;P1_3_62;P1 3.62;ALPHA;Identifiant local du tiers Garant des titres ;;FILLER;vazio;;RPAD(' ',20)
8;;1481;10;P1_3_63;P1 3.63;ALPHA;Identifiant central du tiers Garant des titre;;FILLER;vazio;;RPAD(' ',10)
8;;1491;30;P1_3_64;P1 3.64;ALPHA;Zone libre (Ex Indicateur titre déprécié);;FILLER;vazio;;RPAD(' ',30)
8;;1521;1;P1_4_25;P1 4.25;NUM;Montant du Add-on affacturage;;FILLER;vazio;;RPAD(' ',1)
8;;1522;16;P1_4_25;P1 4.25;NUM;Montant du Add-on affacturage;;FILLER;vazio;;RPAD(' ',16)
8;;1538;2;P1_4_25;P1 4.25;NUM;Montant du Add-on affacturage;;FILLER;vazio;;RPAD(' ',2)
8;;1540;3;P1_4_26;P1 4.26;ALPHA;Devise du montant du Add-on affacturage;;FILLER;vazio;;RPAD(' ',3)
8;;1543;1;P1_4_27;P1 4.27;NUM;Montant de la part de financement garanti par;;FILLER;vazio;;RPAD(' ',1)
8;;1544;16;P1_4_27;P1 4.27;NUM;Montant de la part de financement garanti par;;FILLER;vazio;;RPAD(' ',16)
8;;1560;2;P1_4_27;P1 4.27;NUM;Montant de la part de financement garanti par;;FILLER;vazio;;RPAD(' ',2)
8;;1562;3;P1_4_28;P1 4.28;ALPHA;Devise du montant de la part de financement g;;FILLER;vazio;;RPAD(' ',3)
8;;1565;30;P1_4_30;P1 4.30;NUM;Expected Loss Best Estimate (en %);;FILLER;vazio;;RPAD(' ',30)
8;;1595;1;P1_4_29;P1 4.29;ALPHA;Indicateur créance titrisée;;FILLER;ok;N;RPAD(' ',1)
8;;1596;50;P1_4_40;P1 4.40;ALPHA;Identifiant du Fonds Commun de Titrisation (S;;FILLER;vazio;;RPAD(' ',50)
8;;1646;10;P1_8_99;P1 8.99;ALPHA;Filler;;FILLER;vazio;;RPAD(' ',10)
8;;1656;1;P1_4_38;P1 4.38;ALPHA;Indicateur autonomie patrimoniale de l'actif ;;FILLER;vazio;;RPAD(' ',1)
8;;1657;1;P1_4_39;P1 4.39;ALPHA;Indicateur portabilité de l'actif en cas de d;;FILLER;vazio;;RPAD(' ',1)
8;;1658;1;P1_4_37;P1 4.37;ALPHA;Indicateur de ségrégation;;FILLER;vazio;;RPAD(' ',1)
8;;1659;1;P1_4_35;P1 4.35;ALPHA;Indicateur opinion juridique;;FILLER;vazio;;RPAD(' ',1)
8;53;1660;1;P1_3_36;P1 3.36;ALPHA;Indicateur compensation centrale;;MEDIA;vazio;;RPAD(NVL(C_ENR.IND_CCP, ' '),1,' ')
8;;1661;30;P1_9_99;P1 9.99;ALPHA;Filler;;FILLER;vazio;;RPAD(' ',30)
8;;1691;12;P1_12_3;P1 12.3;ALPHA;Référence du titre sous-jacent;;FILLER;vazio;;RPAD(' ',12)
8;;1703;1;P1_12_19;P1 12.19;ALPHA;Echelon de qualité de crédit du titre sous-ja;;FILLER;vazio;;RPAD(' ',1)
8;;1704;8;P1_12_6;P1 12.6;DATE;Date d'échéance du titre sous-jacent;;FILLER;vazio;;RPAD(' ',8)
8;54;1712;2;P1_15_1;P1 15.1;ALPHA;Indice boursier auquel appartient le titre so;;MEDIA;vazio;;RPAD(NVL(C_ENR.CODE_INDICE_BOURSE, ' '),2,' ')
8;55;1714;2;P1_15_2;P1 15.2;ALPHA;Localisation bourse de cotation du titre sous;;MEDIA;vazio;;RPAD(NVL(C_ENR.CODE_PAYS_BOURSE, ' '),2,' ')
8;;1716;20;P1_12_17;P1 12.17;ALPHA;Identifiant local du tiers émetteur du titre ;;FILLER;vazio;;RPAD(' ',20)
8;;1736;10;P1_12_18;P1 12.18;ALPHA;Identifiant central du tiers émetteur du titr;;FILLER;vazio;;RPAD(' ',10)
8;;1746;30;P1_10_99;P1 10.99;ALPHA;Filler;;FILLER;vazio;;RPAD(' ',30)
8;56;1776;19;P1_3_86;P1 3.86;NUM;Montant Credit Valuation Adjustment (CVA) com;;MEDIA;vazio;;pack_utilitaire.f_format_montant_bis2(nvl((C_ENR.MT_CVA_COMPTA),0))
8;57;1795;3;P1_3_87;P1 3.87;ALPHA;Devise de Credit Valuation Adjustment (CVA) c;;MEDIA;vazio;;RPAD(NVL(C_ENR.DEV_CVA_COMPTA, ' '),3,' ')
8;58;1798;1;P1_3_88;P1 3.88;ALPHA;Indicateur de risque spécifique de corrélatio;;MEDIA;vazio;;RPAD(NVL(C_ENR.IND_RISQ_COLLAT_SPECIF, ' '),1,' ')
8;;1799;30;P1_11_15;P1 11.15;ALPHA;Identifiant local de la chambre de compensati;;FILLER;vazio;;RPAD(' ',30)
8;59;1829;3;P1_11_1;P1 11.1;ALPHA;Type de dérivé de crédit;;MEDIA;vazio;;RPAD(NVL(C_ENR.TYPE_CREDIT_DERIVE, ' '),3,' ')
8;60;1832;1;P1_3_76;P1 3.76;ALPHA;Indicateur de dénouement du CDS;;MEDIA;vazio;;RPAD(NVL(C_ENR.IND_DENOUEMENT_CDS, ' '),1,' ')
8;61;1833;1;P1_3_77;P1 3.77;ALPHA;Eligibilité du dérivé de crédit à la couvertu;;MEDIA;vazio;;RPAD(NVL(C_ENR.IND_ELLIGIBILITE_CVA, ' '),1,' ')
8;;1834;20;P1_11_4;P1 11.4;ALPHA;Identifiant local du tiers couvert par le Dér;;FILLER;vazio;;RPAD(' ',20)
8;;1854;10;P1_11_5;P1 11.5;ALPHA;Identifiant central du tiers couvert par le D;;FILLER;vazio;;RPAD(' ',10)
8;62;1864;10;P1_11_2;P1 11.2;NUM;Spread de marché du dérivé;;MEDIA;vazio;;(CASE WHEN C_ENR.MT_SPREAD >=0 THEN '+' ELSE '-' END)
8;63;1874;4;P1_3_10;P1 3.10;NUM;Montant notionnel de la jambe achetée des dér;;MEDIA;vazio;;LPAD(ABS(TRUNC(NVL(C_ENR.MT_SPREAD,0))),4,'0')
8;;1878;5;P1_3_10;P1 3.10;NUM;Montant notionnel de la jambe achetée des dér;;FILLER;vazio;;RPAD(' ',5)
8;64;1883;19;P1_3_10;P1 3.10;NUM;Montant notionnel de la jambe achetée des dér;;BAIXA;vazio;;pack_utilitaire.f_format_montant_bis2(nvl((C_ENR.MT_NOTIONNEL_ACH),0))
8;65;1902;3;P1_3_12;P1 3.12;NUM;Montant du notionnel de la jambe vendue des d;;MEDIA;vazio;;RPAD(NVL(C_ENR.DEV_NOTIONNEL_ACH, ' '),3,' ')
8;66;1905;19;P1_3_12;P1 3.12;NUM;Montant du notionnel de la jambe vendue des d;;BAIXA;vazio;;pack_utilitaire.f_format_montant_bis2(nvl((C_ENR.MT_NOTIONNEL_VENDU),0
8;67;1924;3;P1_8_1;P1 8.1;ALPHA;Type du taux payé du dérivé;;BAIXA;vazio;;RPAD(NVL(C_ENR.DEV_NOTIONNEL_VENDU, ' '),3,' ')
8;68;1927;2;P1_8_2;P1 8.2;ALPHA;Indice de référence du taux payé;;MEDIA;vazio;;RPAD(NVL(C_ENR.TYPE_SWAP, ' '),2,' ')
8;69;1929;3;P1_8_2;P1 8.2;ALPHA;Indice de référence du taux payé;;MEDIA;vazio;;RPAD(NVL(C_ENR.NATURE_OPTION, ' '),3,' ')
8;70;1932;1;P1_8_2;P1 8.2;ALPHA;Indice de référence du taux payé;P1 10.2;BAIXA;vazio;;RPAD(NVL(C_ENR.IND_CALL_PUT, ' '),1,' ')
8;71;1933;1;P1_8_2;P1 8.2;ALPHA;Indice de référence du taux payé;P1 8.1;BAIXA;vazio;;RPAD(NVL(C_ENR.TYPE_TAUX_PAYE, ' '),1,' ')
8;72;1934;14;P1_8_2;P1 8.2;ALPHA;Indice de référence du taux payé;P1 8.2;ALTA;vazio;;RPAD(NVL(C_ENR.REF_TAUX_PAYE, ' '),14,' ')
8;73;1948;1;P1_8_12;P1 8.12;ALPHA;Indice de référence du taux reçu;P1 8.11;BAIXA;vazio;;RPAD(NVL(C_ENR.TYPE_TAUX_RECU, ' '),1,' ')
8;74;1949;14;P1_8_12;P1 8.12;ALPHA;Indice de référence du taux reçu;P1 8.12;ALTA;vazio;;RPAD(NVL(C_ENR.REF_TAUX_RECU, ' '),14,' ')
8;75;1963;19;P1_20_1;P1 20.1;NUM;Quantité à recevoir;;BAIXA;vazio;;pack_utilitaire.f_format_montant_bis2(nvl((C_ENR.MT_QUANTITE_RECUE),0)
8;76;1982;3;P1_20_3;P1 20.3;NUM;Quantité à livrer;;MEDIA;vazio;;RPAD(NVL(C_ENR.UNITE_QUANTITE_RECUE, ' '),3,' ')
8;77;1985;19;P1_20_3;P1 20.3;NUM;Quantité à livrer;;BAIXA;vazio;;pack_utilitaire.f_format_montant_bis2(nvl((C_ENR.MT_QUANTITE_LIVREE),0
8;78;2004;3;P1_10_4;P1 10.4;NUM;Prix d'exercice de l'option;;MEDIA;vazio;;RPAD(NVL(C_ENR.UNITE_QUANTITE_LIVREE, ' '),3,' ')
8;;2007;244;P1_10_4;P1 10.4;NUM;Prix d'exercice de l'option;;FILLER;incoerente;                                                                                                                                                      114PE                20240831                2024083120260831                20240831        E /                                                                                                                                                       154PE                                                                2025022820230131        E;RPAD(' ',244)
8;;2251;2;P1_22_56;P1 22.56;ALPHA;Indicateur produit échéancé;;FILLER;ok;CH;RPAD(' ',2)
8;;2253;2;P1_22_57;P1 22.57;ALPHA;Indicateur objet métier palier fourni;;FILLER;ok;N2 / N3;RPAD(' ',2)
8;;2255;2;P1_22_1;P1 22.1;ALPHA;Référence unique du contrat;;FILLER;ok;00 / 01;RPAD(' ',2)
8;;2257;2;P1_22_1;P1 22.1;ALPHA;Référence unique du contrat;;FILLER;ok;00 / 01;RPAD(' ',2)
8;79;2259;3;P1_22_1;P1 22.1;ALPHA;Référence unique du contrat;P1 22.56;BAIXA;ok;009 / 0BJ;RPAD(NVL(C_ENR.IND_PROD_ECH,' '),3,' ')
8;80;2262;1;P1_22_1;P1 22.1;ALPHA;Référence unique du contrat;P1 22.57;BAIXA;ok;0 / 1;RPAD(NVL(C_ENR.IND_OBJ_MET_PAL,' '),1,' ')
8;81;2263;40;P1_22_1;P1 22.1;ALPHA;Référence unique du contrat;;BAIXA;ok;                               200622VM0 /                                202878FN0;RPAD(NVL(C_ENR.REF_UNIQ_CONT, ' '),40,' ')
8;82;2303;40;P1_22_51;P1 22.51;ALPHA;Référence Unique de l'élément du contrat;;BAIXA;ok;-0                                       / 700                                     ;RPAD(NVL(C_ENR.REF_UNIQ_ELEM_CONT,' '),40,' ')
8;;2343;45;P1_22_4;P1 22.4;ALPHA;Zone libre (Ex Référence unique du contrat co;;FILLER;ok;                                    A         /                                     A+       ;RPAD(' ',45)
8;83;2388;2;P1_22_52;P1 22.52;ALPHA;Note externe à l'origine;;MEDIA;vazio;;RPAD('ND',2)
8;84;2390;10;P1_22_52;P1 22.52;ALPHA;Note externe à l'origine;;BAIXA;ok; I 02      /  I 0304410;RPAD(NVL(C_ENR.NOTE_EXT_ORI,' '),10,' ')
8;85;2400;2;P1_22_54;P1 22.54;ALPHA;Grille Modèle de notation à l'origine;;MEDIA;ok;19 / 20;RPAD(nvl(C_ENR.ORGA_NOTATION_ORIG,' '),2,' ')
8;86;2402;2;P1_22_54;P1 22.54;ALPHA;Grille Modèle de notation à l'origine;;MEDIA;ok;00 / 11;RPAD(NVL(C_ENR.SEG_NOT_ORI,' '),2,' ')
8;87;2404;46;P1_22_54;P1 22.54;ALPHA;Grille Modèle de notation à l'origine;;BAIXA;ok;                                        97+000 /                                      99997+000;CASE WHEN C_ENR.GRI_MOD_NOT_ORI IS NULL THEN RPAD(' ',46) ELSE RPAD(nv
8;88;2450;3;P1_22_8;P1 22.8;NUM;Montant du contrat à l'origine;;MEDIA;ok;000;RPAD(upper(NVL(C_ENR.METH_NOT_ORI,' ')),3,' ')
8;89;2453;2;P1_22_8;P1 22.8;NUM;Montant du contrat à l'origine;;MEDIA;ok;00;RPAD('97',2)
8;90;2455;19;P1_22_8;P1 22.8;NUM;Montant du contrat à l'origine;P1 22.8;ALTA;incoerente;0000000000EURN+0000 / 0000000000EURN+0002;pack_utilitaire.F_FORMAT_MONTANT_BIS2(C_ENR.MNT_CONTRAT_ORIGINE)
8;91;2474;3;P1_22_13;P1 22.13;NUM;Taux d'intérêt effectif (TIE) à l'origine;P1 22.9;BAIXA;ok;000 / 010;RPAD(nvl(C_ENR.DEV_MNT_CONTRAT_ORIGINE, 'EUR'), 3)
8;92;2477;1;P1_22_13;P1 22.13;NUM;Taux d'intérêt effectif (TIE) à l'origine;;MEDIA;ok;0;RPAD(NVL(C_ENR.IND_ECH_FOUR,' '),1,' ')
8;;2478;23;P1_22_13;P1 22.13;NUM;Taux d'intérêt effectif (TIE) à l'origine;;FILLER;incoerente;0F            LMM+00000 / 0F            LMM+00002;RPAD(' ',23)
8;93;2501;1;P1_22_19;P1 22.19;NUM;Taux client à l'octroi;P1 22.16;BAIXA;ok;0 / 1;RPAD(NVL(C_ENR.TYPE_AMOR_CAP,' '),1)
8;;2502;142;P1_22_19;P1 22.19;NUM;Taux client à l'octroi;;FILLER;incoerente;000120081203        +000000000+000000000 000+000388000+000000000+000000000EXA-36020081203                   EUR+000000000016108166EUR3         / 000120120130        +000000000+000000000 000+000470000+000000000+000000000EXA-36020120130                   EUR+000000000077301073EUR3        ;RPAD(' ',142)
8;94;2644;1;P1_22_38;P1 22.38;DATE;Date de passage de l'encours en douteux compr;;MEDIA;vazio;;RPAD(NVL(C_ENR.IND_RMB_ANTICIPE,' '),1,' ')
8;;2645;177;P1_22_38;P1 22.38;DATE;Date de passage de l'encours en douteux compr;P1 22.37;FILLER;incoerente;                                                         +000000000000000000EUR                                                  2013123120361216+000000000000000000EURE          /                                                          +000000000000000000EUR                                                  2016063020321231+000000000000000000EURE         ;RPAD(' ', 177)
8;;2822;8;P1_22_64;P1 22.64;ALPHA;Type de prêt habitat;P1 22.63;FILLER;vazio;;RPAD(' ', 8)
8;;2830;12;P1_22_65;P1 22.65;NUM;Taux d'endettement à l'octroi;P1 22.64;FILLER;incoerente;   FR2008120 /    FR2012013;RPAD(' ', 12)
8;95;2842;2;P1_22_67;P1 22.67;DATE;Date de signature du contrat initial;P1 22.66;BAIXA;incoerente;0  / 1 ;RPAD(NVL(C_ENR.CD_PAYS_JURIDICTION, ' '), 2, ' ')
8;;2844;16;P1_22_68;P1 22.68;ALPHA;Evénement déclencheur de la garantie;;FILLER;ok;  00000   B1     /   00000   B2    ;RPAD(' ', 16)
8;96;2860;3;P1_22_73;P1 22.73;NUM;Probabilité de défaut à l'origine calculée en;;MEDIA;vazio;;CASE WHEN C_ENR.CD_MOTIF_SCO_LC0267 is NULL then RPAD(' ', 3) ELSE LPA
8;97;2863;2;P1_22_73;P1 22.73;NUM;Probabilité de défaut à l'origine calculée en;P1 22.72;BAIXA;vazio;;RPAD(NVL(C_ENR.BUCKET_IFRS9,' '), 2, ' ')
8;;2865;20;P1_22_73;P1 22.73;NUM;Probabilité de défaut à l'origine calculée en;;FILLER;incoerente;           2LEASINGL /            4LEASINGK;RPAD(' ', 20)
8;98;2885;1;P1_23_3;P1 23.3;ALPHA;Système de gestion source;;MEDIA;ok;I / L;RPAD(NVL(C_ENR.ELI_OUT_MUT_PROV,' '),1,' ')
8;99;2886;7;P1_23_3;P1 23.3;ALPHA;Système de gestion source;;MEDIA;ok;P       / R      ;RPAD(NVL(C_ENR.CENTRE_RES,' '),7,' ')
8;100;2893;20;P1_23_3;P1 23.3;ALPHA;Système de gestion source;;BAIXA;ok;           CAMPRCNA5;RPAD(NVL(C_ENR.SYS_GEST_SRC,' '),20,' ')
8;101;2913;3;P1_23_7;P1 23.7;ALPHA;Zone libre d'appariement comptable;;MEDIA;ok;171 / 231;RPAD(NVL(C_ENR.CLA_COMP_ACT_IFRS9,' '),3,' ')
8;102;2916;3;P1_23_7;P1 23.7;ALPHA;Zone libre d'appariement comptable;;MEDIA;ok;100 / 200;RPAD(NVL(C_ENR.CLA_COMP_ACT_NATIONALE,' '),3,' ')
8;103;2919;1;P1_23_7;P1 23.7;ALPHA;Zone libre d'appariement comptable;;MEDIA;ok;_;RPAD(NVL(C_ENR.IND_ACT_DEP_ORI,' '),1,' ')
8;104;2920;40;P1_23_7;P1 23.7;ALPHA;Zone libre d'appariement comptable;;BAIXA;ok;022_00357_CRBA                           / 022_00370_CRBA                          ;RPAD(NVL(C_ENR.ZONE_APP_COMP,' '),40,' ')
8;;2960;10;P1_23_13;P1 23.13;ALPHA;Zone OMP locale 2;;FILLER;vazio;;RPAD (' ', 10)
8;105;2970;12;P1_23_8;P1 23.8;ALPHA;Code méthode IFRS9 - PD;;BAIXA;ok;   DEFAUTLGD /    LGCBI_GAR;RPAD (nvl(C_ENR.CD_METH_IFRS9_PD,' '), 12)
8;106;2982;12;P1_23_9;P1 23.9;ALPHA;Code méthode IFRS9 - Loss Given Default (LGD);;BAIXA;ok;   CCCALL006 / 0  CCCALL005;RPAD (nvl(C_ENR.CD_METH_IFRS9_LGD,' '), 12)
8;107;2994;12;P1_23_10;P1 23.10;ALPHA;Code méthode IFRS9 - CCF;;BAIXA;ok;0  RACBI0001 / 0  RACBM0001;RPAD (nvl(C_ENR.CD_METH_IFRS9_CCF,' '), 12)
8;108;3006;12;P1_23_11;P1 23.11;ALPHA;Code méthode IFRS9 - Taux de remboursement an;;BAIXA;ok;     N      ;RPAD (nvl(C_ENR.CD_METH_IFRS9_TX,' '), 12)
8;;3018;2;P1_24_6;P1 24.6;NUM;Quantité de titres ou de dérivés;;FILLER;vazio;;RPAD (' ', 2)
8;109;3020;1;P1_24_6;P1 24.6;NUM;Quantité de titres ou de dérivés;;MEDIA;vazio;;RPAD(NVL(C_ENR.ELIGIB_PRUDENT_VAL,' '),1,' ')
8;;3021;2;P1_24_6;P1 24.6;NUM;Quantité de titres ou de dérivés;;FILLER;vazio;;RPAD(' ', 2)
8;110;3023;1;P1_24_6;P1 24.6;NUM;Quantité de titres ou de dérivés;P1 24.3;BAIXA;vazio;;RPAD(NVL(C_ENR.HIERARCHIE_JUSTE_VALEUR,' '),1,' ')
8;;3024;175;P1_24_6;P1 24.6;NUM;Quantité de titres ou de dérivés;;FILLER;vazio;;RPAD(' ',175)
8;111;3199;1;P1_24_21;P1 24.21;ALPHA;Référence unique de l'opération associée en b;P1 24.20;BAIXA;vazio;;RPAD(NVL(C_ENR.IND_BCK_TO_BCK,' '),1,' ')
8;;3200;80;P1_24_21;P1 24.21;ALPHA;Référence unique de l'opération associée en b;;FILLER;vazio;;RPAD(' ',80)
8;112;3280;1;P1_24_26;P1 24.26;NUM;Jambe prêteuse : quantité de titres;P1 24.23;BAIXA;vazio;;RPAD(NVL(C_ENR.INTENTION_COUVERTURE,' '),1,' ')
8;113;3281;1;P1_24_26;P1 24.26;NUM;Jambe prêteuse : quantité de titres;P1 24.24;BAIXA;vazio;;RPAD(NVL(C_ENR.TYPE_REL_COUVERTURE,' '),1,' ')
8;;3282;388;P1_24_26;P1 24.26;NUM;Jambe prêteuse : quantité de titres;;FILLER;incoerente;                                                                                                                                                                                                                                                                                                                                                                                           1N        /                                                                                                                                                                                                                                                                                                                                                                                            3Y1  404 ;RPAD(' ', 388)
8;114;3670;1;P1_26_99;P1 26.99;ALPHA;Zone réservée Asset Encumbrance;;MEDIA;vazio;;RPAD(NVL(C_ENR.IND_MOBIL_ACTIF,' '),1,' ')
8;115;3671;1;P1_26_99;P1 26.99;ALPHA;Zone réservée Asset Encumbrance;;MEDIA;vazio;;RPAD(NVL(C_ENR.ELIG_MOB_BANQUE_CENTRALE, ' '), 1)
8;116;3672;3;P1_26_99;P1 26.99;ALPHA;Zone réservée Asset Encumbrance;;MEDIA;vazio;;RPAD(NVL(C_ENR.REF_MOB_ACTIF, ' '), 3)
8;117;3675;3;P1_26_99;P1 26.99;ALPHA;Zone réservée Asset Encumbrance;;MEDIA;vazio;;RPAD(NVL(C_ENR.CD_ORGA_MOBIL, ' '), 3)
8;;3678;44;P1_26_99;P1 26.99;ALPHA;Zone réservée Asset Encumbrance;;FILLER;vazio;;RPAD (' ', 44)
8;;3722;19;P1_27_1;P1 27.1;NUM;Montant cumulé des recouvrements depuis le dé;;FILLER;ok;             102    /              2     ;RPAD (' ', 19)
8;;3741;3;P1_27_99;P1 27.99;ALPHA;Filler;;FILLER;vazio;;RPAD (' ', 3)
8;118;3744;1;P1_27_99;P1 27.99;ALPHA;Filler;;MEDIA;vazio;;RPAD(NVL(C_ENR.IND_ELIGI_OUTI_CTRAL_ANACRD, '2'), 1)
8;119;3745;2;P1_27_99;P1 27.99;ALPHA;Filler;;MEDIA;vazio;;RPAD(NVL(C_ENR.MOTIF_EXCLU_ANACREDIT, ' '), 2)
8;;3747;23;P1_27_99;P1 27.99;ALPHA;Filler;;FILLER;ok;              0         /               0 +000000;RPAD (' ', 23)
8;;3770;24;P1_29_1;P1 29.1;NUM;Montant de l'indemnité de résiliation;;FILLER;incoerente;000000000000EUR         ;RPAD (' ', 24)
8;120;3794;2;P1_30_4;P1 30.4;NUM;Montant du nominal des titres de la jambe prê;;MEDIA;vazio;;RPAD(NVL(C_ENR.TYPE_CTT_CADDRE,' '), 2, ' ')
8;121;3796;1;P1_30_4;P1 30.4;NUM;Montant du nominal des titres de la jambe prê;;MEDIA;vazio;;RPAD(NVL(C_ENR.IND_PROTOCOLE_ISDA_ENTITE,' '), 1, ' ')
8;122;3797;1;P1_30_4;P1 30.4;NUM;Montant du nominal des titres de la jambe prê;;MEDIA;vazio;;RPAD(NVL(C_ENR.IND_PROTOCOLE_ISDA_CPTY,' '), 1, ' ')
8;;3798;88;P1_30_4;P1 30.4;NUM;Montant du nominal des titres de la jambe prê;;FILLER;vazio;;RPAD(' ', 88)
8;123;3886;19;P1_30_12;P1 30.12;NUM;Montant des coupons courus non échus de la ja;;BAIXA;vazio;;pack_utilitaire.f_format_montant_bis2(nvl(C_ENR.MNT_CCNE_JB_VENDUE,0))
8;124;3905;3;P1_30_14;P1 30.14;NUM;Montant des coupons courus non échus de la ja;;MEDIA;vazio;;RPAD(NVL(C_ENR.CD_DEV_MNT_CCNE_JB_VENDUE,' '), 3, ' ')
8;125;3908;19;P1_30_14;P1 30.14;NUM;Montant des coupons courus non échus de la ja;;BAIXA;vazio;;pack_utilitaire.f_format_montant_bis2(nvl(C_ENR.MNT_CCNE_JB_ACHETEE,0)
8;126;3927;3;P1_30_17;P1 30.17;NUM;Taux de marge additive reçue;;MEDIA;vazio;;RPAD(NVL(C_ENR.CD_DEV_MNT_CCNE_JB_ACHETEE,' '), 3, ' ')
8;127;3930;1;P1_30_17;P1 30.17;NUM;Taux de marge additive reçue;;MEDIA;vazio;;RPAD(NVL(C_ENR.PRD_PAY_TX_RECU,' '), 1, ' ')
8;128;3931;10;P1_30_17;P1 30.17;NUM;Taux de marge additive reçue;;BAIXA;vazio;;CASE WHEN C_ENR.TYPE_TAUX_RECU IN ('V','R') THEN pack_utilitaire.f_for
8;129;3941;7;P1_30_20;P1 30.20;NUM;Taux de marge additive payée;;MEDIA;vazio;;RPAD(NVL(C_ENR.CD_BASE_CALCUL_INT_RECU,' '), 7, ' ')
8;130;3948;1;P1_30_20;P1 30.20;NUM;Taux de marge additive payée;;MEDIA;vazio;;RPAD(NVL(C_ENR.PRD_PAY_TX_PAYE,' '), 1, ' ')
8;131;3949;10;P1_30_20;P1 30.20;NUM;Taux de marge additive payée;;BAIXA;vazio;;CASE WHEN C_ENR.TYPE_TAUX_PAYE IN ('V','R') THEN pack_utilitaire.f_for
8;132;3959;7;P1_30_22;P1 30.22;ALPHA;Référence du contrat cadre;;MEDIA;vazio;;RPAD(NVL(C_ENR.CD_BASE_CALCUL_INT_PAYE,' '), 7, ' ')
8;;3966;25;P1_30_22;P1 30.22;ALPHA;Référence du contrat cadre;P1 30.22;FILLER;ok;               N         ;RPAD (' ', 25)
8;133;3991;1;P1_30_24;P1 30.24;ALPHA;Référence du contrat de netting contractuel;P1 30.23;BAIXA;vazio;;'N'
8;;3992;17;P1_30_24;P1 30.24;ALPHA;Référence du contrat de netting contractuel;;FILLER;ok;                N;RPAD (' ', 17)
8;;4009;7;P1_30_26;P1 30.26;ALPHA;Référence du contrat de netting comptable;;FILLER;vazio;;RPAD (' ', 7)
8;134;4016;1;P1_30_26;P1 30.26;ALPHA;Référence du contrat de netting comptable;;MEDIA;vazio;;'N'
8;;4017;25;P1_30_26;P1 30.26;ALPHA;Référence du contrat de netting comptable;;FILLER;ok;                       20 /                        21;RPAD (' ', 25)
8;135;4042;1;P1_31_2;P1 31.2;ALPHA;Référence unique du contrat à l'origine;;MEDIA;ok;0 / 1;RPAD(NVL(C_ENR.FINALITE_OPERATION,' '), 1, ' ')
8;;4043;5;P1_31_2;P1 31.2;ALPHA;Référence unique du contrat à l'origine;;FILLER;ok;00009 / 006BI;RPAD (' ', 5)
8;136;4048;40;P1_31_2;P1 31.2;ALPHA;Référence unique du contrat à l'origine;;BAIXA;ok;0                               200622VM / 0                               202878FN;RPAD(NVL(C_ENR.REF_UNIQ_CONT, ' '), 40)
8;137;4088;40;P1_31_3;P1 31.3;ALPHA;Référence unique de l'élément de contrat à l';;BAIXA;ok;0                               +0000000 / 0-0                             +0000000;RPAD(NVL(C_ENR.REF_UNIQ_ELEM_CONT, ' '), 40)
8;138;4128;19;P1_31_4;P1 31.4;NUM;Montant en euros de l'engagement à la date de;;BAIXA;incoerente;00000000000N2       / 00000040419N2      ;RPAD(pack_utilitaire.f_format_montant_bis2(C_ENR.MNT_ENG_DT_SIGN_CTRT)
8;139;4147;1;P1_31_8;P1 31.8;ALPHA;Droit d'un pays tiers : reconnaissance de la ;;MEDIA;vazio;;RPAD(NVL(C_ENR.IND_RESPO_SOLIDAIRE, ' '), 1)
8;140;4148;1;P1_31_9;P1 31.9;ALPHA;Lieu d'investissement du bien principal finan;;MEDIA;ok;1 / 2;RPAD (NVL(C_ENR.IND_ISF,'2'), 1)
8;;4149;6;P1_31_9;P1 31.9;ALPHA;Lieu d'investissement du bien principal finan;;FILLER;ok;1130   / 2100  ;RPAD (' ', 6)
8;;4155;1;P1_31_9;P1 31.9;ALPHA;Lieu d'investissement du bien principal finan;;FILLER;vazio;;RPAD (' ', 1)
8;141;4156;15;P1_31_9;P1 31.9;ALPHA;Lieu d'investissement du bien principal finan;;BAIXA;ok;       FR      ;RPAD(NVL(C_ENR.CD_COMMUNE_BIEN_FINAN, ' '),15,' ')
8;142;4171;2;P1_31_14;P1 31.14;NUM;Taux de réservation du programme immobilier;;MEDIA;vazio;;RPAD(NVL(C_ENR.CD_PAYS_BIEN_FINAN, ' '),2,' ')
8;;4173;40;P1_31_14;P1 31.14;NUM;Taux de réservation du programme immobilier;;FILLER;incoerente;                                +00014+0 /                                 +00022+0;RPAD(' ', 40)
8;143;4213;1;P1_31_18;P1 31.18;NUM;Durée totale du prêt à date;P1 31.17;BAIXA;ok;0;RPAD('+',1)
8;144;4214;5;P1_31_18;P1 31.18;NUM;Durée totale du prêt à date;P1 31.17;BAIXA;ok;014   / 022  ;RPAD('00000',5)
8;145;4219;1;P1_31_19;P1 31.19;NUM;Durée de la période d'anticipation à date d'a;P1 31.18;BAIXA;vazio;;RPAD('+',1)
8;146;4220;5;P1_31_19;P1 31.19;NUM;Durée de la période d'anticipation à date d'a;P1 31.18;BAIXA;ok;    0;RPAD('00000',5)
8;;4225;6;P1_31_21;P1 31.21;ALPHA;Type de sécurisation à l'octroi;;FILLER;ok;101    / 202   ;RPAD(' ', 6)
8;;4231;1;P1_31_23;P1 31.23;NUM;Montant des fonds remis à date;;FILLER;vazio;;RPAD(' ', 1)
8;;4232;2;P1_31_23;P1 31.23;NUM;Montant des fonds remis à date;;FILLER;vazio;;RPAD(' ', 2)
8;147;4234;2;P1_31_23;P1 31.23;NUM;Montant des fonds remis à date;P1 31.22;BAIXA;vazio;;CASE WHEN C_ENR.CD_TYPE_RISQUE = 'TRE502' THEN '01' WHEN C_ENR.CD_TYPE
8;;4236;97;P1_31_23;P1 31.23;NUM;Montant des fonds remis à date;;FILLER;ok;                                                                                           +00000;RPAD(' ', 97)
8;148;4333;1;P1_29_3;P1 29.3;NUM;Montant des subventions;;MEDIA;ok;0;RPAD(NVL(C_ENR.IND_GAR_SANS_LIMITE,' '),1)
8;;4334;1;P1_29_3;P1 29.3;NUM;Montant des subventions;;FILLER;ok;0;RPAD(' ',1)
8;149;4335;19;P1_29_3;P1 29.3;NUM;Montant des subventions;;BAIXA;incoerente;00000000000EUR      / 00000220171EUR     ;RPAD(pack_utilitaire.f_format_montant_bis2(C_ENR.MNT_SUBV_HT),19)
8;150;4354;3;P1_29_5;P1 29.5;NUM;Montant de l'avance preneur en crédit-bail;P1 29.4;BAIXA;vazio;;RPAD ('EUR', 3)
8;;4357;22;P1_29_5;P1 29.5;NUM;Montant de l'avance preneur en crédit-bail;;FILLER;vazio;;RPAD (' ', 22)
8;;4379;22;P1_21_20;P1 21.20;NUM;Montant des passages en pertes cumulées;;FILLER;vazio;;RPAD(' ',22)
8;;4401;28;P1_31_32;P1 31.32;DATE;Date d'émission du titre;;FILLER;vazio;;RPAD(' ',28)
8;;4429;169;P1_16_25;P1 16.25;ALPHA;Echelon qualité de crédit de la tranche à dat;;FILLER;vazio;;RPAD(' ',169)
8;;4598;117;P1_28_6;P1 28.6;ALPHA;Identifiant local du tiers sponsor financier;;FILLER;ok;                                                                                                             EURA5171 /                                                                                                              EURA5231;RPAD(' ',117)
8;151;4715;3;P1_50_2;P1 50.2;ALPHA;PCCO - Montant du principal 1;;MEDIA;ok;100 / 200;'EUR'
8;152;4718;12;P1_50_2;P1 50.2;ALPHA;PCCO - Montant du principal 1;;BAIXA;ok;    +0000000;RPAD(NVL(C_ENR.PCEC_MNT_RISQUE, ' '), 12)
8;153;4730;19;P1_50_3;P1 50.3;NUM;Montant du principal 1;;BAIXA;ok;00000000000         / 00000001500        ;RPAD(pack_utilitaire.f_format_montant_bis2(C_ENR.MNT_RISQUE),19)
8;;4749;12;P1_50_4;P1 50.4;ALPHA;PCCO - Montant du principal 2;;FILLER;vazio;;RPAD(' ',12)
8;;4761;19;P1_50_5;P1 50.5;NUM;Montant du principal 2;;FILLER;incoerente;           A5177100 /            A5237100;RPAD(' ',19)
8;154;4780;12;P1_50_8;P1 50.8;ALPHA;PCCO - Montant des Dettes et créances rattach;;BAIXA;ok;    +0000000 /     -0000000;RPAD(NVL(C_ENR.PCEC_ICNE, ' '), 12)
8;155;4792;19;P1_50_9;P1 50.9;NUM;Montant des Dettes et créances rattachées;;BAIXA;ok;00000000000         / 00000000010        ;RPAD(pack_utilitaire.f_format_montant_bis2(C_ENR.MNT_ICNE),19)
8;;4811;12;P1_50_14;P1 50.14;ALPHA;PCCO - Montant Marge initiale - Fonds de défa;;FILLER;vazio;;RPAD(' ',12)
8;;4823;19;P1_50_15;P1 50.15;NUM;Montant Marge initiale - Fonds de défaut;;FILLER;vazio;;RPAD(' ',19)
8;;4842;12;P1_50_16;P1 50.16;ALPHA;PCCO - Montant Marge variable;;FILLER;vazio;;RPAD(' ',12)
8;;4854;19;P1_50_17;P1 50.17;NUM;Montant Marge variable;;FILLER;vazio;;RPAD(' ',19)
8;;4873;12;P1_50_18;P1 50.18;ALPHA;PCCO - Montant Impacts JV;;FILLER;vazio;;RPAD(' ',12)
8;;4885;19;P1_50_19;P1 50.19;NUM;Montant Impacts JV;;FILLER;vazio;;RPAD(' ',19)
8;;4904;2;P1_21_23;P1 21.23;DATE;Date de début du moratoire;P1 21.22;FILLER;vazio;;RPAD(' ',2)
8;;4906;8;P1_21_29;P1 21.29;NUM;Durée du moratoire;P1 21.23;FILLER;vazio;;RPAD(' ',8)
8;;4914;6;P1_21_26;P1 21.26;ALPHA;Indicateur de moratoire législatif;P1 21.29;FILLER;vazio;;RPAD(' ',6)
8;;4920;2;P1_21_30;P1 21.30;NUM;Montant des échéances reportées;P1 21.25;FILLER;vazio;;RPAD(' ',2)
8;;4922;1;P1_21_30;P1 21.30;NUM;Montant des échéances reportées;P1 21.26;FILLER;vazio;;RPAD(' ',1)
8;;4923;1;P1_21_30;P1 21.30;NUM;Montant des échéances reportées;P1 21.27;FILLER;vazio;;RPAD(' ',1)
8;;4924;2;P1_21_30;P1 21.30;NUM;Montant des échéances reportées;P1 21.28;FILLER;vazio;;RPAD(' ',2)
8;;4926;19;P1_21_30;P1 21.30;NUM;Montant des échéances reportées;P1 21.30;FILLER;vazio;;RPAD(' ',19)
8;;4945;3;P1_21_32;P1 21.32;ALPHA;Méthode de convention des taux sans risque (R;P1 21.31;FILLER;vazio;;RPAD(' ',3)
8;;4948;15;P1_21_32;P1 21.32;ALPHA;Méthode de convention des taux sans risque (R;P1 21.32;FILLER;vazio;;RPAD(' ',15)
8;;4963;3;P1_15;P1 15;ALPHA;Numéro de compte local (PCI) de l'encours;P1 21.33;FILLER;vazio;;RPAD(' ',3)
8;;4966;12;P1_15;P1 15;ALPHA;Numéro de compte local (PCI) de l'encours;P1 15;FILLER;vazio;;RPAD(' ',12)
8;;4978;12;P1_16;P1 16;ALPHA;Numéro de compte PCCA de l'encours en norme I;P1 16;FILLER;vazio;;RPAD(' ',12)
8;;4990;12;P1_14;P1 14;ALPHA;Numéro de compte PCCA de l'encours en NF;P1 14;FILLER;vazio;;RPAD(' ',12)
8;;5002;12;P1_50_20;P1 50.20;ALPHA;PCCO - Montant du principal 3;P1 50.20;FILLER;vazio;;RPAD(' ',12)
8;;5014;19;P1_50_21;P1 50.21;NUM;Montant du principal 3;P1 50.21;FILLER;vazio;;RPAD(' ',19)
8;;5033;1;P1_21_36;P1 21.36;NUM;Montants liquidatifs estimés;P1 21.34;FILLER;vazio;;RPAD(' ',1)
8;;5034;1;P1_21_36;P1 21.36;NUM;Montants liquidatifs estimés;P1 21.35;FILLER;vazio;;RPAD(' ',1)
8;;5035;19;P1_21_36;P1 21.36;NUM;Montants liquidatifs estimés;P1 21.36;FILLER;vazio;;RPAD(' ',19)
8;;5054;3;P1_21_47;P1 21.47;NUM;Pondération Bâloise de l'engagement pour le c;P1 21.37;FILLER;vazio;;RPAD(' ',3)
8;;5057;10;P1_21_47;P1 21.47;NUM;Pondération Bâloise de l'engagement pour le c;P1 21.47;FILLER;vazio;;RPAD(' ',10)
8;;5067;7;P1_21_49;P1 21.49;NUM;Montant des ajustements de risques pondérés l;P1 21.48;FILLER;vazio;;RPAD(' ',7)
8;;5074;19;P1_21_49;P1 21.49;NUM;Montant des ajustements de risques pondérés l;P1 21.49;FILLER;vazio;;RPAD(' ',19)
8;;5093;3;P1_21_51;P1 21.51;NUM;Montant de RWA supplémentaire pour non-confor;P1 21.50;FILLER;vazio;;RPAD(' ',3)
8;;5096;19;P1_21_51;P1 21.51;NUM;Montant de RWA supplémentaire pour non-confor;P1 21.51;FILLER;vazio;;RPAD(' ',19)
8;;5115;3;P1_21_53;P1 21.53;NUM;Montant du gain RWA obtenu par le CAP sur la ;P1 21.52;FILLER;vazio;;RPAD(' ',3)
8;;5118;19;P1_21_53;P1 21.53;NUM;Montant du gain RWA obtenu par le CAP sur la ;P1 21.53;FILLER;incoerente;               N    /                N NN;RPAD(' ',19)
8;;5137;3;P1_21_40;P1 21.40;ALPHA;Réalisation des conditions de pondération pré;P1 21.54;FILLER;ok;1  ;RPAD(' ',3)
8;;5140;1;P1_21_43;P1 21.43;NUM;Ratio prudentiel d'Exposition/valeur (ETV);P1 21.44;FILLER;incoerente;+;RPAD(' ',1)
8;;5141;1;P1_21_43;P1 21.43;NUM;Ratio prudentiel d'Exposition/valeur (ETV);P1 21.45;FILLER;ok;0;RPAD(' ',1)
8;156;5142;1;P1_21_43;P1 21.43;NUM;Ratio prudentiel d'Exposition/valeur (ETV);P1 21.46;BAIXA;ok;0;RPAD(NVL(C_ENR.IND_CONF_CRIT_OPE,' '),1)
8;;5143;1;P1_21_43;P1 21.43;NUM;Ratio prudentiel d'Exposition/valeur (ETV);P1 21.38;FILLER;ok;0 / 3;RPAD(' ',1)
8;;5144;1;P1_21_43;P1 21.43;NUM;Ratio prudentiel d'Exposition/valeur (ETV);P1 21.39;FILLER;ok;0 / 1;RPAD(' ',1)
8;;5145;1;P1_21_43;P1 21.43;NUM;Ratio prudentiel d'Exposition/valeur (ETV);P1 21.40;FILLER;ok;0 / 2;RPAD(' ',1)
8;;5146;1;P1_21_43;P1 21.43;NUM;Ratio prudentiel d'Exposition/valeur (ETV);P1 21.41;FILLER;ok;0;RPAD(' ',1)
8;;5147;1;P1_21_43;P1 21.43;NUM;Ratio prudentiel d'Exposition/valeur (ETV);P1 21.42;FILLER;ok;0;RPAD(' ',1)
8;;5148;15;P1_21_43;P1 21.43;NUM;Ratio prudentiel d'Exposition/valeur (ETV);P1 21.43;FILLER;ok;0000000        ;RPAD(' ',15)
8;;5163;1;P1_21_60;P1 21.60;NUM;Taux historique de pondération de la particip;P1 21.56;FILLER;vazio;;RPAD(' ',1)
8;;5164;1;P1_21_60;P1 21.60;NUM;Taux historique de pondération de la particip;P1 21.57;FILLER;vazio;;RPAD(' ',1)
8;;5165;1;P1_21_60;P1 21.60;NUM;Taux historique de pondération de la particip;P1 21.58;FILLER;vazio;;RPAD(' ',1)
8;;5166;1;P1_21_60;P1 21.60;NUM;Taux historique de pondération de la particip;P1 21.59;FILLER;vazio;;RPAD(' ',1)
8;;5167;15;P1_21_60;P1 21.60;NUM;Taux historique de pondération de la particip;P1 21.60;FILLER;vazio;;RPAD(' ',15)
8;;5182;10;P1_21_61;P1 21.61;NUM;Perte en cas de défaut (LGD) de la part d'enc;P1 21.61;FILLER;vazio;;RPAD(' ',10)
8;;5192;10;P1_21_62;P1 21.62;NUM;Perte en cas de défaut (LGD) de la part d'enc;P1 21.62;FILLER;vazio;;RPAD(' ',10)
8;;5202;19;P1_21_63;P1 21.63;NUM;Montant d'encours pour la partie couverte par;P1 21.63;FILLER;vazio;;RPAD(' ',19)
8;;5221;3;P1_21_66;P1 21.66;ALPHA;Indicateur d'engagement hors bilan annulable ;P1 21.64;FILLER;ok;N  ;RPAD(' ',3)
8;;5224;5;P1_21_55;P1 21.55;ALPHA;NATure d'Opération de l'engagement pour le ca;P1 21.65;FILLER;ok;NA011 / NA021;RPAD(' ',5)
8;;5229;1;P1_21_55;P1 21.55;ALPHA;NATure d'Opération de l'engagement pour le ca;P1 21.66;FILLER;vazio;;RPAD(' ',1)
8;;5230;1;P1_21_55;P1 21.55;ALPHA;NATure d'Opération de l'engagement pour le ca;P1 21.67;FILLER;vazio;;RPAD(' ',1)
8;157;5231;1;P1_21_55;P1 21.55;ALPHA;NATure d'Opération de l'engagement pour le ca;P1 21.68;BAIXA;vazio;;RPAD(NVL(C_ENR.NIV_RISQUE_CRR3,' '),1)
8;158;5232;12;P1_21_55;P1 21.55;ALPHA;NATure d'Opération de l'engagement pour le ca;P1 21.55;ALTA;vazio;;RPAD(NVL(C_ENR.CD_NAT_OPE_ENG_CALC_FLOOR,' '),12)
8;159;5244;1;P1_21_89;P1 21.89;ALPHA;Identifiant local du client de l'intermédiair;P1 21.69;BAIXA;vazio;;RPAD('N',1)
8;;5245;20;P1_21_89;P1 21.89;ALPHA;Identifiant local du client de l'intermédiair;P1 21.89;FILLER;vazio;;RPAD(' ',20)
8;;5265;10;P1_21_90;P1 21.90;ALPHA;Identifiant central du client de l'intermédia;P1 21.90;FILLER;ok;  0        /   2ARGENTO;RPAD(' ',10)
8;160;5275;1;P1_21_71;P1 21.71;ALPHA;Lieu d'investissement du bien principal finan;P1 8.13;BAIXA;ok;A / N;RPAD(NVL(C_ENR.USAGE_BIEN_FINANCE,' '),1)
8;;5276;40;P1_21_71;P1 21.71;ALPHA;Lieu d'investissement du bien principal finan;P1 21.71;FILLER;ok;                                10 RUE A /                                 401, RUE;RPAD(' ',40)
8;;5316;40;P1_21_72;P1 21.72;ALPHA;Lieu d'investissement du bien principal finan;P1 21.72;FILLER;ok; DE LA LIBERATION               ZA LES L /  DES FRERES LUMIERES                    ;RPAD(' ',40)
8;;5356;40;P1_21_73;P1 21.73;ALPHA;Lieu d'investissement du bien principal finan;P1 21.73;FILLER;ok;                                10 RUE A /                                 235, RUE;RPAD(' ',40)
8;;5396;40;P1_21_74;P1 21.74;ALPHA;Lieu d'investissement du bien principal finan;P1 21.74;FILLER;ok; DE LA LIBERATION               401, RUE /  DES FRERES LUMIERES            235, RUE;RPAD(' ',40)
8;;5436;40;P1_21_75;P1 21.75;ALPHA;Lieu d'investissement du bien principal finan;P1 21.75;FILLER;ok; DE LA LIBERATION                        /  DES FRERES LUMIERES                    ;RPAD(' ',40)
8;;5476;40;P1_21_76;P1 21.76;ALPHA;Lieu d'investissement du bien principal finan;P1 21.76;FILLER;ok;                                +43.6279 /                                 +44.9701;RPAD(' ',40)
8;;5516;11;P1_21_77;P1 21.77;NUM;Lieu d'investissement du bien principal finan;P1 21.77;FILLER;incoerente;204+000.220 / 315+001.486;RPAD(' ',11)
8;;5527;12;P1_21_78;P1 21.78;NUM;Lieu d'investissement du bien principal finan;P1 21.78;FILLER;incoerente;           + / 0349       +;RPAD(' ',12)
8;;5539;1;P1_21_81;P1 21.81;NUM;DSCR (ratio de couverture des charges d'empru;P1 21.94;FILLER;ok;0 / 1;RPAD(' ',1)
8;;5540;2;P1_21_81;P1 21.81;NUM;DSCR (ratio de couverture des charges d'empru;P1 21.95;FILLER;ok;00 / 01;RPAD(' ',2)
8;;5542;1;P1_21_81;P1 21.81;NUM;DSCR (ratio de couverture des charges d'empru;P1 21.79;FILLER;ok;0 / 3;RPAD(' ',1)
8;161;5543;3;P1_21_81;P1 21.81;NUM;DSCR (ratio de couverture des charges d'empru;P1 21.80;BAIXA;ok;000 / 156;RPAD(NVL(C_ENR.CLASS_CPT_ELEMENT_COUV_DERIVE,' '),3)
8;;5546;10;P1_21_81;P1 21.81;NUM;DSCR (ratio de couverture des charges d'empru;P1 21.81;FILLER;incoerente;00+0000000 / 17+1000226;RPAD(' ',10)
8;;5556;10;P1_21_82;P1 21.82;NUM;DSCR (ratio de couverture des charges d'empru;P1 21.82;FILLER;ok;00         / 10        ;RPAD(' ',10)
8;;5566;15;P1_21_83;P1 21.83;NUM;Ratio de couverture des intérêts (ICR) revalo;P1 21.83;FILLER;vazio;;RPAD(' ',15)
8;;5581;15;P1_21_84;P1 21.84;NUM;Ratio prêts-coûts (LTC) à l'octroi;P1 21.84;FILLER;vazio;;RPAD(' ',15)
8;;5596;15;P1_21_85;P1 21.85;NUM;Taux de précommercialisation / prélocation à ;P1 21.85;FILLER;incoerente;         N      /          Y     ;RPAD(' ',15)
8;162;5611;1;P1_21_91;P1 21.91;NUM;Montant des variations cumulées de la juste v;P1 21.86;BAIXA;vazio;;RPAD(NVL(C_ENR.CD_TYPE_BIEN_COMM,' '),1)
8;163;5612;1;P1_21_91;P1 21.91;NUM;Montant des variations cumulées de la juste v;P1 21.87;BAIXA;vazio;;RPAD(NVL(C_ENR.CD_EMPLACE_BIEN_COMM,' '),1)
8;164;5613;1;P1_21_91;P1 21.91;NUM;Montant des variations cumulées de la juste v;P1 21.88;BAIXA;vazio;;RPAD(NVL(C_ENR.IND_OPE_AVEC_RECOURS,' '),1)
8;;5614;19;P1_21_91;P1 21.91;NUM;Montant des variations cumulées de la juste v;P1 21.91;FILLER;vazio;;RPAD(' ',19)
8;;5633;3;P1_31_51;P1 31.51;ALPHA;Identifiant du contrat maître en responsabili;P1 21.92;FILLER;vazio;;RPAD(' ',3)
8;;5636;5;P1_31_51;P1 31.51;ALPHA;Identifiant du contrat maître en responsabili;P1 21.93;FILLER;vazio;;RPAD(' ',5)
8;;5641;20;P1_31_51;P1 31.51;ALPHA;Identifiant du contrat maître en responsabili;P1 31.51;FILLER;vazio;;RPAD(' ',20)
8;;5661;19;P1_31_52;P1 31.52;NUM;Montant en responsabilité solidaire;P1 31.52;FILLER;vazio;;RPAD(' ',19)
8;;5680;3;;;;;P1 31.53;FILLER;vazio;;RPAD(' ',3)
8;165;5683;24;;;;;;BAIXA;vazio;;lPAD(' ', 24)
